ags,year,rate,count
10041,2025,32.2,2674
10042,2025,40.63,1004
10043,2025,29.13,904
10044,2025,36.17,1752
10045,2025,37.57,1274
10046,2025,40.47,796
11000,2025,49.13,49180
12051,2025,57.17,872
12052,2025,56.9,1154
12053,2025,58.27,624
12054,2025,58.07,2589
12060,2025,56.8,2376
12061,2025,53.63,2285
12062,2025,58.1,1057
12063,2025,54.03,2052
12064,2025,56.5,2224
12065,2025,54.13,2487
12066,2025,57.33,1149
12067,2025,56.5,1996
12068,2025,57.73,1103
12069,2025,57.6,2538
12070,2025,55.97,815
12071,2025,59.97,1184
12072,2025,50.4,2060
12073,2025,54.83,1202
13003,2025,63.13,2734
13004,2025,56.33,1171
13071,2025,58.2,2740
13072,2025,56.03,2549
13073,2025,56.8,2236
13074,2025,58.73,1875
13075,2025,58.43,2493
13076,2025,54.67,2413
14511,2025,45.33,2509
14521,2025,46.37,2853
14522,2025,52.43,3093
14523,2025,47.47,1904
14524,2025,49.67,3045
14612,2025,54.1,7014
14625,2025,55.07,3241
14626,2025,53.3,2463
14627,2025,53.07,2383
14628,2025,51.93,2409
14713,2025,52.07,7911
14729,2025,55.5,2863
14730,2025,54.97,2223
15001,2025,53.97,830
15002,2025,53.77,2917
15003,2025,55.57,3072
15081,2025,56.8,948
15082,2025,56.37,1657
15083,2025,59.87,2037
15084,2025,56.1,1857
15085,2025,56.9,2105
15086,2025,57.93,966
15087,2025,57.27,1295
15088,2025,57.33,2174
15089,2025,60.67,2047
15090,2025,54.5,1163
15091,2025,59.23,1355
16051,2025,52.07,2405
16052,2025,47.93,936
16053,2025,57.17,1297
16054,2025,50.47,303
16055,2025,53.53,747
16061,2025,53.93,1255
16062,2025,52.27,804
16063,2025,48.83,1569
16064,2025,54.27,1100
16065,2025,55.47,783
16066,2025,54.23,1205
16067,2025,50.8,1349
16068,2025,57,783
16069,2025,52.67,589
16070,2025,55.43,1069
16071,2025,55.43,975
16072,2025,52.03,508
16073,2025,55,996
16074,2025,55.03,847
16075,2025,55.47,778
16076,2025,57.53,976
16077,2025,50.9,763
10041100,2025,39.3,1784
06636,2025,35.07,824
05114,2025,27,1630
09563,2025,30.7,1080
05111,2025,40.4,6511
09678,2025,41.43,1322
09776,2025,28.87,634
05566,2025,42.23,5489
09672,2025,37.8,1067
09779,2025,32.53,1320
06535,2025,32.43,851
05122,2025,32,1375
09462,2025,35.7,562
08121,2025,25.73,975
05970,2025,31.8,2328
09571,2025,38.1,2094
06633,2025,36.3,2076
05154,2025,32.9,2823
01056,2025,37.6,3114
09178,2025,29.07,1531
06434,2025,38.2,2181
05378,2025,35.03,2569
05316,2025,26.7,1168
09361,2025,29.63,294
06532,2025,28.83,1952
05954,2025,32.1,2631
07315,2025,34.27,2017
09186,2025,29.87,1195
09577,2025,35.9,962
08235,2025,25.63,1231
09675,2025,39.63,1075
07141,2025,35.1,1102
09773,2025,30.8,888
08421,2025,36.97,1296
09372,2025,27.4,927
05162,2025,36.07,4261
05911,2025,33.2,2975
03158,2025,38.3,1115
09189,2025,21.43,1065
05978,2025,32.13,3384
09375,2025,29.8,1663
08417,2025,28.4,1557
03155,2025,34.73,1042
07331,2025,33.47,1278
01060,2025,40.37,2952
06437,2025,29.27,694
09476,2025,41.27,592
03455,2025,34.13,803
03101,2025,40.03,2480
08316,2025,35.13,1758
07311,2025,22.3,294
09279,2025,24.03,687
08327,2025,24.07,1090
07318,2025,33.47,443
05117,2025,35.1,1631
09271,2025,24.1,782
07135,2025,31.93,481
09182,2025,26.57,699
08335,2025,33.47,2451
09174,2025,28.77,1284
09461,2025,35.33,756
06531,2025,35.1,2487
03255,2025,34.43,565
03353,2025,38.13,2646
07132,2025,26.53,975
05958,2025,34.03,2319
08125,2025,26.03,2814
09163,2025,23.03,429
07143,2025,30.27,1715
08136,2025,27.03,2487
03159,2025,38.17,2990
06414,2025,39.07,3139
09185,2025,24.17,729
09477,2025,40.83,667
03458,2025,35.23,1281
07334,2025,30.27,1123
09373,2025,29.63,1240
06435,2025,29.4,3513
03151,2025,32.93,1732
09764,2025,18.37,261
07335,2025,28.8,1003
05915,2025,32.73,1633
03354,2025,34.9,362
01004,2025,33.43,689
07314,2025,20.8,1143
09162,2025,42.27,18453
05515,2025,43.17,3257
08315,2025,35.03,2612
08126,2025,25.03,837
08336,2025,29.1,1791
03256,2025,33.73,1040
05974,2025,34.4,2725
09679,2025,46.63,2096
05358,2025,33.07,2637
05170,2025,30.5,3597
09575,2025,40.43,1151
07133,2025,31.3,1342
09562,2025,37.93,1180
03403,2025,40.67,1790
05558,2025,41,2662
05562,2025,29.03,4934
01059,2025,44.67,2367
08222,2025,31,2564
09573,2025,36.4,1138
01058,2025,43,2878
08231,2025,24.43,1010
05315,2025,38.33,10446
09574,2025,39.73,1690
03457,2025,30.03,1440
09173,2025,24.43,915
09671,2025,37.07,1732
06635,2025,33.63,1344
05962,2025,27.83,3016
09278,2025,29.47,908
08211,2025,35.9,454
05158,2025,33.13,4186
03404,2025,37.5,1515
01051,2025,30.5,987
03454,2025,40.07,3992
09371,2025,30.07,930
05334002,2025,38.37,2140
07233,2025,41.75,443
08425,2025,25.2,1547
09262,2025,31,388
06433,2025,23.97,1919
07338,2025,33.63,1474
05374,2025,24.53,1929
03257,2025,33.73,1348
08436,2025,26.13,2192
05570,2025,35.53,2774
05966,2025,30.97,1159
03462,2025,30.83,396
01055,2025,42.47,1784
03459,2025,37.73,3781
09263,2025,22.83,278
03451,2025,39.43,1380
09190,2025,24.73,980
03453,2025,32.1,1891
05382,2025,32.53,5254
06431,2025,30.23,2158
05113,2025,33.27,5360
07312,2025,31.43,810
03241001,2025,38,5198
03461,2025,34.23,792
09183,2025,25.73,973
09761,2025,26.9,2181
08326,2025,28.2,1734
09772,2025,28.73,2187
09565,2025,28.37,305
01001,2025,41.77,985
09676,2025,36.17,1236
07211,2025,36.43,908
05366,2025,31.83,1675
03361,2025,33.83,1349
03154,2025,38.97,878
06411,2025,38.93,1654
08416,2025,36.5,2320
09762,2025,21.57,301
09177,2025,26.5,1082
08226,2025,35.97,5183
09275,2025,27.43,1410
09479,2025,41.4,698
03241,2025,36.3,10911
08128,2025,31.07,1089
08237,2025,24.1,816
07140,2025,29.47,862
09181,2025,26.77,916
06632,2025,35.8,1076
09272,2025,25.83,506
06439,2025,37.1,1665
09377,2025,37.23,699
05119,2025,29.13,1636
06631,2025,33.53,2049
05512,2025,27.57,873
06412,2025,44.6,9706
05914,2025,20.97,1212
08215,2025,34.37,4156
08117,2025,25,1816
05554,2025,37.67,4300
09663,2025,45.13,1341
08435,2025,30.2,1809
07339,2025,39.83,2196
06438,2025,29.67,2924
03351,2025,34.77,1631
08216,2025,33.53,2092
09376,2025,29.13,1215
09176,2025,30.5,1245
09674,2025,40.53,929
09473,2025,44.8,967
07232,2025,29.3,793
07337,2025,33,908
08437,2025,28.7,1066
09171,2025,24.23,808
08111,2025,43.2,6823
04012,2025,23.13,823
07320,2025,32.37,286
03357,2025,32.57,1459
09780,2025,23.53,1049
03252,2025,32.77,1241
09261,2025,28.03,557
05166,2025,33.63,2507
05711,2025,31.8,2939
07319,2025,25.23,609
09362,2025,33.93,1351
03356,2025,35.83,1054
05754,2025,30.67,3279
05112,2025,19.2,2853
05116,2025,27.33,2021
06432,2025,31,2448
09677,2025,42.2,1342
09673,2025,43.9,934
09775,2025,28.03,1566
05762,2025,30.87,1104
08118,2025,29.63,4759
08325,2025,26.2,1139
07340,2025,39.63,886
09774,2025,27.17,1032
09363,2025,24.57,259
08426,2025,27,1709
03452,2025,30.57,1412
09463,2025,46.83,457
08236,2025,26.8,1586
09771,2025,26.67,1047
08337,2025,28.8,1176
07137,2025,34.13,1999
09478,2025,41.27,690
06413,2025,29.7,1252
03456,2025,38.7,1607
01003,2025,40.23,2020
07134,2025,23.73,532
03102,2025,18.97,593
07317,2025,40.1,285
08212,2025,43.2,3031
09188,2025,36.77,1194
01053,2025,39.7,2093
03402,2025,30.57,363
09180,2025,26.77,610
09161,2025,29.7,1280
08115,2025,29.63,3498
05513,2025,19.1,1651
05370,2025,30.03,2195
09777,2025,21.7,952
09175,2025,32.8,1406
09475,2025,41.17,892
06533,2025,32.57,1485
03359,2025,32.93,1959
03254,2025,36.27,2520
05334,2025,35.1,4961
06534,2025,36.3,2194
03460,2025,41.27,1851
09778,2025,22.83,1066
05758,2025,33.13,2178
08116,2025,28.87,4283
08317,2025,34.8,4351
07131,2025,34,1162
09187,2025,23.53,1716
07231,2025,29.33,835
07316,2025,27.63,391
05913,2025,33.13,5596
07332,2025,34.83,1210
09763,2025,27.3,505
07138,2025,28.63,1583
03360,2025,32.53,764
09464,2025,34.03,406
03352,2025,35.47,1798
05766,2025,28.8,2849
09179,2025,31.1,1902
08221,2025,51.53,1893
08119,2025,26.97,3322
08311,2025,48.83,3111
09277,2025,26.13,880
09561,2025,27.6,348
03405,2025,23.57,416
01062,2025,40.83,2472
09564,2025,32.6,4523
03355,2025,39.9,1869
06634,2025,37.3,1669
01002,2025,38.83,2382
05314,2025,38.73,3272
09274,2025,26.73,1286
09576,2025,34.7,1209
05916,2025,27.43,1265
04011,2025,32.13,5123
09374,2025,32.8,959
09184,2025,43.47,4055
09172,2025,17.77,501
01054,2025,39.63,1605
03103,2025,33.47,1155
03358,2025,30.37,1126
09471,2025,41.83,1700
01057,2025,38.03,1144
07313,2025,36.63,460
09474,2025,41.4,1315
07111,2025,25.97,726
01061,2025,39.27,1309
07235,2025,36.33,1364
07336,2025,25.83,512
07333,2025,32.8,630
02000,2025,48.47,26007
03251,2025,34.33,2055
03153,2025,38.7,1085
09661,2025,33.4,633
05770,2025,28.7,2502
09472,2025,40.17,1101
09276,2025,24.3,502
05774,2025,35.4,3123
05124,2025,24.63,2417
08127,2025,22.67,1369
05362,2025,33.43,4433
06440,2025,34.47,2849
09662,2025,28.9,425
08415,2025,31.27,2606
05120,2025,26.33,803
03401,2025,22.37,510
09273,2025,24.57,883
03157,2025,31.67,1245
06611,2025,32.17,1745
08225,2025,27.67,1063
09572,2025,46.4,1738
06436,2025,34.67,2180
08135,2025,23.83,881
