state,year,pct
Baden-Württemberg,2001,74
Baden-Württemberg,2002,73.3
Baden-Württemberg,2003,72.6
Baden-Württemberg,2004,72.1
Baden-Württemberg,2005,71.6
Baden-Württemberg,2006,71.1
Baden-Württemberg,2007,70.5
Baden-Württemberg,2008,69.9
Baden-Württemberg,2009,69.2
Baden-Württemberg,2010,68.5
Baden-Württemberg,2011,69.5
Baden-Württemberg,2012,68.6
Baden-Württemberg,2013,67.6
Baden-Württemberg,2014,66.3
Baden-Württemberg,2015,64.6
Baden-Württemberg,2016,63.5
Baden-Württemberg,2017,62.3
Baden-Württemberg,2018,61.2
Baden-Württemberg,2019,60
Baden-Württemberg,2020,58.7
Baden-Württemberg,2021,57.2
Baden-Württemberg,2022,54.7
Bayern,2001,82.3
Bayern,2002,81.4
Bayern,2003,80.4
Bayern,2004,79.7
Bayern,2005,79.4
Bayern,2006,78.5
Bayern,2007,77.3
Bayern,2008,76.4
Bayern,2009,75.7
Bayern,2010,74.8
Bayern,2011,74.8
Bayern,2012,73.9
Bayern,2013,72.8
Bayern,2014,71.5
Bayern,2015,70.2
Bayern,2016,69.3
Bayern,2017,67.9
Bayern,2018,66.6
Bayern,2019,65.4
Bayern,2020,64.1
Bayern,2021,62.5
Bayern,2022,59.6
Berlin,2001,32.3
Berlin,2002,31.9
Berlin,2003,31.5
Berlin,2004,31.2
Berlin,2005,31
Berlin,2006,29.7
Berlin,2007,29.2
Berlin,2008,28.8
Berlin,2009,28.5
Berlin,2010,27.9
Berlin,2011,29
Berlin,2012,28.4
Berlin,2013,27.9
Berlin,2014,27.2
Berlin,2015,26.4
Berlin,2016,25.6
Berlin,2017,25.1
Berlin,2018,24.2
Berlin,2019,23.3
Berlin,2020,22.7
Berlin,2021,21.7
Berlin,2022,20.5
Brandenburg,2001,23.6
Brandenburg,2002,23.5
Brandenburg,2003,22.7
Brandenburg,2004,22.3
Brandenburg,2005,22.2
Brandenburg,2006,21.2
Brandenburg,2007,20.9
Brandenburg,2008,20.8
Brandenburg,2009,20.4
Brandenburg,2010,20.2
Brandenburg,2011,20.3
Brandenburg,2012,20.1
Brandenburg,2013,19.8
Brandenburg,2014,19.4
Brandenburg,2015,19
Brandenburg,2016,18.7
Brandenburg,2017,18.3
Brandenburg,2018,18.2
Brandenburg,2019,17.9
Brandenburg,2020,17.5
Brandenburg,2021,17.2
Brandenburg,2022,16.6
Bremen,2001,58.2
Bremen,2002,57.5
Bremen,2003,56.5
Bremen,2004,56.4
Bremen,2005,56.1
Bremen,2006,55.9
Bremen,2007,55.2
Bremen,2008,54.3
Bremen,2009,53.6
Bremen,2010,52.7
Bremen,2011,52.7
Bremen,2012,51.2
Bremen,2013,50.5
Bremen,2014,49.3
Bremen,2015,47.5
Bremen,2016,45.6
Bremen,2017,44.7
Bremen,2018,42.8
Bremen,2019,41.4
Bremen,2020,40.3
Bremen,2021,39.1
Bremen,2022,37.2
Hamburg,2001,44.4
Hamburg,2002,43.7
Hamburg,2003,43
Hamburg,2004,42.3
Hamburg,2005,41.9
Hamburg,2006,41.5
Hamburg,2007,41
Hamburg,2008,40.7
Hamburg,2009,40
Hamburg,2010,39.3
Hamburg,2011,40.7
Hamburg,2012,40.5
Hamburg,2013,39.7
Hamburg,2014,38.8
Hamburg,2015,37.7
Hamburg,2016,36.9
Hamburg,2017,36.1
Hamburg,2018,34.8
Hamburg,2019,34
Hamburg,2020,33.1
Hamburg,2021,32
Hamburg,2022,30
Hessen,2001,68.9
Hessen,2002,68.2
Hessen,2003,67.5
Hessen,2004,67
Hessen,2005,66.9
Hessen,2006,66.2
Hessen,2007,65.6
Hessen,2008,64.8
Hessen,2009,64.2
Hessen,2010,63.5
Hessen,2011,63.7
Hessen,2012,62.9
Hessen,2013,61.9
Hessen,2014,60.5
Hessen,2015,59
Hessen,2016,57.9
Hessen,2017,56.8
Hessen,2018,55.6
Hessen,2019,54.1
Hessen,2020,52.7
Hessen,2021,51.2
Hessen,2022,48.8
Mecklenburg-Vorpommern,2001,23.7
Mecklenburg-Vorpommern,2002,22.9
Mecklenburg-Vorpommern,2003,22.4
Mecklenburg-Vorpommern,2004,21.8
Mecklenburg-Vorpommern,2005,21.5
Mecklenburg-Vorpommern,2006,21.4
Mecklenburg-Vorpommern,2007,21.2
Mecklenburg-Vorpommern,2008,21
Mecklenburg-Vorpommern,2009,20.8
Mecklenburg-Vorpommern,2010,20.5
Mecklenburg-Vorpommern,2011,20.6
Mecklenburg-Vorpommern,2012,20.4
Mecklenburg-Vorpommern,2013,20.2
Mecklenburg-Vorpommern,2014,19.7
Mecklenburg-Vorpommern,2015,19.2
Mecklenburg-Vorpommern,2016,18.9
Mecklenburg-Vorpommern,2017,18.5
Mecklenburg-Vorpommern,2018,18.2
Mecklenburg-Vorpommern,2019,17.8
Mecklenburg-Vorpommern,2020,17.6
Mecklenburg-Vorpommern,2021,17.1
Mecklenburg-Vorpommern,2022,16.3
Niedersachsen,2001,72
Niedersachsen,2002,71.2
Niedersachsen,2003,70.3
Niedersachsen,2004,69.8
Niedersachsen,2005,69.5
Niedersachsen,2006,68.9
Niedersachsen,2007,68.5
Niedersachsen,2008,67.8
Niedersachsen,2009,67.2
Niedersachsen,2010,66.5
Niedersachsen,2011,67
Niedersachsen,2012,66.4
Niedersachsen,2013,65.6
Niedersachsen,2014,64.4
Niedersachsen,2015,62.9
Niedersachsen,2016,62
Niedersachsen,2017,60.9
Niedersachsen,2018,59.8
Niedersachsen,2019,58.6
Niedersachsen,2020,57.4
Niedersachsen,2021,55.9
Niedersachsen,2022,53.7
Nordrhein-Westfalen,2001,73.7
Nordrhein-Westfalen,2002,73
Nordrhein-Westfalen,2003,72.1
Nordrhein-Westfalen,2004,71.6
Nordrhein-Westfalen,2005,71.2
Nordrhein-Westfalen,2006,70.7
Nordrhein-Westfalen,2007,70.2
Nordrhein-Westfalen,2008,69.8
Nordrhein-Westfalen,2009,69.1
Nordrhein-Westfalen,2010,68.4
Nordrhein-Westfalen,2011,69
Nordrhein-Westfalen,2012,68.3
Nordrhein-Westfalen,2013,67.5
Nordrhein-Westfalen,2014,66.3
Nordrhein-Westfalen,2015,64.6
Nordrhein-Westfalen,2016,63.7
Nordrhein-Westfalen,2017,62.7
Nordrhein-Westfalen,2018,61.6
Nordrhein-Westfalen,2019,60.4
Nordrhein-Westfalen,2020,59.3
Nordrhein-Westfalen,2021,57.8
Nordrhein-Westfalen,2022,55.4
Rheinland-Pfalz,2001,80.5
Rheinland-Pfalz,2002,79.7
Rheinland-Pfalz,2003,79
Rheinland-Pfalz,2004,78.8
Rheinland-Pfalz,2005,77.7
Rheinland-Pfalz,2006,78.1
Rheinland-Pfalz,2007,77.4
Rheinland-Pfalz,2008,76.9
Rheinland-Pfalz,2009,76.2
Rheinland-Pfalz,2010,75.6
Rheinland-Pfalz,2011,75.1
Rheinland-Pfalz,2012,74.5
Rheinland-Pfalz,2013,73.6
Rheinland-Pfalz,2014,72.3
Rheinland-Pfalz,2015,70.8
Rheinland-Pfalz,2016,69.7
Rheinland-Pfalz,2017,68.6
Rheinland-Pfalz,2018,67.1
Rheinland-Pfalz,2019,65.8
Rheinland-Pfalz,2020,64.6
Rheinland-Pfalz,2021,62.8
Rheinland-Pfalz,2022,60.1
Schleswig-Holstein,2001,64.7
Schleswig-Holstein,2002,64.1
Schleswig-Holstein,2003,63
Schleswig-Holstein,2004,62.3
Schleswig-Holstein,2005,61.7
Schleswig-Holstein,2006,61.2
Schleswig-Holstein,2007,60.4
Schleswig-Holstein,2008,59.8
Schleswig-Holstein,2009,59.1
Schleswig-Holstein,2010,58.2
Schleswig-Holstein,2011,58.1
Schleswig-Holstein,2012,57.5
Schleswig-Holstein,2013,56.5
Schleswig-Holstein,2014,55.2
Schleswig-Holstein,2015,53.7
Schleswig-Holstein,2016,52.4
Schleswig-Holstein,2017,51.4
Schleswig-Holstein,2018,50.7
Schleswig-Holstein,2019,49.3
Schleswig-Holstein,2020,48
Schleswig-Holstein,2021,46.7
Schleswig-Holstein,2022,44.7
Saarland,2001,87
Saarland,2002,86.3
Saarland,2003,85.4
Saarland,2004,85.3
Saarland,2005,84.8
Saarland,2006,84.6
Saarland,2007,84.6
Saarland,2008,83.6
Saarland,2009,82.8
Saarland,2010,82.1
Saarland,2011,82.7
Saarland,2012,82
Saarland,2013,81.1
Saarland,2014,79.9
Saarland,2015,78.2
Saarland,2016,76.7
Saarland,2017,75.4
Saarland,2018,74.3
Saarland,2019,72.8
Saarland,2020,71.4
Saarland,2021,69.7
Saarland,2022,66.6
Sachsen,2001,27.4
Sachsen,2002,26.9
Sachsen,2003,25.3
Sachsen,2004,25.2
Sachsen,2005,25
Sachsen,2006,24.8
Sachsen,2007,24.5
Sachsen,2008,24.3
Sachsen,2009,24.1
Sachsen,2010,23.8
Sachsen,2011,24.1
Sachsen,2012,23.9
Sachsen,2013,23.6
Sachsen,2014,23.1
Sachsen,2015,22.6
Sachsen,2016,22.3
Sachsen,2017,22
Sachsen,2018,21.7
Sachsen,2019,21.3
Sachsen,2020,20.9
Sachsen,2021,20.4
Sachsen,2022,19.7
Sachsen-Anhalt,2001,22
Sachsen-Anhalt,2002,21.9
Sachsen-Anhalt,2003,20.2
Sachsen-Anhalt,2004,19.7
Sachsen-Anhalt,2005,19.4
Sachsen-Anhalt,2006,19
Sachsen-Anhalt,2007,18.7
Sachsen-Anhalt,2008,18.3
Sachsen-Anhalt,2009,17.9
Sachsen-Anhalt,2010,17.6
Sachsen-Anhalt,2011,17.7
Sachsen-Anhalt,2012,17.4
Sachsen-Anhalt,2013,17.1
Sachsen-Anhalt,2014,16.7
Sachsen-Anhalt,2015,16.2
Sachsen-Anhalt,2016,16
Sachsen-Anhalt,2017,15.6
Sachsen-Anhalt,2018,15.3
Sachsen-Anhalt,2019,15
Sachsen-Anhalt,2020,14.7
Sachsen-Anhalt,2021,14.3
Sachsen-Anhalt,2022,13.7
Thüringen,2001,35.8
Thüringen,2002,35.1
Thüringen,2003,34.7
Thüringen,2004,34.3
Thüringen,2005,33.9
Thüringen,2006,33.4
Thüringen,2007,33
Thüringen,2008,32.3
Thüringen,2009,31.9
Thüringen,2010,31.6
Thüringen,2011,31.9
Thüringen,2012,31.6
Thüringen,2013,31.4
Thüringen,2014,30.7
Thüringen,2015,29.9
Thüringen,2016,29.6
Thüringen,2017,29.1
Thüringen,2018,28.4
Thüringen,2019,28
Thüringen,2020,27.6
Thüringen,2021,26.9
Thüringen,2022,25.9
