ags,year,hz
01001,2020,9294.2
01001,2021,9588.1
01001,2022,10620.9
01001,2023,10767.2
01001,2024,9013.7
01002,2020,8664.7
01002,2021,8340.2
01002,2022,9603.1
01002,2023,10684.8
01002,2024,11172.9
01003,2020,9671.6
01003,2021,9222.8
01003,2022,10153.2
01003,2023,10322.1
01003,2024,9671.9
01004,2020,11787.4
01004,2021,11094.4
01004,2022,15948.0
01004,2023,18117.8
01004,2024,15882.0
01051,2020,4953.0
01051,2021,4846.5
01051,2022,5347.5
01051,2023,5401.0
01051,2024,5335.0
01053,2020,5028.3
01053,2021,4910.8
01053,2022,4968.7
01053,2023,4894.2
01053,2024,4658.7
01054,2020,5088.2
01054,2021,10127.0
01054,2022,25535.9
01054,2023,5566.6
01054,2024,16229.5
01055,2020,5841.8
01055,2021,5455.4
01055,2022,6313.9
01055,2023,5890.8
01055,2024,6169.8
01056,2020,5484.9
01056,2021,5688.7
01056,2022,6194.3
01056,2023,6235.7
01056,2024,6723.1
01057,2020,4150.4
01057,2021,3880.9
01057,2022,3995.0
01057,2023,3991.1
01057,2024,3786.1
01058,2020,4363.4
01058,2021,4055.8
01058,2022,4295.2
01058,2023,4434.4
01058,2024,4122.9
01059,2020,4666.5
01059,2021,4307.0
01059,2022,4675.7
01059,2023,4781.6
01059,2024,4629.3
01060,2020,5040.1
01060,2021,4697.7
01060,2022,5083.5
01060,2023,5662.0
01060,2024,6347.5
01061,2020,5079.6
01061,2021,5168.1
01061,2022,5353.7
01061,2023,5762.8
01061,2024,5811.4
01062,2020,5081.2
01062,2021,4910.0
01062,2022,5294.5
01062,2023,5220.3
01062,2024,5277.8
02000,2020,10787.9
02000,2021,9828.5
02000,2022,11117.2
02000,2023,12074.0
02000,2024,11857.4
03101,2020,7598.9
03101,2021,6982.2
03101,2022,8048.7
03101,2023,8904.1
03101,2024,8398.7
03102,2020,6037.9
03102,2021,5659.2
03102,2022,6682.2
03102,2023,6728.0
03102,2024,6621.2
03103,2020,6903.5
03103,2021,6329.9
03103,2022,7140.8
03103,2023,7523.8
03103,2024,7993.2
03151,2020,3755.9
03151,2021,3426.1
03151,2022,4053.5
03151,2023,4405.4
03151,2024,4378.1
03153,2020,6235.9
03153,2021,5693.9
03153,2022,6431.2
03153,2023,6962.8
03153,2024,6621.1
03154,2020,6668.3
03154,2021,6463.2
03154,2022,6230.1
03154,2023,6754.6
03154,2024,6768.0
03155,2020,4828.2
03155,2021,4916.1
03155,2022,5141.0
03155,2023,5264.2
03155,2024,5421.6
03157,2020,5294.5
03157,2021,4871.0
03157,2022,5293.5
03157,2023,5573.3
03157,2024,5676.6
03158,2020,3499.4
03158,2021,3481.0
03158,2022,4142.6
03158,2023,4492.6
03158,2024,4544.5
03159,2020,6254.1
03159,2021,6403.2
03159,2022,6674.0
03159,2023,7467.3
03159,2024,7931.4
03241,2020,8974.8
03241,2021,8338.5
03241,2022,9362.5
03241,2023,9921.0
03241,2024,9708.6
03251,2020,4773.6
03251,2021,4813.1
03251,2022,5265.5
03251,2023,5223.1
03251,2024,5085.1
03252,2020,5304.0
03252,2021,4815.6
03252,2022,5514.1
03252,2023,5602.1
03252,2024,5327.0
03254,2020,5753.5
03254,2021,5405.8
03254,2022,6072.6
03254,2023,6249.2
03254,2024,6177.0
03255,2020,4750.3
03255,2021,4841.4
03255,2022,4945.5
03255,2023,4676.3
03255,2024,4958.5
03256,2020,5681.7
03256,2021,4980.1
03256,2022,5461.8
03256,2023,5910.8
03256,2024,5464.0
03257,2020,5483.5
03257,2021,4957.5
03257,2022,5557.0
03257,2023,5677.0
03257,2024,5871.3
03351,2020,6468.9
03351,2021,5740.7
03351,2022,6503.6
03351,2023,6396.4
03351,2024,7101.8
03352,2020,5020.8
03352,2021,4946.5
03352,2022,5327.1
03352,2023,5368.1
03352,2024,4668.7
03353,2020,5046.6
03353,2021,4919.2
03353,2022,5101.2
03353,2023,5067.8
03353,2024,5152.1
03354,2020,5335.5
03354,2021,4972.9
03354,2022,5869.4
03354,2023,5522.8
03354,2024,6393.3
03355,2020,6623.3
03355,2021,6467.3
03355,2022,6861.2
03355,2023,7540.8
03355,2024,7947.5
03356,2020,3893.7
03356,2021,3805.0
03356,2022,4505.7
03356,2023,4176.7
03356,2024,4043.6
03357,2020,5277.7
03357,2021,4936.0
03357,2022,5597.5
03357,2023,6211.7
03357,2024,5615.5
03358,2020,7499.7
03358,2021,7338.6
03358,2022,8088.9
03358,2023,7902.0
03358,2024,7491.5
03359,2020,5456.4
03359,2021,4689.4
03359,2022,5027.2
03359,2023,5354.1
03359,2024,4821.8
03360,2020,4896.7
03360,2021,5054.8
03360,2022,6232.9
03360,2023,6642.5
03360,2024,6672.0
03361,2020,5131.5
03361,2021,4742.2
03361,2022,5586.0
03361,2023,5379.2
03361,2024,5389.3
03401,2020,6555.0
03401,2021,6217.8
03401,2022,6711.6
03401,2023,7168.5
03401,2024,6001.5
03402,2020,7649.3
03402,2021,7134.0
03402,2022,7204.7
03402,2023,8447.6
03402,2024,8690.0
03403,2020,7084.9
03403,2021,6790.5
03403,2022,7608.5
03403,2023,8660.0
03403,2024,7885.7
03404,2020,9622.9
03404,2021,8797.8
03404,2022,10925.6
03404,2023,11039.3
03404,2024,10231.4
03405,2020,10181.5
03405,2021,10613.3
03405,2022,11054.7
03405,2023,12110.8
03405,2024,9663.2
03451,2020,3395.8
03451,2021,3279.9
03451,2022,3505.8
03451,2023,3938.3
03451,2024,3507.7
03452,2020,5224.7
03452,2021,4804.4
03452,2022,4953.7
03452,2023,5596.9
03452,2024,5238.7
03453,2020,3862.7
03453,2021,3743.2
03453,2022,4083.8
03453,2023,4004.5
03453,2024,3570.9
03454,2020,4997.0
03454,2021,4798.9
03454,2022,4965.0
03454,2023,5387.0
03454,2024,5387.4
03455,2020,5154.8
03455,2021,4159.8
03455,2022,4976.2
03455,2023,5043.0
03455,2024,4874.5
03456,2020,5114.4
03456,2021,4951.0
03456,2022,6040.9
03456,2023,5820.8
03456,2024,5347.0
03457,2020,5178.1
03457,2021,5030.2
03457,2022,5504.5
03457,2023,5867.0
03457,2024,5173.5
03458,2020,4438.8
03458,2021,4110.5
03458,2022,4385.6
03458,2023,4276.7
03458,2024,4508.8
03459,2020,4063.9
03459,2021,3979.2
03459,2022,4144.1
03459,2023,4334.8
03459,2024,4206.4
03460,2020,4442.1
03460,2021,3866.4
03460,2022,4361.7
03460,2023,4434.9
03460,2024,4499.3
03461,2020,5593.6
03461,2021,4650.7
03461,2022,5267.4
03461,2023,5323.3
03461,2024,5328.3
03462,2020,5036.4
03462,2021,4677.3
03462,2022,4629.7
03462,2023,4645.4
03462,2024,4413.3
04011,2020,11799.8
04011,2021,11145.3
04011,2022,11753.4
04011,2023,14274.8
04011,2024,15231.6
04012,2020,11708.6
04012,2021,10880.0
04012,2022,11575.2
04012,2023,12845.1
04012,2024,13294.1
05111,2020,9998.8
05111,2021,9239.9
05111,2022,11488.4
05111,2023,12617.8
05111,2024,12465.9
05112,2020,8640.9
05112,2021,8734.1
05112,2022,9363.4
05112,2023,9540.0
05112,2024,10333.8
05113,2020,7472.2
05113,2021,7973.7
05113,2022,8503.5
05113,2023,9607.6
05113,2024,9828.7
05114,2020,8866.5
05114,2021,9008.4
05114,2022,9446.4
05114,2023,9761.1
05114,2024,8800.6
05116,2020,8256.4
05116,2021,8638.8
05116,2022,9557.4
05116,2023,10069.8
05116,2024,9483.4
05117,2020,5285.1
05117,2021,6146.7
05117,2022,6361.8
05117,2023,7473.7
05117,2024,7481.2
05119,2020,7378.9
05119,2021,6722.5
05119,2022,7954.9
05119,2023,8668.8
05119,2024,8256.8
05120,2020,5636.0
05120,2021,6233.2
05120,2022,7077.9
05120,2023,6701.7
05120,2024,6992.7
05122,2020,5933.6
05122,2021,6331.9
05122,2022,7139.0
05122,2023,7369.1
05122,2024,6926.3
05124,2020,8059.4
05124,2021,7817.7
05124,2022,8952.5
05124,2023,9064.1
05124,2024,9618.2
05154,2020,5879.7
05154,2021,5814.0
05154,2022,6448.9
05154,2023,7268.9
05154,2024,7508.3
05158,2020,5667.6
05158,2021,5304.7
05158,2022,5904.3
05158,2023,6076.8
05158,2024,6416.2
05162,2020,5290.8
05162,2021,5124.1
05162,2022,5927.1
05162,2023,6579.6
05162,2024,6761.7
05166,2020,5643.7
05166,2021,5763.5
05166,2022,6344.5
05166,2023,6255.9
05166,2024,6579.1
05170,2020,5207.9
05170,2021,5140.7
05170,2022,5823.4
05170,2023,5769.0
05170,2024,6090.5
05314,2020,8398.3
05314,2021,8381.1
05314,2022,10176.1
05314,2023,9930.3
05314,2024,10560.2
05315,2020,10395.1
05315,2021,10148.2
05315,2022,11878.0
05315,2023,12746.6
05315,2024,13101.1
05316,2020,6410.0
05316,2021,5844.2
05316,2022,8326.5
05316,2023,7053.5
05316,2024,6934.8
05334,2020,8178.4
05334,2021,7743.0
05334,2022,8688.4
05334,2023,9302.8
05334,2024,8346.3
05358,2020,5929.2
05358,2021,5463.5
05358,2022,6643.2
05358,2023,6364.1
05358,2024,6001.5
05362,2020,6224.4
05362,2021,6614.8
05362,2022,7329.9
05362,2023,6879.1
05362,2024,6562.2
05366,2020,4906.1
05366,2021,4945.0
05366,2022,5552.1
05366,2023,5948.4
05366,2024,6015.6
05370,2020,5583.5
05370,2021,5111.2
05370,2022,5591.8
05370,2023,5393.9
05370,2024,5425.2
05374,2020,4055.0
05374,2021,3905.1
05374,2022,4604.2
05374,2023,4202.2
05374,2024,4061.1
05378,2020,4291.7
05378,2021,4563.1
05378,2022,4767.7
05378,2023,4776.2
05378,2024,4777.4
05382,2020,4373.9
05382,2021,4655.6
05382,2022,5133.1
05382,2023,4918.0
05382,2024,5030.7
05512,2020,5589.2
05512,2021,6032.1
05512,2022,7380.4
05512,2023,6864.6
05512,2024,6944.6
05513,2020,8278.2
05513,2021,7750.1
05513,2022,8785.0
05513,2023,9320.5
05513,2024,9625.3
05515,2020,8484.2
05515,2021,8316.3
05515,2022,9999.9
05515,2023,10852.0
05515,2024,10835.0
05554,2020,5270.1
05554,2021,5863.7
05554,2022,6584.1
05554,2023,6473.5
05554,2024,6461.3
05558,2020,4810.8
05558,2021,4659.9
05558,2022,5223.8
05558,2023,5649.1
05558,2024,4986.4
05562,2020,6501.5
05562,2021,6530.2
05562,2022,7465.6
05562,2023,7497.4
05562,2024,7504.3
05566,2020,5056.4
05566,2021,4841.6
05566,2022,5808.2
05566,2023,5660.2
05566,2024,5667.5
05570,2020,4565.2
05570,2021,4575.8
05570,2022,5067.3
05570,2023,4923.1
05570,2024,5114.2
05711,2020,6945.9
05711,2021,6080.8
05711,2022,7263.1
05711,2023,8145.0
05711,2024,8435.7
05754,2020,4467.1
05754,2021,4290.4
05754,2022,4700.6
05754,2023,5015.8
05754,2024,5153.5
05758,2020,4090.1
05758,2021,4497.0
05758,2022,4896.4
05758,2023,4700.4
05758,2024,5038.2
05762,2020,4561.8
05762,2021,4042.8
05762,2022,5044.5
05762,2023,4777.9
05762,2024,4890.6
05766,2020,3718.4
05766,2021,3741.8
05766,2022,4617.3
05766,2023,4325.3
05766,2024,4412.7
05770,2020,4566.9
05770,2021,4538.3
05770,2022,4856.5
05770,2023,4860.8
05770,2024,5008.0
05774,2020,5134.5
05774,2021,5226.1
05774,2022,5864.0
05774,2023,6097.7
05774,2024,5978.0
05911,2020,7568.4
05911,2021,7148.0
05911,2022,8410.4
05911,2023,8754.0
05911,2024,8600.5
05913,2020,10500.5
05913,2021,9400.9
05913,2022,10693.5
05913,2023,11838.7
05913,2024,12163.4
05914,2020,7427.2
05914,2021,7676.2
05914,2022,9654.9
05914,2023,9499.3
05914,2024,9246.2
05915,2020,8644.6
05915,2021,8206.5
05915,2022,9233.0
05915,2023,10424.7
05915,2024,10767.1
05916,2020,8199.5
05916,2021,7767.3
05916,2022,9099.0
05916,2023,9224.2
05916,2024,8622.9
05954,2020,5364.3
05954,2021,5366.3
05954,2022,6311.2
05954,2023,5783.3
05954,2024,5853.3
05958,2020,4787.6
05958,2021,4518.0
05958,2022,4980.4
05958,2023,4887.9
05958,2024,4941.9
05962,2020,4914.7
05962,2021,5105.4
05962,2022,6113.7
05962,2023,5763.2
05962,2024,5828.8
05966,2020,3925.9
05966,2021,3798.7
05966,2022,4529.0
05966,2023,4502.4
05966,2024,4373.0
05970,2020,4903.9
05970,2021,4764.2
05970,2022,5212.8
05970,2023,5853.4
05970,2024,5485.5
05974,2020,5160.3
05974,2021,5006.4
05974,2022,6147.6
05974,2023,6761.6
05974,2024,6216.1
05978,2020,5542.3
05978,2021,5542.2
05978,2022,6190.6
05978,2023,6008.3
05978,2024,5839.5
06411,2020,6004.6
06411,2021,5754.7
06411,2022,6858.9
06411,2023,8182.2
06411,2024,7994.2
06412,2020,13479.1
06412,2021,12622.5
06412,2022,14363.0
06412,2023,14871.8
06412,2024,15110.4
06413,2020,7277.4
06413,2021,6854.5
06413,2022,7138.9
06413,2023,7357.1
06413,2024,6213.4
06414,2020,6901.2
06414,2021,6777.2
06414,2022,7080.1
06414,2023,7274.5
06414,2024,7173.1
06431,2020,3122.7
06431,2021,3012.7
06431,2022,3310.9
06431,2023,3418.5
06431,2024,3124.8
06432,2020,2851.5
06432,2021,2766.5
06432,2022,3112.5
06432,2023,3133.8
06432,2024,3128.7
06433,2020,3932.5
06433,2021,3932.1
06433,2022,4304.6
06433,2023,4334.2
06433,2024,4817.9
06434,2020,3671.4
06434,2021,3648.8
06434,2022,3716.2
06434,2023,3403.5
06434,2024,3738.2
06435,2020,3915.1
06435,2021,3885.8
06435,2022,4059.8
06435,2023,4038.2
06435,2024,4052.5
06436,2020,4034.7
06436,2021,3940.8
06436,2022,3992.5
06436,2023,4256.2
06436,2024,4489.7
06437,2020,2645.2
06437,2021,2607.6
06437,2022,3117.0
06437,2023,3231.3
06437,2024,2546.5
06438,2020,3951.5
06438,2021,4066.3
06438,2022,4145.6
06438,2023,4475.7
06438,2024,4208.3
06439,2020,2776.8
06439,2021,2895.4
06439,2022,2811.5
06439,2023,2834.7
06439,2024,2914.8
06440,2020,3293.5
06440,2021,3538.6
06440,2022,3468.8
06440,2023,3979.5
06440,2024,4086.8
06531,2020,5837.3
06531,2021,6174.1
06531,2022,7585.6
06531,2023,8847.9
06531,2024,10700.7
06532,2020,3397.7
06532,2021,3443.1
06532,2022,3534.4
06532,2023,3789.5
06532,2024,3919.5
06533,2020,3968.3
06533,2021,3966.5
06533,2022,4422.3
06533,2023,5012.5
06533,2024,4450.9
06534,2020,4102.7
06534,2021,4202.1
06534,2022,4221.1
06534,2023,4513.7
06534,2024,4388.4
06535,2020,3733.3
06535,2021,4124.9
06535,2022,4247.1
06535,2023,3998.8
06535,2024,3921.4
06611,2020,8042.6
06611,2021,8380.1
06611,2022,10163.9
06611,2023,12046.9
06611,2024,10961.9
06631,2020,4305.7
06631,2021,3727.9
06631,2022,4428.6
06631,2023,4890.6
06631,2024,4285.8
06632,2020,4240.4
06632,2021,3864.4
06632,2022,4340.8
06632,2023,4464.2
06632,2024,4607.2
06633,2020,2998.3
06633,2021,3028.2
06633,2022,3019.8
06633,2023,3433.5
06633,2024,3590.6
06634,2020,3530.3
06634,2021,3586.0
06634,2022,3775.0
06634,2023,4089.9
06634,2024,3910.9
06635,2020,3335.5
06635,2021,3492.0
06635,2022,3587.6
06635,2023,3791.3
06635,2024,3415.7
06636,2020,3804.1
06636,2021,3969.2
06636,2022,4543.0
06636,2023,4844.9
06636,2024,4119.1
07111,2020,9432.5
07111,2021,9319.3
07111,2022,12467.7
07111,2023,14920.0
07111,2024,10593.2
07131,2020,5046.7
07131,2021,4881.2
07131,2022,4917.0
07131,2023,4978.9
07131,2024,5121.1
07132,2020,4958.7
07132,2021,4191.7
07132,2022,5055.7
07132,2023,4907.7
07132,2024,4803.7
07133,2020,5249.9
07133,2021,5057.1
07133,2022,5427.8
07133,2023,5435.0
07133,2024,4897.2
07134,2020,5839.3
07134,2021,4808.9
07134,2022,5567.2
07134,2023,5324.1
07134,2024,5013.2
07135,2020,4135.2
07135,2021,3546.7
07135,2022,4245.6
07135,2023,3831.4
07135,2024,3679.0
07137,2020,4628.0
07137,2021,4111.1
07137,2022,4596.5
07137,2023,4459.9
07137,2024,4586.1
07138,2020,5169.8
07138,2021,4696.6
07138,2022,5175.4
07138,2023,5164.9
07138,2024,5111.9
07140,2020,4064.4
07140,2021,3824.9
07140,2022,4701.9
07140,2023,4903.1
07140,2024,4984.5
07141,2020,4750.7
07141,2021,4227.7
07141,2022,4773.3
07141,2023,4584.3
07141,2024,4622.3
07143,2020,4363.5
07143,2021,4185.8
07143,2022,4546.4
07143,2023,4488.0
07143,2024,4260.6
07211,2020,9516.9
07211,2021,9181.0
07211,2022,10292.1
07211,2023,12221.6
07211,2024,12131.4
07231,2020,4124.2
07231,2021,3866.5
07231,2022,4420.7
07231,2023,4229.4
07231,2024,4318.5
07232,2020,4018.9
07232,2021,3964.8
07232,2022,4910.9
07232,2023,5982.1
07232,2024,5301.8
07233,2020,4531.2
07233,2021,4493.2
07233,2022,4702.5
07233,2023,4622.1
07233,2024,4388.5
07235,2020,3746.4
07235,2021,3658.3
07235,2022,4303.8
07235,2023,4511.9
07235,2024,4421.2
07311,2020,6902.9
07311,2021,6972.3
07311,2022,7555.4
07311,2023,9600.2
07311,2024,7117.5
07312,2020,10788.8
07312,2021,10476.4
07312,2022,11225.5
07312,2023,11163.9
07312,2024,10654.2
07313,2020,8372.3
07313,2021,8148.2
07313,2022,9056.0
07313,2023,9731.1
07313,2024,8474.8
07314,2020,8687.8
07314,2021,8081.4
07314,2022,9138.8
07314,2023,9525.1
07314,2024,9413.8
07315,2020,7456.4
07315,2021,6702.7
07315,2022,7114.5
07315,2023,7676.6
07315,2024,7229.2
07316,2020,6805.7
07316,2021,6301.4
07316,2022,7173.2
07316,2023,7148.8
07316,2024,6737.0
07317,2020,8048.5
07317,2021,7848.0
07317,2022,9050.3
07317,2023,8895.8
07317,2024,8742.7
07318,2020,10122.4
07318,2021,11292.6
07318,2022,14110.6
07318,2023,15731.6
07318,2024,14025.3
07319,2020,7742.2
07319,2021,6562.5
07319,2022,6874.2
07319,2023,7545.5
07319,2024,7262.5
07320,2020,7875.9
07320,2021,6799.8
07320,2022,7896.5
07320,2023,7013.4
07320,2024,7207.3
07331,2020,3641.8
07331,2021,3535.2
07331,2022,3766.1
07331,2023,3721.3
07331,2024,3750.2
07332,2020,5370.4
07332,2021,5128.4
07332,2022,5297.8
07332,2023,5003.5
07332,2024,4655.8
07333,2020,4501.8
07333,2021,4054.9
07333,2022,4135.3
07333,2023,4336.8
07333,2024,4230.0
07334,2020,5756.8
07334,2021,5261.8
07334,2022,5598.8
07334,2023,5342.0
07334,2024,5367.6
07335,2020,4395.2
07335,2021,4616.3
07335,2022,4577.3
07335,2023,5104.6
07335,2024,4489.0
07336,2020,4958.8
07336,2021,4596.0
07336,2022,6034.4
07336,2023,6915.6
07336,2024,5973.1
07337,2020,4503.2
07337,2021,4587.3
07337,2022,4570.5
07337,2023,5062.5
07337,2024,4798.9
07338,2020,4248.8
07338,2021,3965.0
07338,2022,4196.7
07338,2023,4222.7
07338,2024,4121.5
07339,2020,4062.6
07339,2021,3899.8
07339,2022,3833.0
07339,2023,4117.3
07339,2024,3972.9
07340,2020,2868.3
07340,2021,2982.8
07340,2022,3115.4
07340,2023,3011.6
07340,2024,2914.6
08111,2020,7978.5
08111,2021,6731.3
08111,2022,8258.7
08111,2023,8781.8
08111,2024,8836.1
08115,2020,4066.9
08115,2021,3770.2
08115,2022,4031.6
08115,2023,3891.6
08115,2024,4489.9
08116,2020,4164.3
08116,2021,3572.8
08116,2022,3946.3
08116,2023,4286.9
08116,2024,4394.7
08117,2020,4305.7
08117,2021,3234.0
08117,2022,3739.1
08117,2023,3880.0
08117,2024,3777.7
08118,2020,3984.8
08118,2021,3684.0
08118,2022,3927.3
08118,2023,3774.4
08118,2024,4640.2
08119,2020,4219.6
08119,2021,3649.3
08119,2022,4110.3
08119,2023,4355.7
08119,2024,4175.2
08121,2020,6438.8
08121,2021,5533.1
08121,2022,6559.0
08121,2023,8275.3
08121,2024,7016.2
08125,2020,3037.8
08125,2021,2676.7
08125,2022,2897.4
08125,2023,3659.1
08125,2024,3121.5
08126,2020,3022.5
08126,2021,3204.9
08126,2022,3130.1
08126,2023,3721.4
08126,2024,3190.7
08127,2020,3139.8
08127,2021,2972.8
08127,2022,3253.3
08127,2023,3500.4
08127,2024,3664.1
08128,2020,3600.5
08128,2021,3456.3
08128,2022,3930.6
08128,2023,4415.0
08128,2024,4403.6
08135,2020,3825.2
08135,2021,2977.9
08135,2022,3499.6
08135,2023,3337.7
08135,2024,3535.9
08136,2020,3630.3
08136,2021,3225.3
08136,2022,3668.8
08136,2023,3808.5
08136,2024,3853.6
08211,2020,10062.5
08211,2021,6703.5
08211,2022,7545.9
08211,2023,8045.6
08211,2024,7996.3
08212,2020,8694.8
08212,2021,7653.1
08212,2022,8434.9
08212,2023,8876.7
08212,2024,8222.0
08215,2020,3738.0
08215,2021,3464.2
08215,2022,3702.4
08215,2023,3744.3
08215,2024,3746.1
08216,2020,4135.8
08216,2021,5922.7
08216,2022,4432.3
08216,2023,4492.7
08216,2024,4805.1
08221,2020,8444.7
08221,2021,7004.5
08221,2022,8006.5
08221,2023,8636.7
08221,2024,8311.3
08222,2020,9177.3
08222,2021,7561.6
08222,2022,9547.5
08222,2023,9796.4
08222,2024,9973.6
08225,2020,3268.7
08225,2021,2909.7
08225,2022,3123.1
08225,2023,4267.6
08225,2024,3395.1
08226,2020,4303.2
08226,2021,3782.3
08226,2022,4115.6
08226,2023,4306.3
08226,2024,3788.0
08231,2020,7369.2
08231,2021,6391.3
08231,2022,6674.2
08231,2023,7903.9
08231,2024,7038.4
08235,2020,3398.8
08235,2021,2926.6
08235,2022,3033.9
08235,2023,2944.4
08235,2024,3058.7
08236,2020,2722.5
08236,2021,2543.2
08236,2022,2732.3
08236,2023,2649.9
08236,2024,2875.8
08237,2020,3469.1
08237,2021,2930.8
08237,2022,3265.6
08237,2023,3524.1
08237,2024,3429.0
08311,2020,9136.0
08311,2021,9516.8
08311,2022,9997.5
08311,2023,11296.3
08311,2024,10409.9
08315,2020,4158.9
08315,2021,3949.2
08315,2022,4358.7
08315,2023,4427.9
08315,2024,4384.6
08316,2020,3718.0
08316,2021,3381.8
08316,2022,4376.4
08316,2023,4097.2
08316,2024,4259.8
08317,2020,5518.7
08317,2021,5228.6
08317,2022,6203.9
08317,2023,6534.7
08317,2024,6817.4
08325,2020,2824.6
08325,2021,2824.5
08325,2022,2967.0
08325,2023,3343.8
08325,2024,3594.7
08326,2020,3283.7
08326,2021,3074.1
08326,2022,3421.0
08326,2023,3673.4
08326,2024,3548.0
08327,2020,3280.6
08327,2021,2930.5
08327,2022,3395.7
08327,2023,3187.9
08327,2024,3190.6
08335,2020,5054.1
08335,2021,4978.8
08335,2022,5569.0
08335,2023,6099.8
08335,2024,6128.8
08336,2020,6288.5
08336,2021,6277.7
08336,2022,8476.5
08336,2023,12384.8
08336,2024,11020.5
08337,2020,3528.6
08337,2021,3666.3
08337,2022,3976.7
08337,2023,3928.9
08337,2024,4552.4
08415,2020,4438.8
08415,2021,3838.3
08415,2022,4478.4
08415,2023,4596.2
08415,2024,4516.6
08416,2020,3932.6
08416,2021,3452.1
08416,2022,3759.7
08416,2023,4095.7
08416,2024,3753.6
08417,2020,3090.9
08417,2021,3144.4
08417,2022,3657.9
08417,2023,3875.6
08417,2024,3469.0
08421,2020,7995.9
08421,2021,6423.8
08421,2022,7569.2
08421,2023,7919.1
08421,2024,9530.4
08425,2020,2871.0
08425,2021,2202.8
08425,2022,2586.0
08425,2023,2557.8
08425,2024,2988.1
08426,2020,3415.1
08426,2021,2749.6
08426,2022,3399.9
08426,2023,2955.7
08426,2024,3306.4
08435,2020,4678.8
08435,2021,3950.4
08435,2022,4743.6
08435,2023,4475.7
08435,2024,4236.3
08436,2020,4305.2
08436,2021,4046.0
08436,2022,4516.6
08436,2023,4363.9
08436,2024,4071.4
08437,2020,4611.4
08437,2021,4797.4
08437,2022,5528.9
08437,2023,5315.4
08437,2024,4541.3
09161,2020,6300.9
09161,2021,5913.8
09161,2022,6858.6
09161,2023,7931.7
09161,2024,7017.5
09162,2020,5986.8
09162,2021,5394.0
09162,2022,5824.3
09162,2023,6413.1
09162,2024,6304.3
09163,2020,6626.2
09163,2021,6452.2
09163,2022,8172.2
09163,2023,8592.8
09163,2024,7566.8
09171,2020,3670.3
09171,2021,3483.1
09171,2022,4103.8
09171,2023,4413.1
09171,2024,4119.7
09172,2020,8176.2
09172,2021,8203.9
09172,2022,12495.7
09172,2023,12500.6
09172,2024,11563.3
09173,2020,3580.4
09173,2021,3123.7
09173,2022,3329.5
09173,2023,3402.8
09173,2024,3323.1
09174,2020,2961.3
09174,2021,2701.8
09174,2022,2800.3
09174,2023,2998.4
09174,2024,3041.6
09175,2020,3042.1
09175,2021,3145.9
09175,2022,3249.1
09175,2023,3163.5
09175,2024,3134.7
09176,2020,2402.9
09176,2021,1985.4
09176,2022,2425.3
09176,2023,2458.9
09176,2024,2402.0
09177,2020,3704.5
09177,2021,3003.8
09177,2022,3502.3
09177,2023,3740.8
09177,2024,3771.5
09178,2020,5711.4
09178,2021,4067.4
09178,2022,5480.7
09178,2023,5959.9
09178,2024,6657.6
09179,2020,3389.3
09179,2021,3196.5
09179,2022,3505.8
09179,2023,3330.1
09179,2024,3307.3
09180,2020,4540.6
09180,2021,4012.3
09180,2022,4822.5
09180,2023,4922.3
09180,2024,4937.2
09181,2020,3935.9
09181,2021,3140.8
09181,2022,3331.8
09181,2023,3019.5
09181,2024,2820.6
09182,2020,3855.6
09182,2021,3783.1
09182,2022,4305.9
09182,2023,4355.4
09182,2024,3858.2
09183,2020,3708.4
09183,2021,3145.5
09183,2022,3307.7
09183,2023,4011.6
09183,2024,4268.4
09184,2020,3340.1
09184,2021,3002.7
09184,2022,3143.5
09184,2023,3326.9
09184,2024,3283.4
09185,2020,3056.4
09185,2021,2936.7
09185,2022,3491.3
09185,2023,3508.5
09185,2024,3275.8
09186,2020,3117.1
09186,2021,2801.1
09186,2022,2836.5
09186,2023,3040.5
09186,2024,3203.9
09187,2020,3925.7
09187,2021,3517.5
09187,2022,3823.2
09187,2023,4551.1
09187,2024,4315.2
09188,2020,3776.3
09188,2021,3239.9
09188,2022,3219.8
09188,2023,3158.1
09188,2024,2900.1
09189,2020,3174.5
09189,2021,2688.1
09189,2022,2861.9
09189,2023,3230.5
09189,2024,3522.8
09190,2020,3352.6
09190,2021,2954.4
09190,2022,3215.7
09190,2023,3192.3
09190,2024,3140.8
09261,2020,7103.8
09261,2021,6206.8
09261,2022,6869.4
09261,2023,7216.0
09261,2024,6987.1
09262,2020,8762.8
09262,2021,8821.9
09262,2022,11977.1
09262,2023,10399.4
09262,2024,9360.2
09263,2020,6775.3
09263,2021,6624.4
09263,2022,7015.1
09263,2023,7074.3
09263,2024,7032.2
09271,2020,4883.7
09271,2021,4632.6
09271,2022,6258.7
09271,2023,5698.4
09271,2024,5423.6
09272,2020,2566.3
09272,2021,2264.1
09272,2022,2796.6
09272,2023,3660.2
09272,2024,2895.1
09273,2020,2904.3
09273,2021,2373.8
09273,2022,2726.4
09273,2023,2667.4
09273,2024,2684.8
09274,2020,2411.0
09274,2021,2315.9
09274,2022,2258.3
09274,2023,2454.3
09274,2024,2460.6
09275,2020,3190.1
09275,2021,2962.5
09275,2022,3568.4
09275,2023,4251.1
09275,2024,3789.4
09276,2020,2960.9
09276,2021,2590.8
09276,2022,2883.0
09276,2023,3117.8
09276,2024,2655.0
09277,2020,3395.8
09277,2021,3301.3
09277,2022,3779.9
09277,2023,5447.8
09277,2024,4589.3
09278,2020,2573.2
09278,2021,2464.0
09278,2022,2622.1
09278,2023,2293.7
09278,2024,2301.4
09279,2020,2805.0
09279,2021,2743.6
09279,2022,3000.7
09279,2023,2802.4
09279,2024,2918.8
09361,2020,5537.0
09361,2021,4953.4
09361,2022,5481.7
09361,2023,5506.2
09361,2024,5713.3
09362,2020,7958.5
09362,2021,7231.9
09362,2022,9470.4
09362,2023,10650.8
09362,2024,10010.4
09363,2020,6625.6
09363,2021,6444.1
09363,2022,7185.9
09363,2023,6831.3
09363,2024,6483.6
09371,2020,2373.6
09371,2021,2257.3
09371,2022,2191.2
09371,2023,2217.6
09371,2024,2128.2
09372,2020,3020.4
09372,2021,2725.3
09372,2022,3688.0
09372,2023,3795.9
09372,2024,3585.7
09373,2020,2403.9
09373,2021,2339.1
09373,2022,2479.8
09373,2023,2644.7
09373,2024,2861.5
09374,2020,3766.0
09374,2021,4052.0
09374,2022,5051.8
09374,2023,4905.5
09374,2024,4848.8
09375,2020,2260.5
09375,2021,2001.8
09375,2022,2346.0
09375,2023,2361.2
09375,2024,2352.9
09376,2020,3616.6
09376,2021,3152.7
09376,2022,3414.7
09376,2023,3341.2
09376,2024,3265.0
09377,2020,3626.8
09377,2021,3241.5
09377,2022,4069.9
09377,2023,4377.0
09377,2024,4339.4
09461,2020,10165.0
09461,2021,10273.4
09461,2022,15038.1
09461,2023,11095.3
09461,2024,17168.1
09462,2020,6397.2
09462,2021,6305.4
09462,2022,6995.1
09462,2023,6825.0
09462,2024,6810.9
09463,2020,6724.8
09463,2021,5513.9
09463,2022,7107.8
09463,2023,6670.3
09463,2024,6705.5
09464,2020,9922.5
09464,2021,8082.3
09464,2022,8152.9
09464,2023,8603.4
09464,2024,7878.0
09471,2020,2627.7
09471,2021,2372.9
09471,2022,2649.3
09471,2023,2498.0
09471,2024,2491.6
09472,2020,3266.3
09472,2021,2665.9
09472,2022,2977.4
09472,2023,2575.9
09472,2024,3000.9
09473,2020,3058.3
09473,2021,2758.4
09473,2022,3108.2
09473,2023,2970.0
09473,2024,3043.1
09474,2020,3005.1
09474,2021,2699.0
09474,2022,2594.4
09474,2023,2385.8
09474,2024,2959.1
09475,2020,5433.5
09475,2021,4386.3
09475,2022,4825.0
09475,2023,4903.3
09475,2024,4868.6
09476,2020,3868.6
09476,2021,2991.5
09476,2022,3424.1
09476,2023,3003.3
09476,2024,3319.5
09477,2020,3940.4
09477,2021,3872.4
09477,2022,4305.5
09477,2023,3431.8
09477,2024,3937.2
09478,2020,4074.8
09478,2021,3731.9
09478,2022,3894.2
09478,2023,3806.7
09478,2024,3532.4
09479,2020,5762.9
09479,2021,5075.4
09479,2022,6131.6
09479,2023,6207.8
09479,2024,5878.0
09561,2020,7364.0
09561,2021,5978.7
09561,2022,7116.8
09561,2023,7181.3
09561,2024,6886.6
09562,2020,4797.0
09562,2021,4703.5
09562,2022,5382.6
09562,2023,5607.3
09562,2024,4701.1
09563,2020,4172.1
09563,2021,3938.5
09563,2022,4014.0
09563,2023,4705.1
09563,2024,4652.6
09564,2020,7269.5
09564,2021,6585.7
09564,2022,7619.0
09564,2023,7808.0
09564,2024,7071.9
09565,2020,3591.9
09565,2021,3086.0
09565,2022,3942.1
09565,2023,3825.2
09565,2024,3400.5
09571,2020,2797.5
09571,2021,2503.3
09571,2022,2807.1
09571,2023,2845.4
09571,2024,2638.0
09572,2020,2378.7
09572,2021,2264.2
09572,2022,2397.3
09572,2023,2484.5
09572,2024,2319.9
09573,2020,2890.9
09573,2021,3318.6
09573,2022,3735.2
09573,2023,4787.2
09573,2024,4285.9
09574,2020,2852.0
09574,2021,2788.9
09574,2022,2976.8
09574,2023,2902.2
09574,2024,2841.7
09575,2020,2497.7
09575,2021,2286.9
09575,2022,2626.0
09575,2023,2814.1
09575,2024,2590.6
09576,2020,2546.8
09576,2021,2429.1
09576,2022,2661.5
09576,2023,2690.9
09576,2024,2412.1
09577,2020,3457.0
09577,2021,3059.4
09577,2022,3290.3
09577,2023,3266.1
09577,2024,3266.1
09661,2020,7298.4
09661,2021,5845.5
09661,2022,6695.1
09661,2023,7777.0
09661,2024,7128.5
09662,2020,8527.7
09662,2021,6712.4
09662,2022,7793.2
09662,2023,8676.7
09662,2024,9108.6
09663,2020,7142.7
09663,2021,6201.5
09663,2022,7533.1
09663,2023,8389.8
09663,2024,8144.4
09671,2020,2393.8
09671,2021,2095.5
09671,2022,2114.1
09671,2023,2257.6
09671,2024,2484.0
09672,2020,3435.9
09672,2021,2982.5
09672,2022,3379.3
09672,2023,3446.6
09672,2024,3300.2
09673,2020,2949.7
09673,2021,2443.7
09673,2022,2539.8
09673,2023,3029.6
09673,2024,3100.8
09674,2020,2933.0
09674,2021,2608.1
09674,2022,3083.6
09674,2023,3420.6
09674,2024,3121.7
09675,2020,3913.1
09675,2021,3170.3
09675,2022,3942.2
09675,2023,4119.2
09675,2024,3758.9
09676,2020,3019.2
09676,2021,2649.5
09676,2022,2735.6
09676,2023,2661.8
09676,2024,2588.8
09677,2020,2408.9
09677,2021,2337.7
09677,2022,2737.4
09677,2023,2639.0
09677,2024,2844.7
09678,2020,3210.2
09678,2021,4236.8
09678,2022,5532.4
09678,2023,5761.1
09678,2024,5488.4
09679,2020,2333.9
09679,2021,2118.7
09679,2022,2213.0
09679,2023,2170.7
09679,2024,2270.0
09761,2020,6877.4
09761,2021,6158.6
09761,2022,7078.8
09761,2023,7473.3
09761,2024,7399.7
09762,2020,5013.7
09762,2021,4500.5
09762,2022,4827.3
09762,2023,4120.8
09762,2024,4145.8
09763,2020,5294.2
09763,2021,5066.7
09763,2022,5527.6
09763,2023,5795.4
09763,2024,5601.1
09764,2020,6009.1
09764,2021,5108.2
09764,2022,5970.3
09764,2023,5750.5
09764,2024,5916.3
09771,2020,2441.8
09771,2021,2183.3
09771,2022,2489.3
09771,2023,2568.2
09771,2024,2452.5
09772,2020,2729.3
09772,2021,2531.1
09772,2022,2611.8
09772,2023,2669.3
09772,2024,2724.4
09773,2020,2567.3
09773,2021,2448.2
09773,2022,2859.6
09773,2023,2962.4
09773,2024,2897.2
09774,2020,3906.3
09774,2021,3440.3
09774,2022,3721.7
09774,2023,3656.8
09774,2024,3579.1
09775,2020,4678.5
09775,2021,3998.3
09775,2022,4098.6
09775,2023,4032.1
09775,2024,4005.8
09776,2020,5624.5
09776,2021,5095.9
09776,2022,6076.8
09776,2023,6254.7
09776,2024,5644.3
09777,2020,3055.6
09777,2021,2993.5
09777,2022,2946.2
09777,2023,2960.6
09777,2024,2885.1
09778,2020,3160.2
09778,2021,2526.6
09778,2022,3306.4
09778,2023,3569.7
09778,2024,3466.7
09779,2020,2798.6
09779,2021,2940.7
09779,2022,3215.1
09779,2023,3039.3
09779,2024,3265.6
09780,2020,2834.5
09780,2021,2514.9
09780,2022,2755.7
09780,2023,2495.9
09780,2024,2702.8
10041,2020,9058.9
10041,2021,7655.5
10041,2022,9141.0
10041,2023,9762.5
10041,2024,8792.9
10042,2020,5639.1
10042,2021,4741.4
10042,2022,4959.1
10042,2023,5114.7
10042,2024,4555.7
10043,2020,5774.4
10043,2021,5155.1
10043,2022,6381.5
10043,2023,6650.9
10043,2024,5798.7
10044,2020,6298.4
10044,2021,5743.5
10044,2022,6885.7
10044,2023,7011.5
10044,2024,6069.1
10045,2020,4867.9
10045,2021,4387.4
10045,2022,5084.4
10045,2023,5292.8
10045,2024,4457.4
10046,2020,3366.4
10046,2021,3320.7
10046,2022,3964.3
10046,2023,4178.6
10046,2024,4039.5
11000,2020,13738.7
11000,2021,13158.2
11000,2022,14135.3
11000,2023,14291.9
11000,2024,14718.5
12051,2020,9892.8
12051,2021,9322.6
12051,2022,9672.8
12051,2023,9266.5
12051,2024,8553.0
12052,2020,8752.2
12052,2021,8589.3
12052,2022,8800.4
12052,2023,10905.9
12052,2024,10653.3
12053,2020,9513.3
12053,2021,11051.5
12053,2022,17830.2
12053,2023,19218.6
12053,2024,18165.3
12054,2020,7515.5
12054,2021,7070.9
12054,2022,6942.2
12054,2023,6764.5
12054,2024,6692.2
12060,2020,6163.2
12060,2021,5567.3
12060,2022,5674.8
12060,2023,7050.3
12060,2024,5693.1
12061,2020,8084.1
12061,2021,7967.0
12061,2022,9573.2
12061,2023,10875.7
12061,2024,10731.6
12062,2020,5100.8
12062,2021,5272.8
12062,2022,4733.0
12062,2023,5513.3
12062,2024,5193.9
12063,2020,5570.7
12063,2021,5250.4
12063,2022,5430.2
12063,2023,5372.8
12063,2024,5317.0
12064,2020,5824.2
12064,2021,6079.3
12064,2022,6000.6
12064,2023,5273.3
12064,2024,5714.8
12065,2020,5649.2
12065,2021,5648.5
12065,2022,5675.8
12065,2023,6105.2
12065,2024,5285.6
12066,2020,6029.9
12066,2021,5580.5
12066,2022,5741.1
12066,2023,6085.2
12066,2024,5038.1
12067,2020,6536.8
12067,2021,6365.6
12067,2022,6544.7
12067,2023,7068.5
12067,2024,6548.0
12068,2020,7227.3
12068,2021,7262.6
12068,2022,7100.1
12068,2023,8797.3
12068,2024,7191.2
12069,2020,4702.5
12069,2021,4491.8
12069,2022,4773.6
12069,2023,4595.9
12069,2024,4891.9
12070,2020,5751.2
12070,2021,5682.3
12070,2022,6272.0
12070,2023,6593.5
12070,2024,6189.3
12071,2020,5641.9
12071,2021,5593.3
12071,2022,7244.9
12071,2023,8609.4
12071,2024,10671.0
12072,2020,5917.2
12072,2021,5607.6
12072,2022,5832.7
12072,2023,5773.6
12072,2024,5681.4
12073,2020,6790.4
12073,2021,6065.1
12073,2022,6434.5
12073,2023,7976.6
12073,2024,6986.6
13003,2020,8984.1
13003,2021,8983.5
13003,2022,8632.4
13003,2023,8953.4
13003,2024,8698.3
13004,2020,10850.7
13004,2021,9333.8
13004,2022,9522.7
13004,2023,11583.6
13004,2024,12446.6
13071,2020,5869.2
13071,2021,5420.5
13071,2022,5930.3
13071,2023,6346.3
13071,2024,6271.6
13072,2020,5084.5
13072,2021,4880.9
13072,2022,4761.8
13072,2023,4939.2
13072,2024,4640.3
13073,2020,6960.3
13073,2021,6856.8
13073,2022,6783.1
13073,2023,6576.2
13073,2024,7177.1
13074,2020,6146.0
13074,2021,5794.0
13074,2022,6164.1
13074,2023,6022.9
13074,2024,5738.7
13075,2020,5640.4
13075,2021,6319.6
13075,2022,6346.1
13075,2023,6691.2
13075,2024,7396.3
13076,2020,5298.9
13076,2021,5133.5
13076,2022,5802.3
13076,2023,6048.7
13076,2024,5302.5
14511,2020,8665.9
14511,2021,8254.1
14511,2022,8261.5
14511,2023,8994.9
14511,2024,8877.0
14521,2020,3325.9
14521,2021,3008.3
14521,2022,3059.7
14521,2023,3538.4
14521,2024,3530.0
14522,2020,3993.1
14522,2021,3544.3
14522,2022,3660.5
14522,2023,4053.0
14522,2024,4155.9
14523,2020,5119.5
14523,2021,4865.5
14523,2022,4794.1
14523,2023,5362.3
14523,2024,5337.2
14524,2020,5000.9
14524,2021,4524.8
14524,2022,4374.7
14524,2023,4709.5
14524,2024,4883.4
14612,2020,8787.9
14612,2021,7368.9
14612,2022,8485.3
14612,2023,9199.4
14612,2024,8903.6
14625,2020,4827.2
14625,2021,4631.4
14625,2022,5042.4
14625,2023,5002.2
14625,2024,5133.6
14626,2020,7463.8
14626,2021,7349.6
14626,2022,8898.7
14626,2023,12508.4
14626,2024,13668.0
14627,2020,4769.6
14627,2021,4331.6
14627,2022,4325.6
14627,2023,4898.4
14627,2024,5073.5
14628,2020,4368.3
14628,2021,4086.7
14628,2022,6167.0
14628,2023,7781.4
14628,2024,7374.1
14713,2020,11578.5
14713,2021,10712.1
14713,2022,11049.5
14713,2023,11098.5
14713,2024,11346.5
14729,2020,5367.7
14729,2021,4523.9
14729,2022,5169.4
14729,2023,4874.3
14729,2024,5172.9
14730,2020,6598.5
14730,2021,5549.4
14730,2022,6047.2
14730,2023,6324.6
14730,2024,6476.3
15001,2020,9411.6
15001,2021,9539.5
15001,2022,8353.8
15001,2023,8219.2
15001,2024,9505.4
15002,2020,12183.3
15002,2021,11576.7
15002,2022,11265.2
15002,2023,12701.4
15002,2024,12483.4
15003,2020,10562.6
15003,2021,9876.4
15003,2022,11572.1
15003,2023,13507.5
15003,2024,11591.4
15081,2020,5409.2
15081,2021,5035.9
15081,2022,5398.5
15081,2023,5465.9
15081,2024,5845.5
15082,2020,7169.1
15082,2021,7248.6
15082,2022,7052.6
15082,2023,6763.1
15082,2024,7146.2
15083,2020,5517.7
15083,2021,5272.4
15083,2022,5568.3
15083,2023,5841.5
15083,2024,5647.3
15084,2020,7231.9
15084,2021,6571.9
15084,2022,6653.3
15084,2023,7115.8
15084,2024,6642.0
15085,2020,6875.9
15085,2021,6176.1
15085,2022,6258.2
15085,2023,7164.1
15085,2024,8415.8
15086,2020,6413.7
15086,2021,6842.1
15086,2022,7033.4
15086,2023,7126.4
15086,2024,7167.3
15087,2020,6829.6
15087,2021,5811.2
15087,2022,6189.7
15087,2023,6181.0
15087,2024,6104.7
15088,2020,6247.6
15088,2021,6040.9
15088,2022,5956.3
15088,2023,6280.8
15088,2024,6905.1
15089,2020,6101.3
15089,2021,5681.8
15089,2022,6098.3
15089,2023,6391.5
15089,2024,6406.6
15090,2020,5926.8
15090,2021,6290.4
15090,2022,7113.7
15090,2023,7428.5
15090,2024,7705.6
15091,2020,7073.1
15091,2021,6504.0
15091,2022,6302.9
15091,2023,6457.4
15091,2024,6424.0
16051,2020,10910.3
16051,2021,9549.3
16051,2022,9210.8
16051,2023,11677.5
16051,2024,12400.0
16052,2020,10861.7
16052,2021,10364.1
16052,2022,10767.4
16052,2023,11283.3
16052,2024,11726.8
16053,2020,6039.0
16053,2021,5978.5
16053,2022,6153.7
16053,2023,7215.5
16053,2024,7120.5
16054,2020,12465.7
16054,2021,11141.6
16054,2022,13296.7
16054,2023,16968.8
16054,2024,16107.1
16055,2020,9555.7
16055,2021,7517.9
16055,2022,7769.7
16055,2023,8712.3
16055,2024,10278.0
16056,2020,8336.1
16056,2021,7198.0
16061,2020,4736.7
16061,2021,4615.8
16061,2022,5069.3
16061,2023,5280.2
16061,2024,5176.3
16062,2020,6893.2
16062,2021,6387.6
16062,2022,6501.6
16062,2023,6605.7
16062,2024,6884.5
16063,2020,3667.2
16063,2021,3323.0
16063,2022,5257.4
16063,2023,5110.3
16063,2024,5128.1
16064,2020,6323.9
16064,2021,6027.7
16064,2022,5938.6
16064,2023,7358.0
16064,2024,7651.0
16065,2020,6296.8
16065,2021,6441.6
16065,2022,6444.3
16065,2023,6739.0
16065,2024,6763.1
16066,2020,4776.0
16066,2021,4173.3
16066,2022,4935.8
16066,2023,4987.9
16066,2024,5271.1
16067,2020,5805.4
16067,2021,5359.6
16067,2022,5688.0
16067,2023,5730.7
16067,2024,6186.2
16068,2020,5002.4
16068,2021,4937.3
16068,2022,5126.8
16068,2023,5273.8
16068,2024,4950.9
16069,2020,4036.6
16069,2021,3927.8
16069,2022,4968.7
16069,2023,4550.6
16069,2024,4354.8
16070,2020,5905.9
16070,2021,4767.7
16070,2022,5776.0
16070,2023,5622.0
16070,2024,6036.3
16071,2020,5613.7
16071,2021,5088.0
16071,2022,5099.7
16071,2023,5450.9
16071,2024,5397.7
16072,2020,6043.3
16072,2021,6372.3
16072,2022,5801.4
16072,2023,6568.6
16072,2024,6788.9
16073,2020,5490.4
16073,2021,5567.9
16073,2022,5157.0
16073,2023,5959.0
16073,2024,6179.3
16074,2020,6102.5
16074,2021,6109.9
16074,2022,5524.0
16074,2023,5816.1
16074,2024,6481.4
16075,2020,5159.9
16075,2021,5276.8
16075,2022,5700.4
16075,2023,6880.7
16075,2024,7137.3
16076,2020,4117.1
16076,2021,4189.6
16076,2022,4688.8
16076,2023,5169.1
16076,2024,4907.5
16077,2020,5356.1
16077,2021,4619.9
16077,2022,5049.7
16077,2023,5479.4
16077,2024,6383.9
