ags,year,divorces
10041,2018,166
10041,2019,335
10041,2020,285
10041,2021,178
10041,2022,179
10041,2023,136
10041,2024,121
10042,2018,53
10042,2019,102
10042,2020,92
10042,2021,53
10042,2022,100
10042,2023,102
10042,2024,70
10043,2018,148
10043,2019,144
10043,2020,71
10043,2021,77
10043,2022,53
10043,2023,97
10043,2024,109
10044,2018,102
10044,2019,201
10044,2020,200
10044,2021,102
10044,2022,93
10044,2023,145
10044,2024,147
10045,2018,63
10045,2019,132
10045,2020,80
10045,2021,72
10045,2022,72
10045,2023,120
10045,2024,32
10046,2018,75
10046,2019,54
10046,2020,91
10046,2021,33
10046,2022,40
10046,2023,79
10046,2024,94
11000,2018,1325
11000,2019,3218
11000,2020,2895
11000,2021,1441
11000,2022,3095
11000,2023,1272
11000,2024,1236
12051,2018,24
12051,2019,25
12051,2020,19
12051,2021,14
12051,2022,30
12051,2023,15
12051,2024,23
12052,2018,26
12052,2019,34
12052,2020,35
12052,2021,35
12052,2022,40
12052,2023,33
12052,2024,29
12053,2018,19
12053,2019,44
12053,2020,14
12053,2021,13
12053,2022,16
12053,2023,18
12053,2024,17
12054,2018,82
12054,2019,82
12054,2020,74
12054,2021,82
12054,2022,78
12054,2023,90
12054,2024,56
12060,2018,61
12060,2019,60
12060,2020,229
12060,2021,46
12060,2022,68
12060,2023,48
12060,2024,195
12061,2018,63
12061,2019,66
12061,2020,185
12061,2021,72
12061,2022,57
12061,2023,65
12061,2024,175
12062,2018,33
12062,2019,71
12062,2020,41
12062,2021,33
12062,2022,37
12062,2023,65
12062,2024,43
12063,2018,59
12063,2019,82
12063,2020,141
12063,2021,53
12063,2022,57
12063,2023,79
12063,2024,144
12064,2018,58
12064,2019,77
12064,2020,64
12064,2021,78
12064,2022,69
12064,2023,72
12064,2024,79
12065,2018,63
12065,2019,248
12065,2020,72
12065,2021,65
12065,2022,74
12065,2023,86
12065,2024,102
12066,2018,34
12066,2019,84
12066,2020,37
12066,2021,56
12066,2022,48
12066,2023,31
12066,2024,29
12067,2018,51
12067,2019,72
12067,2020,60
12067,2021,68
12067,2022,65
12067,2023,71
12067,2024,58
12068,2018,45
12068,2019,31
12068,2020,83
12068,2021,49
12068,2022,45
12068,2023,50
12068,2024,30
12069,2018,61
12069,2019,67
12069,2020,179
12069,2021,89
12069,2022,80
12069,2023,95
12069,2024,83
12070,2018,63
12070,2019,54
12070,2020,50
12070,2021,21
12070,2022,27
12070,2023,22
12070,2024,42
12071,2018,60
12071,2019,107
12071,2020,88
12071,2021,26
12071,2022,37
12071,2023,59
12071,2024,26
12072,2018,144
12072,2019,90
12072,2020,161
12072,2021,76
12072,2022,54
12072,2023,86
12072,2024,53
12073,2018,47
12073,2019,60
12073,2020,55
12073,2021,44
12073,2022,47
12073,2023,45
12073,2024,84
13003,2018,59
13003,2019,118
13003,2020,226
13003,2021,48
13003,2022,123
13003,2023,158
13003,2024,135
13004,2018,60
13004,2019,59
13004,2020,66
13004,2021,62
13004,2022,112
13004,2023,92
13004,2024,105
13071,2018,87
13071,2019,131
13071,2020,189
13071,2021,100
13071,2022,97
13071,2023,93
13071,2024,168
13072,2018,53
13072,2019,134
13072,2020,141
13072,2021,71
13072,2022,62
13072,2023,66
13072,2024,91
13073,2018,92
13073,2019,222
13073,2020,73
13073,2021,75
13073,2022,72
13073,2023,80
13073,2024,73
13074,2018,65
13074,2019,72
13074,2020,57
13074,2021,83
13074,2022,59
13074,2023,73
13074,2024,69
13075,2018,89
13075,2019,81
13075,2020,193
13075,2021,121
13075,2022,123
13075,2023,126
13075,2024,105
13076,2018,176
13076,2019,86
13076,2020,123
13076,2021,125
13076,2022,132
13076,2023,127
13076,2024,67
14511,2018,170
14511,2019,76
14511,2020,178
14511,2021,140
14511,2022,137
14511,2023,94
14511,2024,162
14521,2018,128
14521,2019,139
14521,2020,136
14521,2021,214
14521,2022,131
14521,2023,103
14521,2024,200
14522,2018,99
14522,2019,114
14522,2020,132
14522,2021,125
14522,2022,102
14522,2023,116
14522,2024,104
14523,2018,189
14523,2019,84
14523,2020,189
14523,2021,136
14523,2022,164
14523,2023,73
14523,2024,76
14524,2018,224
14524,2019,95
14524,2020,258
14524,2021,222
14524,2022,212
14524,2023,118
14524,2024,117
14612,2018,348
14612,2019,207
14612,2020,226
14612,2021,207
14612,2022,208
14612,2023,215
14612,2024,216
14625,2018,215
14625,2019,137
14625,2020,137
14625,2021,110
14625,2022,123
14625,2023,104
14625,2024,109
14626,2018,191
14626,2019,106
14626,2020,77
14626,2021,98
14626,2022,71
14626,2023,151
14626,2024,81
14627,2018,178
14627,2019,194
14627,2020,112
14627,2021,113
14627,2022,90
14627,2023,127
14627,2024,66
14628,2018,170
14628,2019,186
14628,2020,80
14628,2021,111
14628,2022,100
14628,2023,92
14628,2024,91
14713,2018,194
14713,2019,167
14713,2020,242
14713,2021,235
14713,2022,224
14713,2023,344
14713,2024,408
14729,2018,204
14729,2019,105
14729,2020,206
14729,2021,178
14729,2022,224
14729,2023,183
14729,2024,86
14730,2018,102
14730,2019,150
14730,2020,78
14730,2021,59
14730,2022,73
14730,2023,135
14730,2024,136
15001,2018,32
15001,2019,34
15001,2020,58
15001,2021,43
15001,2022,47
15001,2024,52
15002,2018,120
15002,2019,209
15002,2020,209
15002,2021,217
15002,2022,192
15002,2024,183
15003,2018,77
15003,2019,69
15003,2020,106
15003,2021,92
15003,2022,131
15003,2023,148
15003,2024,81
15081,2018,37
15081,2019,61
15081,2020,35
15081,2021,36
15081,2022,77
15081,2023,74
15081,2024,48
15082,2018,61
15082,2019,162
15082,2020,57
15082,2021,46
15082,2022,127
15082,2023,112
15082,2024,126
15083,2018,140
15083,2019,90
15083,2020,56
15083,2021,91
15083,2022,136
15083,2023,73
15083,2024,64
15084,2018,137
15084,2019,63
15084,2020,61
15084,2021,62
15084,2022,64
15084,2023,121
15084,2024,69
15085,2018,172
15085,2019,193
15085,2020,86
15085,2021,108
15085,2022,75
15085,2023,94
15085,2024,76
15086,2018,43
15086,2019,27
15086,2020,36
15086,2021,43
15086,2022,41
15086,2023,36
15086,2024,23
15087,2018,80
15087,2019,91
15087,2020,91
15087,2021,53
15087,2022,46
15087,2023,45
15087,2024,48
15088,2018,34
15088,2019,101
15088,2020,87
15088,2021,46
15088,2022,95
15088,2023,51
15088,2024,34
15089,2018,76
15089,2019,96
15089,2020,132
15089,2021,108
15089,2022,158
15089,2023,71
15089,2024,134
15090,2018,83
15090,2019,51
15090,2020,45
15090,2021,44
15090,2022,45
15090,2023,65
15090,2024,68
15091,2018,67
15091,2019,94
15091,2020,45
15091,2021,34
15091,2022,37
15091,2023,68
15091,2024,58
16051,2018,99
16051,2019,100
16051,2020,74
16051,2021,83
16051,2022,175
16051,2023,162
16051,2024,63
16052,2018,76
16052,2019,130
16052,2020,49
16052,2021,35
16052,2022,91
16052,2023,28
16052,2024,27
16053,2018,43
16053,2019,48
16053,2020,43
16053,2021,41
16053,2022,72
16053,2023,60
16053,2024,36
16054,2018,24
16054,2019,30
16054,2020,8
16054,2021,5
16054,2022,9
16054,2023,21
16054,2024,4
16055,2018,34
16055,2019,42
16055,2020,16
16055,2021,34
16055,2022,26
16055,2023,54
16055,2024,27
16056,2018,34
16056,2019,24
16056,2020,10
16061,2018,37
16061,2019,48
16061,2020,44
16061,2021,59
16061,2022,41
16061,2023,69
16061,2024,45
16062,2018,23
16062,2019,43
16062,2020,34
16062,2021,36
16062,2022,44
16062,2023,61
16062,2024,37
16063,2018,90
16063,2019,65
16063,2020,38
16063,2021,65
16063,2022,138
16063,2023,125
16063,2024,79
16064,2018,60
16064,2019,47
16064,2020,42
16064,2021,34
16064,2022,77
16064,2023,51
16064,2024,43
16065,2018,44
16065,2019,64
16065,2020,24
16065,2021,38
16065,2022,68
16065,2023,26
16065,2024,24
16066,2018,44
16066,2019,107
16066,2020,41
16066,2021,43
16066,2022,123
16066,2023,80
16066,2024,57
16067,2018,124
16067,2019,64
16067,2020,49
16067,2021,60
16067,2022,56
16067,2023,84
16067,2024,62
16068,2018,34
16068,2019,89
16068,2020,18
16068,2021,20
16068,2022,19
16068,2023,52
16068,2024,24
16069,2018,23
16069,2019,42
16069,2020,23
16069,2021,31
16069,2022,24
16069,2023,30
16069,2024,20
16070,2018,49
16070,2019,67
16070,2020,46
16070,2021,71
16070,2022,73
16070,2023,44
16070,2024,63
16071,2018,38
16071,2019,29
16071,2020,60
16071,2021,32
16071,2022,68
16071,2023,55
16071,2024,66
16072,2018,20
16072,2019,14
16072,2020,20
16072,2021,44
16072,2022,24
16072,2023,31
16072,2024,43
16073,2018,43
16073,2019,21
16073,2020,45
16073,2021,47
16073,2022,43
16073,2023,42
16073,2024,73
16074,2018,34
16074,2019,28
16074,2020,33
16074,2021,82
16074,2022,43
16074,2023,64
16074,2024,36
16075,2018,54
16075,2019,43
16075,2020,32
16075,2021,21
16075,2022,44
16075,2023,53
16075,2024,28
16076,2018,79
16076,2019,44
16076,2020,21
16076,2021,21
16076,2022,54
16076,2023,74
16076,2024,15
16077,2018,38
16077,2019,88
16077,2020,26
16077,2021,11
16077,2022,74
16077,2023,70
16077,2024,24
09576,2018,57
09576,2019,66
09576,2020,86
09576,2021,53
09576,2022,46
09576,2023,61
09576,2024,112
06635,2018,104
06635,2019,74
06635,2020,66
06635,2021,98
06635,2022,70
06635,2023,63
06635,2024,55
08236,2018,95
08236,2019,83
08236,2020,179
08236,2021,98
08236,2022,171
08236,2023,94
08236,2024,80
03155,2018,69
03155,2019,73
03155,2020,127
03155,2021,54
03155,2022,95
03155,2023,53
03155,2024,49
09673,2018,28
09673,2019,38
09673,2020,32
09673,2021,39
09673,2022,34
09673,2023,39
09673,2024,35
09277,2018,51
09277,2019,48
09277,2020,53
09277,2021,50
09277,2022,45
09277,2023,56
09277,2024,89
08316,2018,102
08316,2019,95
08316,2020,91
08316,2021,87
08316,2022,75
08316,2023,59
08316,2024,84
03254,2018,256
03254,2019,122
03254,2020,119
03254,2021,181
03254,2022,116
03254,2023,186
03254,2024,137
09180,2018,35
09180,2019,37
09180,2020,43
09180,2021,27
09180,2022,34
09180,2023,28
09180,2024,34
08325,2018,58
08325,2019,139
08325,2020,108
08325,2021,51
08325,2022,60
08325,2023,60
08325,2024,92
08436,2018,117
08436,2019,113
08436,2020,124
08436,2021,101
08436,2022,105
08436,2023,92
08436,2024,89
07135,2018,23
07135,2019,20
07135,2020,28
07135,2021,32
07135,2022,32
07135,2023,40
07135,2024,19
03454,2018,152
03454,2019,166
03454,2020,120
03454,2021,198
03454,2022,200
03454,2023,112
03454,2024,192
06435,2018,268
06435,2019,242
06435,2020,228
06435,2021,255
06435,2022,212
06435,2023,198
06435,2024,170
08116,2018,223
08116,2019,219
08116,2020,443
08116,2021,223
08116,2022,396
08116,2023,184
08116,2024,240
09477,2018,59
09477,2019,66
09477,2020,37
09477,2021,55
09477,2022,25
09477,2023,26
09477,2024,26
09363,2018,24
09363,2019,13
09363,2020,19
09363,2021,17
09363,2022,37
09363,2023,15
09363,2024,22
05112,2018,238
05112,2019,440
05112,2020,237
05112,2021,455
05112,2022,385
05112,2023,212
05112,2024,267
05116,2018,305
05116,2019,126
05116,2020,128
05116,2021,159
05116,2022,193
05116,2023,102
05116,2024,110
06439,2018,97
06439,2019,79
06439,2020,109
06439,2021,149
06439,2022,88
06439,2023,66
06439,2024,85
07143,2018,96
07143,2019,103
07143,2020,114
07143,2021,85
07143,2022,100
07143,2023,84
07143,2024,103
03151,2018,69
03151,2019,75
03151,2020,83
03151,2021,111
03151,2022,76
03151,2023,78
03151,2024,90
09184,2018,177
09184,2019,183
09184,2020,181
09184,2021,167
09184,2022,340
09184,2023,137
09184,2024,165
03241001,2018,541
03241001,2019,327
03241001,2020,364
03241001,2021,391
03241001,2022,405
03241001,2023,490
03241001,2024,522
09661,2018,29
09661,2019,37
09661,2020,35
09661,2021,37
09661,2022,64
09661,2023,20
09661,2024,28
04012,2018,59
04012,2019,56
04012,2020,47
04012,2021,58
04012,2022,71
04012,2023,59
04012,2024,54
06631,2018,110
06631,2019,191
06631,2020,159
06631,2021,82
06631,2022,164
06631,2023,93
06631,2024,170
09563,2018,45
09563,2019,41
09563,2020,53
09563,2021,59
09563,2022,55
09563,2023,42
09563,2024,62
01057,2018,66
01057,2019,46
01057,2020,60
01057,2021,65
01057,2022,156
01057,2023,52
01057,2024,63
05766,2018,295
05766,2019,184
05766,2020,144
05766,2021,250
05766,2022,151
05766,2023,114
05766,2024,213
03351,2018,184
03351,2019,98
03351,2020,108
03351,2021,90
03351,2022,165
03351,2023,116
03351,2024,104
07211,2018,38
07211,2019,34
07211,2020,35
07211,2021,34
07211,2022,32
07211,2023,49
07211,2024,48
07318,2018,21
07318,2019,61
07318,2020,41
07318,2021,21
07318,2022,44
07318,2023,14
07318,2024,17
01061,2018,62
01061,2019,141
01061,2020,65
01061,2021,69
01061,2022,164
01061,2023,171
01061,2024,54
05962,2018,441
05962,2019,239
05962,2020,188
05962,2021,211
05962,2022,356
05962,2023,226
05962,2024,206
01053,2018,180
01053,2019,89
01053,2020,105
01053,2021,109
01053,2022,104
01053,2023,228
01053,2024,96
01004,2018,116
01004,2019,93
01004,2020,54
01004,2021,56
01004,2022,66
01004,2023,104
01004,2024,40
03241,2018,973
03241,2019,999
03241,2020,605
03241,2021,902
03241,2022,921
03241,2023,823
03241,2024,531
05774,2018,221
05774,2019,153
05774,2020,175
05774,2021,133
05774,2022,194
05774,2023,141
05774,2024,183
03361,2018,83
03361,2019,125
03361,2020,70
03361,2021,134
03361,2022,108
03361,2023,61
03361,2024,50
09478,2018,39
09478,2019,29
09478,2020,37
09478,2021,46
09478,2022,21
09478,2023,37
09478,2024,54
01062,2018,128
01062,2019,230
01062,2020,119
01062,2021,104
01062,2022,214
01062,2023,226
01062,2024,117
05122,2018,91
05122,2019,76
05122,2020,134
05122,2021,95
05122,2022,60
05122,2023,87
05122,2024,72
03405,2018,33
03405,2019,40
03405,2020,86
03405,2021,68
03405,2022,77
03405,2023,58
03405,2024,65
05170,2018,231
05170,2019,461
05170,2020,428
05170,2021,403
05170,2022,211
05170,2023,242
05170,2024,400
05762,2018,114
05762,2019,66
05762,2020,65
05762,2021,55
05762,2022,55
05762,2023,74
05762,2024,68
09162,2018,585
09162,2019,444
09162,2020,508
09162,2021,535
09162,2022,1049
09162,2023,415
09162,2024,434
09188,2018,59
09188,2019,54
09188,2020,55
09188,2021,47
09188,2022,91
09188,2023,97
09188,2024,97
06440,2018,128
06440,2019,270
06440,2020,232
06440,2021,144
06440,2022,217
06440,2023,124
06440,2024,123
08426,2018,68
08426,2019,95
08426,2020,85
08426,2021,91
08426,2022,79
08426,2023,81
08426,2024,91
09762,2018,34
09762,2019,35
09762,2020,20
09762,2021,43
09762,2022,15
09762,2023,22
09762,2024,21
05566,2018,253
05566,2019,358
05566,2020,411
05566,2021,144
05566,2022,176
05566,2023,205
05566,2024,325
07317,2018,42
07317,2019,43
07317,2020,36
07317,2021,15
07317,2022,24
07317,2023,13
07317,2024,24
03360,2018,53
03360,2019,78
03360,2020,46
03360,2021,74
03360,2022,89
03360,2023,38
03360,2024,40
05362,2018,275
05362,2019,507
05362,2020,456
05362,2021,223
05362,2022,376
05362,2023,179
05362,2024,220
09175,2018,75
09175,2019,64
09175,2020,53
09175,2021,60
09175,2022,100
09175,2023,126
09175,2024,55
06533,2018,98
06533,2019,89
06533,2020,75
06533,2021,89
06533,2022,75
06533,2023,83
06533,2024,99
05374,2018,156
05374,2019,142
05374,2020,284
05374,2021,268
05374,2022,124
05374,2023,240
05374,2024,287
07331,2018,78
07331,2019,77
07331,2020,61
07331,2021,68
07331,2022,70
07331,2023,69
07331,2024,62
09371,2018,41
09371,2019,32
09371,2020,44
09371,2021,54
09371,2022,48
09371,2023,47
09371,2024,53
03356,2018,93
03356,2019,64
03356,2020,71
03356,2021,48
03356,2022,56
03356,2023,51
03356,2024,59
03103,2018,114
03103,2019,76
03103,2020,77
03103,2021,68
03103,2022,84
03103,2023,74
03103,2024,57
09772,2018,134
09772,2019,134
09772,2020,126
09772,2021,151
09772,2022,117
09772,2023,190
09772,2024,231
09273,2018,40
09273,2019,89
09273,2020,54
09273,2021,63
09273,2022,54
09273,2023,50
09273,2024,80
06413,2018,31
06413,2019,29
06413,2020,27
06413,2021,35
06413,2022,35
06413,2023,31
06413,2024,33
05117,2018,127
05117,2019,58
05117,2020,75
05117,2021,107
05117,2022,94
05117,2023,65
05117,2024,85
07233,2018,43
07233,2019,51
07233,2020,41
07233,2021,21
07233,2022,38
07233,2023,25
07233,2024,48
07339,2018,110
07339,2019,92
07339,2020,89
07339,2021,125
07339,2022,126
07339,2023,217
07339,2024,93
09674,2018,29
09674,2019,33
09674,2020,38
09674,2021,33
09674,2022,72
09674,2023,38
09674,2024,35
08231,2018,62
08231,2019,50
08231,2020,38
08231,2021,130
08231,2022,48
08231,2023,39
08231,2024,103
09571,2018,158
09571,2019,150
09571,2020,72
09571,2021,92
09571,2022,71
09571,2023,67
09571,2024,71
04011,2018,480
04011,2019,211
04011,2020,220
04011,2021,511
04011,2022,491
04011,2023,220
04011,2024,228
05334,2018,552
05334,2019,306
05334,2020,257
05334,2021,207
05334,2022,246
05334,2023,233
05334,2024,197
05966,2018,75
05966,2019,67
05966,2020,63
05966,2021,74
05966,2022,47
05966,2023,58
05966,2024,47
08311,2018,111
08311,2019,141
08311,2020,154
08311,2021,141
08311,2022,48
08311,2023,53
08311,2024,62
06632,2018,54
06632,2019,66
06632,2020,113
06632,2021,72
06632,2022,98
06632,2023,62
06632,2024,72
05562,2018,657
05562,2019,302
05562,2020,285
05562,2021,263
05562,2022,285
05562,2023,255
05562,2024,310
09678,2018,99
09678,2019,62
09678,2020,43
09678,2021,52
09678,2022,42
09678,2023,57
09678,2024,88
05166,2018,291
05166,2019,127
05166,2020,126
05166,2021,134
05166,2022,247
05166,2023,120
05166,2024,110
08111,2018,231
08111,2019,205
08111,2020,178
08111,2021,471
08111,2022,186
08111,2023,168
08111,2024,375
09375,2018,97
09375,2019,78
09375,2020,96
09375,2021,78
09375,2022,89
09375,2023,91
09375,2024,76
05958,2018,235
05958,2019,134
05958,2020,119
05958,2021,125
05958,2022,124
05958,2023,111
05958,2024,131
09274,2018,64
09274,2019,84
09274,2020,89
09274,2021,138
09274,2022,75
09274,2023,68
09274,2024,131
07232,2018,120
07232,2019,103
07232,2020,99
07232,2021,88
07232,2022,79
07232,2023,84
07232,2024,93
05570,2018,116
05570,2019,130
05570,2020,160
05570,2021,134
05570,2022,102
05570,2023,151
05570,2024,128
05366,2018,188
05366,2019,107
05366,2020,87
05366,2021,88
05366,2022,105
05366,2023,95
05366,2024,98
05758,2018,106
05758,2019,177
05758,2020,164
05758,2021,83
05758,2022,158
05758,2023,64
05758,2024,73
05770,2018,294
05770,2019,322
05770,2020,197
05770,2021,148
05770,2022,302
05770,2023,188
05770,2024,175
07340,2018,60
07340,2019,53
07340,2020,127
07340,2021,46
07340,2022,89
07340,2023,45
07340,2024,41
08115,2018,158
08115,2019,145
08115,2020,164
08115,2021,174
08115,2022,135
08115,2023,157
08115,2024,145
05913,2018,542
05913,2019,513
05913,2020,271
05913,2021,284
05913,2022,526
05913,2023,281
05913,2024,263
06434,2018,194
06434,2019,127
06434,2020,105
06434,2021,115
06434,2022,137
06434,2023,104
06434,2024,89
09362,2018,49
09362,2019,46
09362,2020,48
09362,2021,44
09362,2022,51
09362,2023,46
09362,2024,43
09572,2018,62
09572,2019,68
09572,2020,67
09572,2021,73
09572,2022,70
09572,2023,64
09572,2024,141
09780,2018,73
09780,2019,72
09780,2020,79
09780,2021,86
09780,2022,70
09780,2023,66
09780,2024,60
07313,2018,19
07313,2019,22
07313,2020,13
07313,2021,15
07313,2022,10
07313,2023,39
07313,2024,19
09464,2018,67
09464,2019,35
09464,2020,21
09464,2021,42
09464,2022,16
09464,2023,18
09464,2024,18
05378,2018,214
05378,2019,214
05378,2020,140
05378,2021,117
05378,2022,225
05378,2023,140
05378,2024,116
05954,2018,317
05954,2019,166
05954,2020,188
05954,2021,156
05954,2022,288
05954,2023,167
05954,2024,156
07131,2018,68
07131,2019,56
07131,2020,144
07131,2021,52
07131,2022,52
07131,2023,52
07131,2024,52
09376,2018,63
09376,2019,59
09376,2020,57
09376,2021,68
09376,2022,118
09376,2023,65
09376,2024,48
05914,2018,180
05914,2019,99
05914,2020,79
05914,2021,81
05914,2022,172
05914,2023,94
05914,2024,104
09179,2018,185
09179,2019,185
09179,2020,88
09179,2021,90
09179,2022,89
09179,2023,79
09179,2024,108
08337,2018,75
08337,2019,129
08337,2020,155
08337,2021,82
08337,2022,69
08337,2023,63
08337,2024,53
03462,2018,72
03462,2019,31
03462,2020,33
03462,2021,35
03462,2022,35
03462,2023,21
03462,2024,28
08128,2018,45
08128,2019,60
08128,2020,54
08128,2021,40
08128,2022,41
08128,2023,50
08128,2024,54
05113,2018,541
05113,2019,288
05113,2020,220
05113,2021,206
05113,2022,235
05113,2023,243
05113,2024,213
06636,2018,72
06636,2019,56
06636,2020,56
06636,2021,36
06636,2022,64
06636,2023,54
06636,2024,48
09473,2018,53
09473,2019,55
09473,2020,49
09473,2021,48
09473,2022,41
09473,2023,51
09473,2024,74
05120,2018,44
05120,2019,53
05120,2020,115
05120,2021,95
05120,2022,88
05120,2023,36
05120,2024,46
09372,2018,41
09372,2019,44
09372,2020,46
09372,2021,82
09372,2022,41
09372,2023,50
09372,2024,47
07134,2018,29
07134,2019,30
07134,2020,47
07134,2021,66
07134,2022,35
07134,2023,45
07134,2024,63
08121,2018,59
08121,2019,36
08121,2020,58
08121,2021,49
08121,2022,66
08121,2023,33
08121,2024,93
09176,2018,67
09176,2019,57
09176,2020,62
09176,2021,96
09176,2022,48
09176,2023,52
09176,2024,82
07334,2018,52
07334,2019,73
07334,2020,57
07334,2021,66
07334,2022,82
07334,2023,60
07334,2024,48
06414,2018,151
06414,2019,135
06414,2020,247
06414,2021,143
06414,2022,112
06414,2023,124
06414,2024,96
03458,2018,54
03458,2019,101
03458,2020,59
03458,2021,93
03458,2022,47
03458,2023,53
03458,2024,80
09172,2018,39
09172,2019,39
09172,2020,37
09172,2021,40
09172,2022,78
09172,2023,36
09172,2024,64
06431,2018,212
06431,2019,147
06431,2020,124
06431,2021,122
06431,2022,154
06431,2023,131
06431,2024,130
03159,2018,272
03159,2019,271
03159,2020,152
03159,2021,160
03159,2022,243
03159,2023,214
03159,2024,248
09764,2018,17
09764,2019,16
09764,2020,17
09764,2021,41
09764,2022,13
09764,2023,19
09764,2024,40
05316,2018,233
05316,2019,225
05316,2020,92
05316,2021,166
05316,2022,183
05316,2023,115
05316,2024,89
01058,2018,131
01058,2019,150
01058,2020,117
01058,2021,100
01058,2022,89
01058,2023,76
01058,2024,102
09677,2018,33
09677,2019,61
09677,2020,105
09677,2021,97
09677,2022,50
09677,2023,109
09677,2024,95
09189,2018,70
09189,2019,65
09189,2020,75
09189,2021,116
09189,2022,80
09189,2023,54
09189,2024,126
05512,2018,116
05512,2019,59
05512,2020,53
05512,2021,43
05512,2022,48
05512,2023,50
05512,2024,56
03355,2018,162
03355,2019,93
03355,2020,111
03355,2021,125
03355,2022,113
03355,2023,114
03355,2024,78
07314,2018,119
07314,2019,56
07314,2020,119
07314,2021,150
07314,2022,96
07314,2023,69
07314,2024,59
09185,2018,43
09185,2019,36
09185,2020,40
09185,2021,42
09185,2022,71
09185,2023,42
09185,2024,80
09675,2018,32
09675,2019,43
09675,2020,29
09675,2021,50
09675,2022,61
09675,2023,34
09675,2024,75
09163,2018,26
09163,2019,28
09163,2020,25
09163,2021,40
09163,2022,30
09163,2023,18
09163,2024,24
01001,2018,48
01001,2019,85
01001,2020,25
01001,2021,29
01001,2022,31
01001,2023,62
01001,2024,27
03102,2018,103
03102,2019,59
03102,2020,55
03102,2021,52
03102,2022,44
03102,2023,45
03102,2024,55
09272,2018,63
09272,2019,37
09272,2020,64
09272,2021,74
09272,2022,38
09272,2023,29
09272,2024,21
08125,2018,155
08125,2019,151
08125,2020,140
08125,2021,171
08125,2022,139
08125,2023,122
08125,2024,306
09479,2018,30
09479,2019,83
09479,2020,33
09479,2021,65
09479,2022,35
09479,2023,24
09479,2024,58
08235,2018,69
08235,2019,73
08235,2020,136
08235,2021,79
08235,2022,62
08235,2023,46
08235,2024,50
09361,2018,16
09361,2019,15
09361,2020,16
09361,2021,12
09361,2022,16
09361,2023,18
09361,2024,19
06534,2018,129
06534,2019,125
06534,2020,200
06534,2021,116
06534,2022,96
06534,2023,77
06534,2024,111
09261,2018,15
09261,2019,16
09261,2020,33
09261,2021,44
09261,2022,17
09261,2023,20
09261,2024,57
09662,2018,19
09662,2019,21
09662,2020,17
09662,2021,41
09662,2022,39
09662,2023,18
09662,2024,36
08222,2018,109
08222,2019,115
08222,2020,302
08222,2021,118
08222,2022,114
08222,2023,102
08222,2024,77
06436,2018,58
06436,2019,43
06436,2020,90
06436,2021,51
06436,2022,53
06436,2023,44
06436,2024,48
03455,2018,62
03455,2019,100
03455,2020,113
03455,2021,43
03455,2022,51
03455,2023,89
03455,2024,50
09474,2018,50
09474,2019,54
09474,2020,47
09474,2021,27
09474,2022,53
09474,2023,37
09474,2024,88
09171,2018,42
09171,2019,53
09171,2020,47
09171,2021,45
09171,2022,75
09171,2023,44
09171,2024,41
09575,2018,67
09575,2019,52
09575,2020,44
09575,2021,75
09575,2022,48
09575,2023,48
09575,2024,82
09183,2018,54
09183,2019,47
09183,2020,45
09183,2021,39
09183,2022,39
09183,2023,51
09183,2024,49
09775,2018,144
09775,2019,79
09775,2020,158
09775,2021,139
09775,2022,64
09775,2023,79
09775,2024,63
09562,2018,45
09562,2019,40
09562,2020,34
09562,2021,73
09562,2022,26
09562,2023,33
09562,2024,72
03353,2018,160
03353,2019,121
03353,2020,124
03353,2021,141
03353,2022,124
03353,2023,127
03353,2024,97
05513,2018,253
05513,2019,114
05513,2020,120
05513,2021,110
05513,2022,115
05513,2023,117
05513,2024,121
08226,2018,211
08226,2019,229
08226,2020,471
08226,2021,282
08226,2022,263
08226,2023,465
08226,2024,452
09771,2018,56
09771,2019,42
09771,2020,71
09771,2021,107
09771,2022,90
09771,2023,92
09771,2024,103
03157,2018,54
03157,2019,101
03157,2020,84
03157,2021,65
03157,2022,73
03157,2023,88
03157,2024,38
09763,2018,21
09763,2019,44
09763,2020,25
09763,2021,25
09763,2022,12
09763,2023,15
09763,2024,36
05970,2018,139
05970,2019,134
05970,2020,137
05970,2021,238
05970,2022,218
05970,2023,196
05970,2024,106
05974,2018,288
05974,2019,253
05974,2020,157
05974,2021,252
05974,2022,250
05974,2023,124
05974,2024,154
07140,2018,57
07140,2019,44
07140,2020,49
07140,2021,51
07140,2022,47
07140,2023,56
07140,2024,57
03457,2018,153
03457,2019,147
03457,2020,87
03457,2021,72
03457,2022,157
03457,2023,69
03457,2024,141
07335,2018,53
07335,2019,50
07335,2020,56
07335,2021,57
07335,2022,65
07335,2023,55
07335,2024,48
03352,2018,199
03352,2019,112
03352,2020,124
03352,2021,113
03352,2022,95
03352,2023,101
03352,2024,108
09461,2018,31
09461,2019,19
09461,2020,19
09461,2021,53
09461,2022,24
09461,2023,26
09461,2024,65
07336,2018,18
07336,2019,18
07336,2020,41
07336,2021,30
07336,2022,51
07336,2023,27
07336,2024,16
03402,2018,32
03402,2019,40
03402,2020,49
03402,2021,45
03402,2022,47
03402,2023,34
03402,2024,22
07138,2018,202
07138,2019,94
07138,2020,217
07138,2021,179
07138,2022,210
07138,2023,184
07138,2024,167
09278,2018,46
09278,2019,45
09278,2020,44
09278,2021,41
09278,2022,40
09278,2023,41
09278,2024,82
09776,2018,23
09776,2019,66
09776,2020,30
09776,2021,35
09776,2022,34
09776,2023,29
09776,2024,69
03401,2018,39
03401,2019,41
03401,2020,34
03401,2021,50
03401,2022,38
03401,2023,35
03401,2024,43
09777,2018,50
09777,2019,53
09777,2020,62
09777,2021,99
09777,2022,67
09777,2023,53
09777,2024,113
08435,2018,92
08435,2019,96
08435,2020,191
08435,2021,89
08435,2022,99
08435,2023,79
08435,2024,147
05370,2018,261
05370,2019,140
05370,2020,137
05370,2021,141
05370,2022,111
05370,2023,114
05370,2024,142
03459,2018,157
03459,2019,292
03459,2020,205
03459,2021,233
03459,2022,137
03459,2023,140
03459,2024,182
05162,2018,439
05162,2019,240
05162,2020,218
05162,2021,197
05162,2022,403
05162,2023,218
05162,2024,243
05382,2018,523
05382,2019,288
05382,2020,258
05382,2021,272
05382,2022,252
05382,2023,249
05382,2024,283
06432,2018,162
06432,2019,155
06432,2020,139
06432,2021,161
06432,2022,167
06432,2023,145
06432,2024,149
09472,2018,50
09472,2019,57
09472,2020,99
09472,2021,97
09472,2022,101
09472,2023,97
09472,2024,96
08417,2018,82
08417,2019,111
08417,2020,77
08417,2021,73
08417,2022,133
08417,2023,156
08417,2024,148
01056,2018,357
01056,2019,155
01056,2020,168
01056,2021,128
01056,2022,139
01056,2023,121
01056,2024,113
07319,2018,34
07319,2019,31
07319,2020,86
07319,2021,76
07319,2022,91
07319,2023,40
07319,2024,81
01054,2018,80
01054,2019,84
01054,2020,84
01054,2021,70
01054,2022,85
01054,2023,158
01054,2024,66
08212,2018,74
08212,2019,77
08212,2020,93
08212,2021,221
08212,2022,168
08212,2023,90
08212,2024,192
08237,2018,49
08237,2019,33
08237,2020,89
08237,2021,40
08237,2022,94
08237,2023,40
08237,2024,77
09672,2018,47
09672,2019,44
09672,2020,32
09672,2021,42
09672,2022,42
09672,2023,37
09672,2024,35
03154,2018,45
03154,2019,57
03154,2020,72
03154,2021,72
03154,2022,33
03154,2023,82
03154,2024,31
09276,2018,33
09276,2019,34
09276,2020,57
09276,2021,56
09276,2022,31
09276,2023,28
09276,2024,75
08225,2018,69
08225,2019,50
08225,2020,121
08225,2021,117
08225,2022,123
08225,2023,51
08225,2024,97
05558,2018,193
05558,2019,113
05558,2020,110
05558,2021,92
05558,2022,195
05558,2023,88
05558,2024,77
08437,2018,65
08437,2019,63
08437,2020,54
08437,2021,118
08437,2022,56
08437,2023,63
08437,2024,61
09161,2018,48
09161,2019,43
09161,2020,104
09161,2021,101
09161,2022,39
09161,2023,91
09161,2024,96
09476,2018,31
09476,2019,35
09476,2020,58
09476,2021,29
09476,2022,45
09476,2023,19
09476,2024,41
08425,2018,91
08425,2019,91
08425,2020,104
08425,2021,91
08425,2022,72
08425,2023,96
08425,2024,104
05111,2018,630
05111,2019,241
05111,2020,183
05111,2021,428
05111,2022,204
05111,2023,223
05111,2024,232
07337,2018,60
07337,2019,57
07337,2020,102
07337,2021,56
07337,2022,120
07337,2023,48
07337,2024,53
05754,2018,237
05754,2019,150
05754,2020,117
05754,2021,155
05754,2022,94
05754,2023,113
05754,2024,175
08421,2018,43
08421,2019,91
08421,2020,77
08421,2021,64
08421,2022,38
08421,2023,44
08421,2024,65
09263,2018,16
09263,2019,19
09263,2020,32
09263,2021,39
09263,2022,6
09263,2023,14
09263,2024,30
09174,2018,69
09174,2019,53
09174,2020,148
09174,2021,106
09174,2022,116
09174,2023,110
09174,2024,123
07332,2018,56
07332,2019,65
07332,2020,65
07332,2021,140
07332,2022,58
07332,2023,63
07332,2024,62
03251,2018,89
03251,2019,192
03251,2020,184
03251,2021,106
03251,2022,80
03251,2023,158
03251,2024,178
03153,2018,112
03153,2019,50
03153,2020,50
03153,2021,102
03153,2022,53
03153,2023,105
03153,2024,65
06633,2018,258
06633,2019,227
06633,2020,239
06633,2021,227
06633,2022,226
06633,2023,121
06633,2024,187
09187,2018,105
09187,2019,115
09187,2020,206
09187,2021,218
09187,2022,208
09187,2023,215
09187,2024,201
08317,2018,193
08317,2019,164
08317,2020,153
08317,2021,313
08317,2022,140
08317,2023,150
08317,2024,147
05911,2018,176
05911,2019,152
05911,2020,160
05911,2021,306
05911,2022,293
05911,2023,149
05911,2024,298
09565,2018,22
09565,2019,19
09565,2020,18
09565,2021,18
09565,2022,10
09565,2023,15
09565,2024,16
08136,2018,129
08136,2019,150
08136,2020,121
08136,2021,246
08136,2022,136
08136,2023,121
08136,2024,243
09761,2018,237
09761,2019,113
09761,2020,232
09761,2021,110
09761,2022,101
09761,2023,212
09761,2024,106
08211,2018,22
08211,2019,35
08211,2020,34
08211,2021,24
08211,2022,40
08211,2023,13
08211,2024,33
09178,2018,93
09178,2019,88
09178,2020,136
09178,2021,160
09178,2022,76
09178,2023,62
09178,2024,77
09779,2018,58
09779,2019,55
09779,2020,88
09779,2021,105
09779,2022,45
09779,2023,49
09779,2024,82
08127,2018,84
08127,2019,79
08127,2020,71
08127,2021,68
08127,2022,70
08127,2023,73
08127,2024,96
05915,2018,135
05915,2019,101
05915,2020,122
05915,2021,69
05915,2022,157
05915,2023,102
05915,2024,90
08326,2018,101
08326,2019,97
08326,2020,166
08326,2021,179
08326,2022,73
08326,2023,79
08326,2024,204
03456,2018,58
03456,2019,96
03456,2020,72
03456,2021,52
03456,2022,103
03456,2023,36
03456,2024,92
09374,2018,41
09374,2019,44
09374,2020,42
09374,2021,30
09374,2022,48
09374,2023,43
09374,2024,51
03404,2018,71
03404,2019,78
03404,2020,112
03404,2021,122
03404,2022,49
03404,2023,82
03404,2024,63
07132,2018,76
07132,2019,60
07132,2020,157
07132,2021,62
07132,2022,115
07132,2023,60
07132,2024,62
05978,2018,425
05978,2019,192
05978,2020,184
05978,2021,312
05978,2022,338
05978,2023,187
05978,2024,191
08336,2018,213
08336,2019,98
08336,2020,85
08336,2021,209
08336,2022,100
08336,2023,175
08336,2024,85
05114,2018,269
05114,2019,164
05114,2020,147
05114,2021,114
05114,2022,223
05114,2023,144
05114,2024,159
08216,2018,188
08216,2019,113
08216,2020,105
08216,2021,205
08216,2022,87
08216,2023,153
08216,2024,96
06531,2018,112
06531,2019,138
06531,2020,196
06531,2021,148
06531,2022,207
06531,2023,85
06531,2024,103
09463,2018,18
09463,2019,23
09463,2020,36
09463,2021,19
09463,2022,13
09463,2023,15
09463,2024,15
05124,2018,337
05124,2019,152
05124,2020,141
05124,2021,309
05124,2022,116
05124,2023,160
05124,2024,164
03255,2018,47
03255,2019,19
03255,2020,34
03255,2021,61
03255,2022,25
03255,2023,44
03255,2024,30
08117,2018,124
08117,2019,118
08117,2020,222
08117,2021,131
08117,2022,165
08117,2023,104
08117,2024,210
03451,2018,62
03451,2019,79
03451,2020,63
03451,2021,97
03451,2022,75
03451,2023,111
03451,2024,63
06535,2018,46
06535,2019,32
06535,2020,80
06535,2021,95
06535,2022,79
06535,2023,56
06535,2024,50
05315,2018,1030
05315,2019,448
05315,2020,418
05315,2021,969
05315,2022,436
05315,2023,406
05315,2024,823
09676,2018,57
09676,2019,55
09676,2020,127
09676,2021,54
09676,2022,94
09676,2023,53
09676,2024,101
05711,2018,149
05711,2019,186
05711,2020,207
05711,2021,111
05711,2022,133
05711,2023,170
05711,2024,138
05158,2018,229
05158,2019,224
05158,2020,225
05158,2021,411
05158,2022,176
05158,2023,178
05158,2024,173
08221,2018,31
08221,2019,44
08221,2020,35
08221,2021,44
08221,2022,44
08221,2023,46
08221,2024,41
05515,2018,117
05515,2019,127
05515,2020,221
05515,2021,93
05515,2022,78
05515,2023,74
05515,2024,95
01060,2018,335
01060,2019,278
01060,2020,137
01060,2021,110
01060,2022,255
01060,2023,132
01060,2024,123
09177,2018,66
09177,2019,75
09177,2020,60
09177,2021,59
09177,2022,54
09177,2023,104
09177,2024,60
06611,2018,187
06611,2019,99
06611,2020,63
06611,2021,183
06611,2022,74
06611,2023,103
06611,2024,58
06411,2018,75
06411,2019,48
06411,2020,95
06411,2021,66
06411,2022,84
06411,2023,57
06411,2024,54
07133,2018,68
07133,2019,66
07133,2020,56
07133,2021,50
07133,2022,125
07133,2023,43
07133,2024,122
03359,2018,107
03359,2019,126
03359,2020,100
03359,2021,171
03359,2022,189
03359,2023,205
03359,2024,81
05119,2018,187
05119,2019,125
05119,2020,145
05119,2021,129
05119,2022,133
05119,2023,113
05119,2024,44
01059,2018,99
01059,2019,103
01059,2020,239
01059,2021,215
01059,2022,221
01059,2023,105
01059,2024,94
09373,2018,48
09373,2019,58
09373,2020,44
09373,2021,60
09373,2022,50
09373,2023,50
09373,2024,62
08415,2018,114
08415,2019,127
08415,2020,246
08415,2021,118
08415,2022,228
08415,2023,120
08415,2024,110
06437,2018,55
06437,2019,62
06437,2020,91
06437,2021,51
06437,2022,79
06437,2023,37
06437,2024,39
07315,2018,160
07315,2019,64
07315,2020,146
07315,2021,163
07315,2022,147
07315,2023,149
07315,2024,74
01003,2018,251
01003,2019,279
01003,2020,90
01003,2021,114
01003,2022,186
01003,2023,186
01003,2024,100
03357,2018,89
03357,2019,82
03357,2020,65
03357,2021,122
03357,2022,97
03357,2023,130
03357,2024,94
01002,2018,293
01002,2019,130
01002,2020,122
01002,2021,106
01002,2022,226
01002,2023,234
01002,2024,98
09663,2018,30
09663,2019,24
09663,2020,86
09663,2021,34
09663,2022,63
09663,2023,36
09663,2024,85
09574,2018,74
09574,2019,91
09574,2020,143
09574,2021,104
09574,2022,77
09574,2023,68
09574,2024,154
03460,2018,74
03460,2019,58
03460,2020,70
03460,2021,76
03460,2022,46
03460,2023,88
03460,2024,85
03257,2018,158
03257,2019,80
03257,2020,86
03257,2021,127
03257,2022,117
03257,2023,82
03257,2024,65
06433,2018,236
06433,2019,147
06433,2020,107
06433,2021,285
06433,2022,121
06433,2023,113
06433,2024,133
05916,2018,151
05916,2019,76
05916,2020,75
05916,2021,128
05916,2022,51
05916,2023,60
05916,2024,74
05154,2018,163
05154,2019,164
05154,2020,175
05154,2021,185
05154,2022,132
05154,2023,146
05154,2024,106
07311,2018,14
07311,2019,19
07311,2020,20
07311,2021,23
07311,2022,49
07311,2023,13
07311,2024,17
08315,2018,162
08315,2019,126
08315,2020,271
08315,2021,141
08315,2022,136
08315,2023,112
08315,2024,262
09774,2018,119
09774,2019,62
09774,2020,101
09774,2021,47
09774,2022,40
09774,2023,99
09774,2024,44
08119,2018,174
08119,2019,183
08119,2020,374
08119,2021,179
08119,2022,339
08119,2023,313
08119,2024,312
09271,2018,62
09271,2019,44
09271,2020,56
09271,2021,49
09271,2022,62
09271,2023,101
09271,2024,43
07235,2018,87
07235,2019,86
07235,2020,82
07235,2021,195
07235,2022,156
07235,2023,69
07235,2024,130
03453,2018,89
03453,2019,88
03453,2020,64
03453,2021,110
03453,2022,113
03453,2023,125
03453,2024,65
09561,2018,13
09561,2019,12
09561,2020,27
09561,2021,11
09561,2022,17
09561,2023,6
09561,2024,29
07141,2018,60
07141,2019,66
07141,2020,64
07141,2021,92
07141,2022,54
07141,2023,46
07141,2024,48
02000,2018,1485
02000,2019,679
02000,2020,649
02000,2021,1683
02000,2022,754
02000,2023,667
02000,2024,570
01055,2018,192
01055,2019,63
01055,2020,82
01055,2021,69
01055,2022,76
01055,2023,52
01055,2024,72
09182,2018,57
09182,2019,41
09182,2020,40
09182,2021,33
09182,2022,37
09182,2023,36
09182,2024,42
01051,2018,187
01051,2019,158
01051,2020,71
01051,2021,78
01051,2022,146
01051,2023,106
01051,2024,66
03101,2018,232
03101,2019,151
03101,2020,121
03101,2021,123
03101,2022,232
03101,2023,113
03101,2024,108
07338,2018,68
07338,2019,119
07338,2020,74
07338,2021,186
07338,2022,163
07338,2023,65
07338,2024,160
09471,2018,66
09471,2019,81
09471,2020,73
09471,2021,93
09471,2022,130
09471,2023,64
09471,2024,106
09778,2018,53
09778,2019,90
09778,2020,57
09778,2021,55
09778,2022,58
09778,2023,47
09778,2024,89
03403,2018,142
03403,2019,80
03403,2020,82
03403,2021,158
03403,2022,100
03403,2023,139
03403,2024,74
03354,2018,50
03354,2019,20
03354,2020,21
03354,2021,23
03354,2022,47
03354,2023,30
03354,2024,28
09275,2018,93
09275,2019,150
09275,2020,73
09275,2021,91
09275,2022,90
09275,2023,79
09275,2024,134
09173,2018,45
09173,2019,55
09173,2020,51
09173,2021,61
09173,2022,95
09173,2023,46
09173,2024,110
03252,2018,79
03252,2019,133
03252,2020,62
03252,2021,79
03252,2022,114
03252,2023,107
03252,2024,105
08327,2018,83
08327,2019,125
08327,2020,107
08327,2021,112
08327,2022,47
08327,2023,62
08327,2024,83
03158,2018,59
03158,2019,110
03158,2020,52
03158,2021,54
03158,2022,96
03158,2023,86
03158,2024,103
09262,2018,11
09262,2019,37
09262,2020,27
09262,2021,31
09262,2022,16
09262,2023,13
09262,2024,29
06634,2018,197
06634,2019,206
06634,2020,97
06634,2021,204
06634,2022,150
06634,2023,91
06634,2024,93
08416,2018,77
08416,2019,93
08416,2020,139
08416,2021,177
08416,2022,167
08416,2023,97
08416,2024,157
03358,2018,143
03358,2019,92
03358,2020,134
03358,2021,133
03358,2022,84
03358,2023,113
03358,2024,77
07231,2018,115
07231,2019,39
07231,2020,95
07231,2021,88
07231,2022,100
07231,2023,73
07231,2024,103
08135,2018,68
08135,2019,101
08135,2020,115
08135,2021,107
08135,2022,48
08135,2023,56
08135,2024,101
07320,2018,11
07320,2019,21
07320,2020,14
07320,2021,46
07320,2022,17
07320,2023,18
07320,2024,19
09186,2018,58
09186,2019,57
09186,2020,61
09186,2021,28
09186,2022,88
09186,2023,40
09186,2024,85
07111,2018,96
07111,2019,35
07111,2020,71
07111,2021,76
07111,2022,100
07111,2023,71
07111,2024,76
07316,2018,53
07316,2019,36
07316,2020,40
07316,2021,35
07316,2022,51
07316,2023,45
07316,2024,37
09190,2018,55
09190,2019,118
09190,2020,47
09190,2021,118
09190,2022,55
09190,2023,60
09190,2024,99
07333,2018,27
07333,2019,23
07333,2020,16
07333,2021,84
07333,2022,36
07333,2023,37
07333,2024,28
06532,2018,113
06532,2019,122
06532,2020,146
06532,2021,157
06532,2022,220
06532,2023,123
06532,2024,138
03256,2018,100
03256,2019,60
03256,2020,69
03256,2021,105
03256,2022,123
03256,2023,98
03256,2024,51
09377,2018,23
09377,2019,25
09377,2020,30
09377,2021,34
09377,2022,51
09377,2023,37
09377,2024,47
07137,2018,271
07137,2019,89
07137,2020,320
07137,2021,279
07137,2022,265
07137,2023,78
07137,2024,90
08118,2018,222
08118,2019,290
08118,2020,483
08118,2021,429
08118,2022,395
08118,2023,194
08118,2024,420
03461,2018,66
03461,2019,52
03461,2020,44
03461,2021,50
03461,2022,90
03461,2023,46
03461,2024,54
03452,2018,165
03452,2019,114
03452,2020,144
03452,2021,188
03452,2022,62
03452,2023,149
03452,2024,109
09573,2018,63
09573,2019,135
09573,2020,62
09573,2021,129
09573,2022,53
09573,2023,56
09573,2024,85
09279,2018,34
09279,2019,50
09279,2020,37
09279,2021,35
09279,2022,35
09279,2023,33
09279,2024,47
06438,2018,156
06438,2019,201
06438,2020,255
06438,2021,187
06438,2022,358
06438,2023,208
06438,2024,163
06412,2018,408
06412,2019,384
06412,2020,377
06412,2021,349
06412,2022,733
06412,2023,381
06412,2024,296
09475,2018,62
09475,2019,66
09475,2020,52
09475,2021,97
09475,2022,45
09475,2023,102
09475,2024,70
09671,2018,83
09671,2019,89
09671,2020,80
09671,2021,79
09671,2022,76
09671,2023,75
09671,2024,78
09462,2018,34
09462,2019,32
09462,2020,25
09462,2021,61
09462,2022,17
09462,2023,54
09462,2024,24
07312,2018,54
07312,2019,46
07312,2020,27
07312,2021,90
07312,2022,26
07312,2023,25
07312,2024,65
05358,2018,292
05358,2019,145
05358,2020,132
05358,2021,142
05358,2022,261
05358,2023,120
05358,2024,142
09577,2018,37
09577,2019,38
09577,2020,45
09577,2021,69
09577,2022,35
09577,2023,31
09577,2024,33
05554,2018,165
05554,2019,125
05554,2020,184
05554,2021,147
05554,2022,317
05554,2023,155
05554,2024,114
09773,2018,37
09773,2019,49
09773,2020,42
09773,2021,64
09773,2022,39
09773,2023,30
09773,2024,34
05314,2018,177
05314,2019,177
05314,2020,200
05314,2021,165
05314,2022,348
05314,2023,170
05314,2024,115
09564,2018,198
09564,2019,231
09564,2020,180
09564,2021,357
09564,2022,187
09564,2023,179
09564,2024,188
08126,2018,45
08126,2019,46
08126,2020,52
08126,2021,74
08126,2022,61
08126,2023,42
08126,2024,35
09181,2018,49
09181,2019,51
09181,2020,48
09181,2021,114
09181,2022,61
09181,2023,58
09181,2024,44
08335,2018,234
08335,2019,138
08335,2020,110
08335,2021,204
08335,2022,135
08335,2023,104
08335,2024,88
09679,2018,78
09679,2019,68
09679,2020,74
09679,2021,150
09679,2022,60
09679,2023,61
09679,2024,70
08215,2018,428
08215,2019,173
08215,2020,239
08215,2021,402
08215,2022,203
08215,2023,184
08215,2024,204
