ags,year,beds
10041,2024,2747
10042,2024,226
10043,2024,635
10044,2024,1013
10045,2024,1474
10046,2024,365
11000,2024,20119
12051,2024,997
12052,2024,1020
12053,2024,825
12054,2024,1570
12060,2024,1069
12061,2024,1192
12062,2024,448
12063,2024,427
12064,2024,748
12065,2024,1187
12066,2024,436
12067,2024,1420
12068,2024,948
12069,2024,696
12070,2024,326
12071,2024,427
12072,2024,500
12073,2024,676
13003,2024,1529
13004,2024,1300
13071,2024,1687
13072,2024,753
13073,2024,1131
13074,2024,588
13075,2024,2237
13076,2024,945
14511,2024,2121
14521,2024,2004
14522,2024,1295
14523,2024,1588
14524,2024,1940
14612,2024,3611
14625,2024,1594
14626,2024,1557
14627,2024,1135
14628,2024,1053
14713,2024,3842
14729,2024,1036
14730,2024,1399
15001,2024,809
15002,2024,2706
15003,2024,2050
15081,2024,328
15082,2024,767
15083,2024,535
15084,2024,935
15085,2024,1123
15086,2024,701
15087,2024,611
15088,2024,583
15089,2024,1062
15090,2024,827
15091,2024,560
16051,2024,1733
16052,2024,967
16053,2024,1166
16054,2024,600
16055,2024,634
16061,2024,304
16062,2024,975
16063,2024,983
16064,2024,1073
16065,2024,396
16066,2024,667
16067,2024,575
16069,2024,466
16070,2024,523
16071,2024,836
16072,2024,305
16073,2024,938
16074,2024,682
16076,2024,342
16077,2024,522
10041100,2024,1594
11001001,2024,4714
11002002,2024,32
11003003,2024,2266
11004004,2024,1884
11005005,2024,1081
11006006,2024,2090
11007007,2024,708
11008008,2024,118
11009009,2024,528
11010010,2024,888
11011011,2024,1192
11012012,2024,4618
06535,2024,603
07132,2024,359
07211,2024,1514
09763,2024,895
09177,2024,584
03353,2024,774
08125,2024,1164
06440,2024,1236
07334,2024,351
05358,2024,1669
09372,2024,639
03454,2024,1799
06636,2024,618
09478,2024,745
03460,2024,1037
08325,2024,796
05170,2024,2752
05334,2024,3859
05366,2024,1144
05962,2024,2501
02000,2024,12964
08221,2024,3225
05566,2024,2074
09462,2024,1433
05113,2024,4899
07137,2024,744
09183,2024,232
03257,2024,608
03459,2024,1549
06434,2024,1275
08335,2024,1446
09278,2024,370
03358,2024,389
08215,2024,866
03153,2024,973
03254,2024,1590
05914,2024,1284
03361,2024,254
07111,2024,1856
07231,2024,639
09563,2024,786
05774,2024,1787
05162,2024,1898
06432,2024,441
03241,2024,6786
05158,2024,2011
05374,2024,1532
06631,2024,1587
07315,2024,2115
08436,2024,1583
05166,2024,1371
07332,2024,538
05515,2024,3448
09180,2024,1332
01055,2024,1862
09662,2024,951
09188,2024,1287
09572,2024,155
09475,2024,604
09576,2024,270
08317,2024,2067
04011,2024,3186
05334002,2024,2568
08117,2024,1122
08127,2024,766
08316,2024,1015
03403,2024,1604
03452,2024,548
08437,2024,570
09271,2024,1365
07318,2024,704
09361,2024,535
05954,2024,1617
06437,2024,483
06412,2024,5200
05370,2024,869
09273,2024,440
08311,2024,2636
09564,2024,3406
03451,2024,978
01002,2024,3271
09761,2024,2833
09162,2024,10277
08121,2024,985
05512,2024,701
06632,2024,950
05558,2024,934
09774,2024,1150
06532,2024,1692
03455,2024,416
01001,2024,829
06431,2024,858
09577,2024,410
06531,2024,2422
05122,2024,752
07140,2024,227
06635,2024,1783
09181,2024,491
09773,2024,316
01054,2024,682
08425,2024,411
08435,2024,657
09673,2024,1043
03154,2024,918
05915,2024,1585
09173,2024,753
05766,2024,1301
06411,2024,1542
06436,2024,631
01058,2024,906
05916,2024,1635
05154,2024,1616
05978,2024,2695
07141,2024,611
05754,2024,743
03357,2024,895
03404,2024,1986
08126,2024,199
03157,2024,272
09185,2024,498
08336,2024,829
05114,2024,1970
08111,2024,4605
07233,2024,257
09261,2024,1135
09776,2024,583
09777,2024,608
09678,2024,579
09190,2024,382
03241001,2024,4516
06435,2024,1699
07138,2024,1498
09371,2024,192
09277,2024,605
08326,2024,1303
07133,2024,991
09189,2024,880
06534,2024,1541
08231,2024,1136
03251,2024,493
09661,2024,806
03458,2024,252
01062,2024,1115
09163,2024,791
05378,2024,1140
06611,2024,2681
07335,2024,540
05711,2024,3771
03359,2024,926
05762,2024,940
09474,2024,310
07333,2024,175
05770,2024,2028
09762,2024,636
05112,2024,4277
06414,2024,1817
09176,2024,366
05554,2024,1821
09461,2024,1136
05120,2024,1018
07316,2024,362
07314,2024,2039
09562,2024,2122
05562,2024,4021
09171,2024,440
09575,2024,410
08222,2024,2313
05314,2024,4201
08216,2024,361
05913,2024,3865
07319,2024,696
09477,2024,611
06433,2024,947
09463,2024,625
09464,2024,429
09275,2024,724
07317,2024,549
01056,2024,750
09674,2024,200
05970,2024,2114
06438,2024,752
09373,2024,460
08115,2024,1094
03352,2024,474
01057,2024,311
03103,2024,536
03456,2024,612
05382,2024,1191
07337,2024,722
03405,2024,476
09274,2024,185
01060,2024,1694
09772,2024,298
09179,2024,272
08116,2024,1937
08128,2024,1012
08421,2024,1545
01003,2024,835
09161,2024,1276
07131,2024,480
05362,2024,1350
08135,2024,477
09362,2024,2822
08315,2024,906
05758,2024,1159
09172,2024,638
05316,2024,872
03158,2024,302
07232,2024,420
03101,2024,1557
09182,2024,360
05513,2024,2205
09263,2024,475
09479,2024,322
05117,2024,911
03159,2024,3487
09764,2024,507
09565,2024,170
09677,2024,558
04012,2024,960
08136,2024,949
09779,2024,529
07134,2024,626
05111,2024,4295
09374,2024,204
06413,2024,1228
05124,2024,2166
05116,2024,1862
06634,2024,602
06439,2024,590
09561,2024,1087
09175,2024,328
08119,2024,1387
08226,2024,1434
09276,2024,332
08327,2024,289
09574,2024,912
05315,2024,6779
09672,2024,973
01004,2024,636
06633,2024,932
05570,2024,1294
08417,2024,516
03252,2024,1076
03351,2024,555
07312,2024,1028
07313,2024,665
06533,2024,950
09771,2024,280
09778,2024,348
01061,2024,609
09262,2024,740
09279,2024,110
03453,2024,489
05958,2024,2124
01059,2024,718
05119,2024,1087
05974,2024,2058
03256,2024,382
03155,2024,358
08416,2024,1952
08235,2024,1155
08212,2024,2193
09663,2024,2407
09472,2024,100
09187,2024,2869
05966,2024,771
09676,2024,267
07235,2024,297
07331,2024,614
09174,2024,488
01051,2024,744
08426,2024,606
05911,2024,3547
03360,2024,787
08225,2024,470
03461,2024,222
07135,2024,352
08118,2024,1467
07311,2024,299
09363,2024,649
03102,2024,393
09186,2024,230
03355,2024,874
09376,2024,544
08211,2024,762
08237,2024,445
03354,2024,106
09184,2024,989
09675,2024,240
08236,2024,334
09377,2024,240
03457,2024,768
03356,2024,263
07143,2024,530
03401,2024,286
07339,2024,113
03402,2024,370
08415,2024,963
09679,2024,121
09473,2024,84
03151,2024,423
03255,2024,24
09476,2024,240
09178,2024,325
09775,2024,330
08337,2024,691
03462,2024,163
01053,2024,582
09375,2024,245
09272,2024,365
07340,2024,77
09471,2024,312
09671,2024,42
09780,2024,203
