ags,year,rate_pct
10041,2011,1.7
10041,2012,2.1
10041,2013,2
10041,2014,1.7
10041,2015,1.6
10041,2016,1.5
10041,2017,1.2
10041,2018,1.1
10041,2019,1.1
10041,2020,0.8
10041,2021,0.7
10041,2022,1.4
10041,2023,1.5
10041,2024,1.6
10042,2011,0.9
10042,2012,1.3
10042,2013,1.1
10042,2014,1.1
10042,2015,1.2
10042,2016,0.7
10042,2017,0.9
10042,2018,1.1
10042,2019,0.9
10042,2020,0.6
10042,2021,0.4
10042,2022,0.8
10042,2023,1.1
10042,2024,1.6
10043,2011,1.7
10043,2012,2.1
10043,2013,1.9
10043,2014,1.4
10043,2015,1.7
10043,2016,1.1
10043,2017,1.1
10043,2018,0.8
10043,2019,0.8
10043,2020,0.7
10043,2021,0.8
10043,2022,1.3
10043,2023,2.2
10043,2024,1.8
10044,2011,1.7
10044,2012,2
10044,2013,1.9
10044,2014,1.7
10044,2015,1.8
10044,2016,1.3
10044,2017,1.1
10044,2018,1
10044,2019,0.7
10044,2020,0.9
10044,2021,0.8
10044,2022,1.6
10044,2023,1.6
10044,2024,2.3
10045,2011,1.5
10045,2012,1.8
10045,2013,1.7
10045,2014,1.5
10045,2015,1.7
10045,2016,1.6
10045,2017,1.7
10045,2018,1.3
10045,2019,1.1
10045,2020,1.2
10045,2021,0.9
10045,2022,1.9
10045,2023,2.3
10045,2024,2.2
10046,2011,1.4
10046,2012,1.6
10046,2013,2.6
10046,2014,1.3
10046,2015,1.4
10046,2016,1
10046,2017,1.1
10046,2018,0.9
10046,2019,0.8
10046,2020,0.9
10046,2021,0.7
10046,2022,1.2
10046,2023,1.7
10046,2024,3.3
11000,2011,1.9
11000,2012,1.6
11000,2013,1.6
11000,2014,1.4
11000,2015,1.3
11000,2016,1.1
11000,2017,1.1
11000,2018,1
11000,2019,1
11000,2020,0.9
11000,2021,1.1
11000,2022,1.2
11000,2023,1.2
11000,2024,2.7
12051,2011,0.9
12051,2012,1.1
12051,2013,1.7
12051,2014,1.3
12051,2015,0.9
12051,2016,0.4
12051,2017,0.3
12051,2018,0.6
12051,2019,1.3
12051,2020,1
12051,2021,0.6
12051,2022,0.9
12051,2023,1.7
12051,2024,2.3
12052,2011,1.8
12052,2012,0.9
12052,2013,1.6
12052,2014,1.7
12052,2015,1.9
12052,2016,1.5
12052,2017,0.6
12052,2018,0.8
12052,2019,1
12052,2020,1
12052,2021,1.1
12052,2022,1
12052,2023,2.2
12052,2024,3.3
12053,2011,0.9
12053,2012,0.4
12053,2013,1.4
12053,2014,1.6
12053,2015,1.4
12053,2016,0.7
12053,2017,0.6
12053,2018,0.7
12053,2019,0.9
12053,2020,0.2
12053,2021,0.4
12053,2022,0.7
12053,2023,0.6
12053,2024,0.5
12054,2011,3
12054,2012,2.3
12054,2013,2.3
12054,2014,2.2
12054,2015,1.7
12054,2016,1.3
12054,2017,1
12054,2018,0.9
12054,2019,0.8
12054,2020,0.5
12054,2021,0.9
12054,2022,1
12054,2023,2
12054,2024,2.5
12060,2011,1.4
12060,2012,0.6
12060,2013,0.7
12060,2014,0.9
12060,2015,1.4
12060,2016,0.6
12060,2017,0.4
12060,2018,0.4
12060,2019,0.5
12060,2020,0.3
12060,2021,0.3
12060,2022,0.2
12060,2023,1
12060,2024,1.6
12061,2011,2.2
12061,2012,0.7
12061,2013,1.3
12061,2014,2.1
12061,2015,1.5
12061,2016,0.9
12061,2017,0.9
12061,2018,0.8
12061,2019,0.7
12061,2020,0.6
12061,2021,0.7
12061,2022,0.5
12061,2023,1.3
12061,2024,2.2
12062,2011,2.8
12062,2012,1.1
12062,2013,1.1
12062,2014,1.8
12062,2015,1.2
12062,2016,1.1
12062,2017,0.7
12062,2018,0.5
12062,2019,0.7
12062,2020,0.5
12062,2021,0.9
12062,2022,0.8
12062,2023,1.6
12062,2024,1.9
12063,2011,1.5
12063,2012,1.4
12063,2013,1.4
12063,2014,1.2
12063,2015,1
12063,2016,0.9
12063,2017,0.6
12063,2018,0.8
12063,2019,0.7
12063,2020,0.7
12063,2021,1.1
12063,2022,1.7
12063,2023,1.6
12063,2024,2
12064,2011,2.3
12064,2012,0.7
12064,2013,1.1
12064,2014,1
12064,2015,1.3
12064,2016,1.4
12064,2017,0.7
12064,2018,0.7
12064,2019,0.8
12064,2020,0.5
12064,2021,0.5
12064,2022,0.6
12064,2023,1.1
12064,2024,1.2
12065,2011,2.1
12065,2012,1
12065,2013,0.7
12065,2014,2
12065,2015,1.9
12065,2016,1.3
12065,2017,1.2
12065,2018,1.3
12065,2019,1.6
12065,2020,1
12065,2021,0.9
12065,2022,0.8
12065,2023,1.6
12065,2024,3.4
12066,2011,2.8
12066,2012,1.5
12066,2013,1.4
12066,2014,1.1
12066,2015,0.9
12066,2016,0.5
12066,2017,0.5
12066,2018,0.3
12066,2019,0.8
12066,2020,0.4
12066,2021,0.6
12066,2022,1.3
12066,2023,2.3
12066,2024,2.6
12067,2011,1.5
12067,2012,0.7
12067,2013,0.9
12067,2014,1.5
12067,2015,1
12067,2016,0.5
12067,2017,0.9
12067,2018,0.8
12067,2019,0.8
12067,2020,0.7
12067,2021,0.4
12067,2022,0.3
12067,2023,1.2
12067,2024,1.4
12068,2011,3.9
12068,2012,1
12068,2013,1
12068,2014,1.3
12068,2015,1.1
12068,2016,0.8
12068,2017,0.9
12068,2018,0.5
12068,2019,0.9
12068,2020,1.1
12068,2021,0.9
12068,2022,2.3
12068,2023,3.2
12068,2024,2.2
12069,2011,1
12069,2012,0.7
12069,2013,0.5
12069,2014,1.3
12069,2015,1.2
12069,2016,1
12069,2017,1.2
12069,2018,0.7
12069,2019,1.3
12069,2020,1.2
12069,2021,0.8
12069,2022,0.7
12069,2023,1.1
12069,2024,3.1
12070,2011,2
12070,2012,0.4
12070,2013,0.5
12070,2014,1.2
12070,2015,0.6
12070,2016,0.5
12070,2017,0.3
12070,2018,0.5
12070,2019,0.2
12070,2020,0.1
12070,2021,0.1
12070,2022,0.5
12070,2023,1.7
12070,2024,1.8
12071,2011,2
12071,2012,0.7
12071,2013,1.1
12071,2014,1.2
12071,2015,0.9
12071,2016,0.4
12071,2017,0.4
12071,2018,0.1
12071,2019,0.5
12071,2020,0.4
12071,2021,0.4
12071,2022,0.6
12071,2023,0.5
12071,2024,1.4
12072,2011,1
12072,2012,0.6
12072,2013,1.1
12072,2014,0.9
12072,2015,1.5
12072,2016,0.9
12072,2017,0.7
12072,2018,0.8
12072,2019,0.8
12072,2020,0.7
12072,2021,0.7
12072,2022,0.8
12072,2023,1.5
12072,2024,1.9
12073,2011,0.9
12073,2012,0.6
12073,2013,1.1
12073,2014,1.2
12073,2015,0.8
12073,2016,1
12073,2017,0.6
12073,2018,0.6
12073,2019,1.2
12073,2020,0.9
12073,2021,1
12073,2022,1.6
12073,2023,2.1
12073,2024,2.1
13003,2011,2.5
13003,2012,2.3
13003,2013,2.3
13003,2014,2.3
13003,2015,1.7
13003,2016,1.7
13003,2017,1.5
13003,2018,0.9
13003,2019,1.1
13003,2020,1.1
13003,2021,1.8
13003,2022,2.8
13003,2023,2.5
13003,2024,2.8
13004,2011,2.9
13004,2012,3.3
13004,2013,2.3
13004,2014,1.7
13004,2015,1.6
13004,2016,0.8
13004,2017,1
13004,2018,0.8
13004,2019,0.8
13004,2020,0.8
13004,2021,1.4
13004,2022,5.6
13004,2023,4.6
13004,2024,3
13071,2011,1.9
13071,2012,1.7
13071,2013,1.6
13071,2014,1.2
13071,2015,0.7
13071,2016,0.7
13071,2017,0.4
13071,2018,0.7
13071,2019,0.6
13071,2020,0.6
13071,2021,1.2
13071,2022,1.3
13071,2023,1.4
13071,2024,2.1
13072,2011,1
13072,2012,1
13072,2013,1.1
13072,2014,1.7
13072,2015,1.2
13072,2016,1
13072,2017,0.9
13072,2018,0.5
13072,2019,0.5
13072,2020,0.4
13072,2021,0.3
13072,2022,0.6
13072,2023,1
13072,2024,1.1
13073,2011,1.3
13073,2012,1.5
13073,2013,1.7
13073,2014,1
13073,2015,0.5
13073,2016,0.5
13073,2017,0.4
13073,2018,0.3
13073,2019,0.6
13073,2020,0.3
13073,2021,0.7
13073,2022,1.7
13073,2023,1.8
13073,2024,1.1
13074,2011,2.3
13074,2012,1.4
13074,2013,1.2
13074,2014,1.6
13074,2015,1.1
13074,2016,0.8
13074,2017,1
13074,2018,0.8
13074,2019,1.1
13074,2020,1.1
13074,2021,0.9
13074,2022,1.5
13074,2023,2.6
13074,2024,2.7
13075,2011,1.4
13075,2012,1.2
13075,2013,1.5
13075,2014,0.9
13075,2015,0.9
13075,2016,1.1
13075,2017,1
13075,2018,0.8
13075,2019,0.8
13075,2020,0.6
13075,2021,1.3
13075,2022,1.6
13075,2023,1.1
13075,2024,1.7
13076,2011,1.3
13076,2012,1.1
13076,2013,0.6
13076,2014,0.7
13076,2015,0.8
13076,2016,0.4
13076,2017,0.3
13076,2018,0.3
13076,2019,0.4
13076,2020,0.6
13076,2021,0.7
13076,2022,1.1
13076,2023,0.8
13076,2024,1.3
14511,2011,1.4
14511,2012,1.6
14511,2013,1.9
14511,2014,1.7
14511,2015,1.1
14511,2016,0.9
14511,2017,0.8
14511,2018,0.4
14511,2019,0.9
14511,2020,0.7
14511,2021,0.7
14511,2022,0.7
14511,2023,1.1
14511,2024,1.2
14521,2011,0.5
14521,2012,0.6
14521,2013,1.1
14521,2014,0.8
14521,2015,0.5
14521,2016,0.4
14521,2017,0.6
14521,2018,0.7
14521,2019,0.5
14521,2020,0.4
14521,2021,0.3
14521,2022,0.7
14521,2023,0.5
14521,2024,0.7
14522,2011,0.8
14522,2012,0.7
14522,2013,1
14522,2014,0.6
14522,2015,0.8
14522,2016,0.6
14522,2017,0.6
14522,2018,0.7
14522,2019,0.7
14522,2020,0.5
14522,2021,1
14522,2022,1
14522,2023,1.3
14522,2024,1.8
14523,2011,1.6
14523,2012,1.2
14523,2013,1.8
14523,2014,1.3
14523,2015,1.5
14523,2016,1
14523,2017,1
14523,2018,1.1
14523,2019,1.3
14523,2020,1.3
14523,2021,0.9
14523,2022,1.3
14523,2023,1.2
14523,2024,2.2
14524,2011,0.8
14524,2012,0.7
14524,2013,1.3
14524,2014,1.8
14524,2015,1.3
14524,2016,0.7
14524,2017,0.7
14524,2018,0.7
14524,2019,0.7
14524,2020,0.4
14524,2021,0.6
14524,2022,1.1
14524,2023,0.5
14524,2024,0.8
14612,2011,1
14612,2012,1.5
14612,2013,1.2
14612,2014,0.9
14612,2015,0.9
14612,2016,1.1
14612,2017,1.2
14612,2018,1
14612,2019,1.2
14612,2020,1.1
14612,2021,1.2
14612,2022,1.5
14612,2023,1
14612,2024,1
14625,2011,1.1
14625,2012,1
14625,2013,1.6
14625,2014,0.8
14625,2015,0.4
14625,2016,0.8
14625,2017,0.6
14625,2018,0.6
14625,2019,0.8
14625,2020,0.8
14625,2021,0.6
14625,2022,0.5
14625,2023,0.6
14625,2024,1.3
14626,2011,0.9
14626,2012,0.9
14626,2013,1
14626,2014,1
14626,2015,0.5
14626,2016,0.7
14626,2017,0.5
14626,2018,0.8
14626,2019,0.8
14626,2020,0.4
14626,2021,0.1
14626,2022,0.1
14626,2023,0.2
14626,2024,0.9
14627,2011,1.5
14627,2012,1.1
14627,2013,1.3
14627,2014,0.8
14627,2015,1.1
14627,2016,0.6
14627,2017,0.7
14627,2018,0.6
14627,2019,0.8
14627,2020,0.9
14627,2021,0.8
14627,2022,0.6
14627,2023,0.8
14627,2024,1.1
14628,2011,0.5
14628,2012,0.8
14628,2013,1
14628,2014,0.8
14628,2015,0.7
14628,2016,0.5
14628,2017,0.5
14628,2018,0.5
14628,2019,0.5
14628,2020,0.6
14628,2021,0.3
14628,2022,1.9
14628,2023,1.3
14628,2024,1.1
14713,2011,1.6
14713,2012,1.8
14713,2013,1.3
14713,2014,1.1
14713,2015,1.3
14713,2016,1.2
14713,2017,1.1
14713,2018,1.2
14713,2019,1.4
14713,2020,1
14713,2021,1.1
14713,2022,0.9
14713,2023,0.9
14713,2024,1.9
14729,2011,1.1
14729,2012,1.2
14729,2013,0.8
14729,2014,0.9
14729,2015,1.5
14729,2016,0.9
14729,2017,0.9
14729,2018,0.7
14729,2019,0.8
14729,2020,0.6
14729,2021,0.9
14729,2022,1.1
14729,2023,1.7
14729,2024,2
14730,2011,0.7
14730,2012,0.9
14730,2013,1.6
14730,2014,1.4
14730,2015,1.2
14730,2016,0.8
14730,2017,0.9
14730,2018,0.9
14730,2019,0.8
14730,2020,0.6
14730,2021,0.7
14730,2022,0.6
14730,2023,0.9
14730,2024,1.5
15001,2011,0.9
15001,2012,1.6
15001,2013,1.3
15001,2014,0.9
15001,2015,1.4
15001,2016,1.4
15001,2017,0.5
15001,2018,1.3
15001,2019,1.1
15001,2020,1.3
15001,2021,1
15001,2022,3.3
15001,2023,3.4
15001,2024,2.5
15002,2011,2.5
15002,2012,2.1
15002,2013,1.9
15002,2014,1.3
15002,2015,1
15002,2016,1
15002,2017,1.3
15002,2018,0.7
15002,2019,0.9
15002,2020,0.7
15002,2021,0.9
15002,2022,1.2
15002,2023,2
15002,2024,2
15003,2011,1.8
15003,2012,1.7
15003,2013,1.4
15003,2014,1.2
15003,2015,1.2
15003,2016,1.2
15003,2017,0.8
15003,2018,0.5
15003,2019,0.5
15003,2020,0.3
15003,2021,0.4
15003,2022,0.7
15003,2023,1.3
15003,2024,1.9
15081,2011,2.1
15081,2012,1.9
15081,2013,1.7
15081,2014,1.2
15081,2015,1.3
15081,2016,0.9
15081,2017,0.9
15081,2018,0.5
15081,2019,0.6
15081,2020,0.3
15081,2021,0.9
15081,2022,1.1
15081,2023,2.3
15081,2024,1.6
15082,2011,1
15082,2012,1.5
15082,2013,1
15082,2014,1
15082,2015,0.6
15082,2016,0.6
15082,2017,0.6
15082,2018,0.6
15082,2019,0.7
15082,2020,0.5
15082,2021,0.5
15082,2022,1
15082,2023,0.9
15082,2024,0.9
15083,2011,1.2
15083,2012,0.7
15083,2013,1.3
15083,2014,1.6
15083,2015,0.8
15083,2016,0.5
15083,2017,0.5
15083,2018,0.4
15083,2019,0.8
15083,2020,0.4
15083,2021,0.7
15083,2022,0.9
15083,2023,0.5
15083,2024,2.3
15084,2011,1.1
15084,2012,1.2
15084,2013,1.3
15084,2014,0.5
15084,2015,0.6
15084,2016,0.3
15084,2017,0.5
15084,2018,0.6
15084,2019,0.4
15084,2020,0.6
15084,2021,0.3
15084,2022,0.8
15084,2023,1.2
15084,2024,1.4
15085,2011,0.7
15085,2012,1.4
15085,2013,1.1
15085,2014,0.9
15085,2015,0.7
15085,2016,0.4
15085,2017,0.4
15085,2018,0.8
15085,2019,0.7
15085,2020,0.6
15085,2021,0.8
15085,2022,0.4
15085,2023,0.2
15085,2024,1.2
15086,2011,0.7
15086,2012,1
15086,2013,1
15086,2014,0.3
15086,2015,0.4
15086,2016,0.3
15086,2017,0.4
15086,2018,0.4
15086,2019,0.5
15086,2020,0.4
15086,2021,1
15086,2022,1.3
15086,2023,1.4
15086,2024,1.8
15087,2011,1.3
15087,2012,2.7
15087,2013,1.4
15087,2014,2
15087,2015,2.6
15087,2016,1.3
15087,2017,0.9
15087,2018,1
15087,2019,0.9
15087,2020,1.1
15087,2021,1.7
15087,2022,2.5
15087,2023,2.2
15087,2024,3.4
15088,2011,1.1
15088,2012,1.1
15088,2013,1.2
15088,2014,0.6
15088,2015,0.7
15088,2016,0.6
15088,2017,0.4
15088,2018,0.3
15088,2019,0.4
15088,2020,0.6
15088,2021,0.4
15088,2022,0.8
15088,2023,1.3
15088,2024,1.7
15089,2011,1.2
15089,2012,2.1
15089,2013,1
15089,2014,1.2
15089,2015,0.9
15089,2016,0.6
15089,2017,0.9
15089,2018,0.6
15089,2019,0.6
15089,2020,0.5
15089,2021,0.9
15089,2022,1.5
15089,2023,2.1
15089,2024,1.6
15090,2011,3.8
15090,2012,1.4
15090,2013,1
15090,2014,2.1
15090,2015,1.5
15090,2016,0.6
15090,2017,0.6
15090,2018,1
15090,2019,0.6
15090,2020,1.9
15090,2021,1.6
15090,2022,3.2
15090,2023,2
15090,2024,2.1
15091,2011,0.6
15091,2012,1.2
15091,2013,1.4
15091,2014,1
15091,2015,0.5
15091,2016,0.4
15091,2017,0.6
15091,2018,0.3
15091,2019,0.5
15091,2020,0.3
15091,2021,0.6
15091,2022,2
15091,2023,1.1
15091,2024,2
16051,2011,1.4
16051,2012,0.7
16051,2013,1.4
16051,2014,1.3
16051,2015,1.5
16051,2016,1
16051,2017,1
16051,2018,0.6
16051,2019,0.9
16051,2020,0.7
16051,2021,0.8
16051,2022,0.9
16051,2023,0.8
16051,2024,1.1
16052,2011,1.5
16052,2012,2
16052,2013,1.8
16052,2014,1.8
16052,2015,0.8
16052,2016,0.3
16052,2017,0.8
16052,2018,0.3
16052,2019,0.2
16052,2020,0.5
16052,2021,0.6
16052,2022,0.7
16052,2023,1
16052,2024,2.4
16053,2011,0.5
16053,2012,1
16053,2013,0.9
16053,2014,0.8
16053,2015,0.7
16053,2016,0.6
16053,2017,0.6
16053,2018,0.8
16053,2019,0.8
16053,2020,0.7
16053,2021,0.6
16053,2022,0.6
16053,2023,1.6
16053,2024,2.5
16054,2011,3.1
16054,2012,2.7
16054,2013,2.2
16054,2014,0.4
16054,2015,0.6
16054,2016,0.6
16054,2017,1
16054,2018,0.4
16054,2019,0.4
16054,2020,0.7
16054,2021,1.3
16054,2022,0.5
16054,2023,1.5
16054,2024,0.8
16055,2011,0.8
16055,2012,1.8
16055,2013,0.9
16055,2014,0.6
16055,2015,0.6
16055,2016,0.8
16055,2017,0.8
16055,2018,1
16055,2019,0.7
16055,2020,0.5
16055,2021,0.8
16055,2022,1.4
16055,2023,0.9
16055,2024,3.1
16056,2011,2.5
16056,2012,1.6
16056,2013,1.1
16056,2014,1.1
16056,2015,1
16056,2016,1
16056,2017,0.8
16056,2018,0.7
16056,2019,1.2
16056,2020,1.2
16061,2011,1.4
16061,2012,1.2
16061,2013,2.7
16061,2014,1.3
16061,2015,1.3
16061,2016,0.8
16061,2017,0.5
16061,2018,0.6
16061,2019,0.7
16061,2020,0.7
16061,2021,0.8
16061,2022,3.2
16061,2023,0.9
16061,2024,2.1
16062,2011,1.4
16062,2012,1.2
16062,2013,1.4
16062,2014,1.2
16062,2015,1
16062,2016,0.9
16062,2017,1.2
16062,2018,0.8
16062,2019,0.6
16062,2020,0.5
16062,2021,0.9
16062,2022,1.1
16062,2023,1.1
16062,2024,1.4
16063,2011,1.3
16063,2012,2
16063,2013,1.3
16063,2014,0.9
16063,2015,0.7
16063,2016,0.7
16063,2017,0.6
16063,2018,0.9
16063,2019,1.1
16063,2020,0.8
16063,2021,1.7
16063,2022,1.1
16063,2023,0.9
16063,2024,0.9
16064,2011,2.5
16064,2012,2.8
16064,2013,1.7
16064,2014,2.3
16064,2015,2
16064,2016,0.8
16064,2017,1.1
16064,2018,0.6
16064,2019,0.8
16064,2020,0.7
16064,2021,0.8
16064,2022,2.2
16064,2023,2.2
16064,2024,3.9
16065,2011,0.8
16065,2012,1.8
16065,2013,0.8
16065,2014,1
16065,2015,0.8
16065,2016,0.7
16065,2017,0.9
16065,2018,0.7
16065,2019,0.5
16065,2020,0.3
16065,2021,0.5
16065,2022,1.1
16065,2023,0.8
16065,2024,0.4
16066,2011,1.3
16066,2012,1.8
16066,2013,1.8
16066,2014,1.7
16066,2015,1.5
16066,2016,0.9
16066,2017,0.6
16066,2018,0.8
16066,2019,1
16066,2020,0.4
16066,2021,1.1
16066,2022,0.9
16066,2023,1.7
16066,2024,1.9
16067,2011,1.3
16067,2012,0.9
16067,2013,1.2
16067,2014,0.9
16067,2015,0.6
16067,2016,0.4
16067,2017,0.5
16067,2018,0.4
16067,2019,0.7
16067,2020,0.6
16067,2021,0.6
16067,2022,1.1
16067,2023,1
16067,2024,0.7
16068,2011,2
16068,2012,1.3
16068,2013,1.2
16068,2014,0.7
16068,2015,1.4
16068,2016,1.1
16068,2017,1
16068,2018,0.3
16068,2019,0.5
16068,2020,0.5
16068,2021,0.2
16068,2022,0.8
16068,2023,0.7
16068,2024,0.7
16069,2011,1.9
16069,2012,1.3
16069,2013,1.5
16069,2014,2.4
16069,2015,2.3
16069,2016,0.9
16069,2017,0.6
16069,2018,0.8
16069,2019,1
16069,2020,0.9
16069,2021,0.4
16069,2022,0.2
16069,2023,0.5
16069,2024,2.1
16070,2011,2.6
16070,2012,2.3
16070,2013,1.4
16070,2014,1.6
16070,2015,1.4
16070,2016,1
16070,2017,1.4
16070,2018,0.5
16070,2019,0.9
16070,2020,0.5
16070,2021,0.8
16070,2022,1.7
16070,2023,0.9
16070,2024,1.1
16071,2011,1.2
16071,2012,2.8
16071,2013,1.5
16071,2014,1.6
16071,2015,0.7
16071,2016,1
16071,2017,0.9
16071,2018,0.5
16071,2019,0.5
16071,2020,1
16071,2021,0.9
16071,2022,0.8
16071,2023,1.2
16071,2024,1.6
16072,2011,2.1
16072,2012,2.4
16072,2013,1.6
16072,2014,1.1
16072,2015,1
16072,2016,0.5
16072,2017,0.7
16072,2018,0.9
16072,2019,0.9
16072,2020,0.3
16072,2021,0.6
16072,2022,0.8
16072,2023,0.5
16072,2024,2.2
16073,2011,1.7
16073,2012,1.3
16073,2013,1.2
16073,2014,1.5
16073,2015,1.1
16073,2016,0.8
16073,2017,0.7
16073,2018,0.9
16073,2019,1.4
16073,2020,0.9
16073,2021,1.2
16073,2022,2.6
16073,2023,1.8
16073,2024,1.6
16074,2011,1
16074,2012,0.7
16074,2013,1.5
16074,2014,0.4
16074,2015,0.6
16074,2016,0.4
16074,2017,0.3
16074,2018,1
16074,2019,0.6
16074,2020,0.5
16074,2021,0.5
16074,2022,0.5
16074,2023,0.2
16074,2024,0.5
16075,2011,1.5
16075,2012,0.7
16075,2013,0.9
16075,2014,0.7
16075,2015,0.5
16075,2016,0.2
16075,2017,0.5
16075,2018,0.6
16075,2019,0.7
16075,2020,0.9
16075,2021,0.8
16075,2022,1.9
16075,2023,1.3
16075,2024,1.4
16076,2011,1
16076,2012,2.3
16076,2013,1.1
16076,2014,1.2
16076,2015,0.9
16076,2016,0.9
16076,2017,0.7
16076,2018,0.7
16076,2019,0.2
16076,2020,0.6
16076,2021,0.8
16076,2022,0.9
16076,2023,0.4
16076,2024,0.1
16077,2011,0.9
16077,2012,1.7
16077,2013,0.5
16077,2014,0.6
16077,2015,0.9
16077,2016,0.2
16077,2017,0.4
16077,2018,0.7
16077,2019,0.6
16077,2020,0.5
16077,2021,0.3
16077,2022,0.6
16077,2023,1
16077,2024,1.6
11001001,2011,1.9
11001001,2012,1.1
11001001,2013,1.7
11001001,2014,1.5
11001001,2015,1.3
11001001,2016,1
11001001,2017,0.8
11001001,2018,0.8
11001001,2019,0.9
11001001,2020,1
11001001,2021,1.1
11001001,2022,1
11001001,2023,1.1
11002002,2011,1.7
11002002,2012,1.7
11002002,2013,1.5
11002002,2014,1.4
11002002,2015,1.2
11002002,2016,1
11002002,2017,1.1
11002002,2018,1.1
11002002,2019,1.4
11002002,2020,1.2
11002002,2021,1.5
11002002,2022,1.9
11002002,2023,2
11003003,2011,1.3
11003003,2012,1.2
11003003,2013,1.2
11003003,2014,1.1
11003003,2015,0.8
11003003,2016,0.7
11003003,2017,0.8
11003003,2018,0.8
11003003,2019,0.8
11003003,2020,0.8
11003003,2021,1
11003003,2022,0.7
11003003,2023,0.5
11004004,2011,2.4
11004004,2012,2
11004004,2013,1.7
11004004,2014,1.7
11004004,2015,1.5
11004004,2016,1.4
11004004,2017,1.3
11004004,2018,1.2
11004004,2019,0.9
11004004,2020,1.2
11004004,2021,1.8
11004004,2022,1.9
11004004,2023,1.6
11005005,2011,2.1
11005005,2012,1.9
11005005,2013,1.3
11005005,2014,1.3
11005005,2015,1
11005005,2016,1.1
11005005,2017,1.1
11005005,2018,1.1
11005005,2019,1.1
11005005,2020,0.9
11005005,2021,0.9
11005005,2022,1.2
11005005,2023,0.8
11006006,2011,2
11006006,2012,1.8
11006006,2013,1.6
11006006,2014,1.2
11006006,2015,1.4
11006006,2016,1.5
11006006,2017,1.5
11006006,2018,1.3
11006006,2019,1.4
11006006,2020,0.7
11006006,2021,0.9
11006006,2022,0.7
11006006,2023,0.9
11007007,2011,1.6
11007007,2012,1.5
11007007,2013,1.4
11007007,2014,1.4
11007007,2015,1.4
11007007,2016,1.3
11007007,2017,1.3
11007007,2018,1.2
11007007,2019,1.1
11007007,2020,1
11007007,2021,1.1
11007007,2022,1.6
11007007,2023,1.9
11008008,2011,2.3
11008008,2012,1.9
11008008,2013,1.5
11008008,2014,1.4
11008008,2015,1.2
11008008,2016,1.2
11008008,2017,1.3
11008008,2018,1.2
11008008,2019,1.2
11008008,2020,0.9
11008008,2021,1.1
11008008,2022,1.2
11008008,2023,1.4
11009009,2011,2.2
11009009,2012,2.1
11009009,2013,1.9
11009009,2014,1.6
11009009,2015,1.4
11009009,2016,1.3
11009009,2017,1.3
11009009,2018,1.2
11009009,2019,1.1
11009009,2020,0.9
11009009,2021,0.9
11009009,2022,1.1
11009009,2023,0.9
11010010,2011,2.2
11010010,2012,1.8
11010010,2013,1.3
11010010,2014,1.3
11010010,2015,1.3
11010010,2016,0.9
11010010,2017,1
11010010,2018,0.8
11010010,2019,0.6
11010010,2020,0.7
11010010,2021,0.6
11010010,2022,0.8
11010010,2023,0.6
11011011,2011,1.7
11011011,2012,1.6
11011011,2013,1.5
11011011,2014,1.4
11011011,2015,1.3
11011011,2016,1
11011011,2017,1
11011011,2018,0.8
11011011,2019,0.8
11011011,2020,0.6
11011011,2021,0.7
11011011,2022,0.8
11011011,2023,0.8
11012012,2011,1
11012012,2012,1.6
11012012,2013,1.7
11012012,2014,1.5
11012012,2015,1.2
11012012,2016,1.1
11012012,2017,0.9
11012012,2018,0.9
11012012,2019,0.6
11012012,2020,0.6
11012012,2021,0.9
11012012,2022,1
11012012,2023,1.3
09463,2011,1.4
09463,2012,1.5
09463,2013,1
09463,2014,1.2
09463,2015,0.9
09463,2016,1.3
09463,2017,1.1
09463,2018,0.7
09463,2019,0.8
09463,2020,0.9
09463,2021,0.5
09463,2022,1
09463,2023,2.8
09463,2024,5.2
09576,2011,1.7
09576,2012,1.7
09576,2013,1.5
09576,2014,1.3
09576,2015,1.3
09576,2016,0.8
09576,2017,0.7
09576,2018,1.3
09576,2019,1.6
09576,2020,1.3
09576,2021,1
09576,2022,1.4
09576,2023,3.5
09576,2024,4.9
07133,2011,1.6
07133,2012,1.9
07133,2013,1.6
07133,2014,1.6
07133,2015,1.6
07133,2016,1.7
07133,2017,1.2
07133,2018,0.8
07133,2019,1.1
07133,2020,1.2
07133,2021,1.1
07133,2022,1.8
07133,2023,1.7
07133,2024,1.7
08236,2011,0.7
08236,2012,1
08236,2013,0.9
08236,2014,0.8
08236,2015,0.9
08236,2016,0.8
08236,2017,0.7
08236,2018,0.6
08236,2019,0.7
08236,2020,0.6
08236,2021,0.8
08236,2022,0.9
08236,2023,0.9
08236,2024,1.3
09779,2011,1.3
09779,2012,1.8
09779,2013,1.5
09779,2014,1.3
09779,2015,1
09779,2016,0.9
09779,2017,1.1
09779,2018,1
09779,2019,0.8
09779,2020,0.8
09779,2021,0.9
09779,2022,1.1
09779,2023,1
09779,2024,1.6
09673,2011,1.8
09673,2012,1.4
09673,2013,1.6
09673,2014,1.9
09673,2015,0.9
09673,2016,1.1
09673,2017,1
09673,2018,1
09673,2019,0.6
09673,2020,1.6
09673,2021,1.3
09673,2022,1.6
09673,2023,1.4
09673,2024,2.8
05119,2011,1.6
05119,2012,1.9
05119,2013,1.8
05119,2014,1.6
05119,2015,1.6
05119,2016,0.5
05119,2017,0.8
05119,2018,0.7
05119,2019,0.5
05119,2020,0.5
05119,2021,0.9
05119,2022,1.2
05119,2023,1.3
05119,2024,1.5
09163,2011,1
09163,2012,1.1
09163,2013,1
09163,2014,0.9
09163,2015,1
09163,2016,1
09163,2017,0.9
09163,2018,0.8
09163,2019,0.9
09163,2020,1.1
09163,2021,1.5
09163,2022,1.1
09163,2023,1.2
09163,2024,2.1
08316,2011,1.8
08316,2012,2
08316,2013,1.9
08316,2014,1.2
08316,2015,1.4
08316,2016,1.2
08316,2017,1.2
08316,2018,1
08316,2019,1
08316,2020,0.8
08316,2021,0.9
08316,2022,1.1
08316,2023,2.1
08316,2024,2.1
03254,2011,2
03254,2012,2.1
03254,2013,1.9
03254,2014,2
03254,2015,1.5
03254,2016,1.3
03254,2017,1.2
03254,2018,1.4
03254,2019,1.6
03254,2020,1.7
03254,2021,1.9
03254,2022,1.7
03254,2023,2.5
03254,2024,3.2
09180,2011,0.4
09180,2012,0.6
09180,2013,0.6
09180,2014,0.3
09180,2015,0.6
09180,2016,0.5
09180,2017,0.7
09180,2018,0.8
09180,2019,0.8
09180,2020,0.5
09180,2021,0.9
09180,2022,0.7
09180,2023,1.1
09180,2024,3.3
09183,2011,1
09183,2012,1.2
09183,2013,0.9
09183,2014,0.8
09183,2015,0.6
09183,2016,0.6
09183,2017,0.8
09183,2018,0.5
09183,2019,0.8
09183,2020,1.1
09183,2021,1.1
09183,2022,1.5
09183,2023,1.7
09183,2024,3
08436,2011,1.5
08436,2012,1.6
08436,2013,1.5
08436,2014,1.4
08436,2015,1.2
08436,2016,1.3
08436,2017,1
08436,2018,0.9
08436,2019,1
08436,2020,0.8
08436,2021,0.8
08436,2022,1.1
08436,2023,1.1
08436,2024,2.2
05711,2011,2.4
05711,2012,2.8
05711,2013,1.8
05711,2014,1.4
05711,2015,1
05711,2016,1
05711,2017,1
05711,2018,1.1
05711,2019,1.2
05711,2020,0.7
05711,2021,0.5
05711,2022,0.6
05711,2023,1
05711,2024,1.4
03454,2011,1
03454,2012,0.9
03454,2013,0.7
03454,2014,0.8
03454,2015,0.5
03454,2016,0.6
03454,2017,0.5
03454,2018,0.4
03454,2019,0.7
03454,2020,0.5
03454,2021,0.7
03454,2022,0.9
03454,2023,1.3
03454,2024,1.5
08116,2011,1.3
08116,2012,1.5
08116,2013,1.4
08116,2014,1.4
08116,2015,1.5
08116,2016,1.1
08116,2017,1
08116,2018,0.9
08116,2019,1.2
08116,2020,1
08116,2021,0.9
08116,2022,1
08116,2023,1.2
08116,2024,1.7
09363,2011,2.3
09363,2012,2.7
09363,2013,1.5
09363,2014,1.8
09363,2015,1.8
09363,2016,1.6
09363,2017,1
09363,2018,1.6
09363,2019,1
09363,2020,1
09363,2021,1.5
09363,2022,1.2
09363,2023,3.7
09363,2024,5.5
03404,2011,2
03404,2012,1.9
03404,2013,1.9
03404,2014,1.6
03404,2015,1.8
03404,2016,1.5
03404,2017,1.4
03404,2018,1.5
03404,2019,1.9
03404,2020,1.7
03404,2021,2
03404,2022,1.4
03404,2023,2.3
03404,2024,3.2
05116,2011,1.8
05116,2012,1.8
05116,2013,1.7
05116,2014,1.7
05116,2015,1.5
05116,2016,1.3
05116,2017,1.2
05116,2018,0.9
05116,2019,1.1
05116,2020,0.6
05116,2021,0.7
05116,2022,0.9
05116,2023,1.8
05116,2024,3
07143,2011,1.8
07143,2012,1.9
07143,2013,1.8
07143,2014,1.5
07143,2015,1.3
07143,2016,1.1
07143,2017,1
07143,2018,1.1
07143,2019,1.2
07143,2020,0.6
07143,2021,1
07143,2022,1.5
07143,2023,1.7
07143,2024,1.7
06439,2011,1.8
06439,2012,2.1
06439,2013,1.7
06439,2014,1.8
06439,2015,1.2
06439,2016,1.5
06439,2017,1.3
06439,2018,1.3
06439,2019,1.2
06439,2020,1.2
06439,2021,1.1
06439,2022,1.3
06439,2023,1.3
06439,2024,2.2
04011,2011,0.9
04011,2012,1
04011,2013,1.7
04011,2014,2
04011,2015,2
04011,2016,1.4
04011,2017,1.3
04011,2018,1.4
04011,2019,1.5
04011,2020,1.3
04011,2021,1.5
04011,2022,1.8
04011,2023,3
04011,2024,2.9
05334,2011,1.4
05334,2012,1.9
05334,2013,2.1
05334,2014,1.7
05334,2015,1.5
05334,2016,1.4
05334,2017,1.3
05334,2018,1.2
05334,2019,1
05334,2020,0.9
05334,2021,0.8
05334,2022,0.8
05334,2023,1.3
05334,2024,3.7
03257,2011,1.7
03257,2012,2
03257,2013,1.8
03257,2014,1.3
03257,2015,2
03257,2016,1.5
03257,2017,1.4
03257,2018,1
03257,2019,1.8
03257,2020,1.4
03257,2021,1.5
03257,2022,2.2
03257,2023,2
03257,2024,3.7
03151,2011,1.4
03151,2012,1.9
03151,2013,1.6
03151,2014,1.5
03151,2015,1.7
03151,2016,1.8
03151,2017,1.4
03151,2018,1.5
03151,2019,1.5
03151,2020,1.2
03151,2021,1
03151,2022,1.1
03151,2023,1.2
03151,2024,1.4
03354,2011,0.3
03354,2012,0.8
03354,2013,0.7
03354,2014,0.4
03354,2015,0.5
03354,2016,0.4
03354,2017,0.7
03354,2018,0.7
03354,2019,1
03354,2020,0.5
03354,2021,0.7
03354,2022,2.4
03354,2023,1.6
03354,2024,2.6
09661,2011,1.9
09661,2012,1.9
09661,2013,1.6
09661,2014,1.6
09661,2015,1.2
09661,2016,1.4
09661,2017,1.2
09661,2018,1.1
09661,2019,1.1
09661,2020,1.1
09661,2021,1.4
09661,2022,1.9
09661,2023,3.2
09661,2024,4.3
03101,2011,1.6
03101,2012,2.3
03101,2013,2.2
03101,2014,1.6
03101,2015,1.8
03101,2016,1.6
03101,2017,1.7
03101,2018,1
03101,2019,1.1
03101,2020,1.5
03101,2021,1.7
03101,2022,2.1
03101,2023,2.8
03101,2024,3.8
06631,2011,2.9
06631,2012,3
06631,2013,2.3
06631,2014,2
06631,2015,1.9
06631,2016,1.6
06631,2017,1.5
06631,2018,1.5
06631,2019,1.6
06631,2020,1.4
06631,2021,1.5
06631,2022,2.2
06631,2023,2.1
06631,2024,2.4
09263,2011,1.9
09263,2012,1.5
09263,2013,1.5
09263,2014,1.1
09263,2015,1.5
09263,2016,1
09263,2017,0.8
09263,2018,0.7
09263,2019,0.8
09263,2020,0.7
09263,2021,0.9
09263,2022,0.9
09263,2023,2
09263,2024,6.8
09563,2011,1.2
09563,2012,1.4
09563,2013,1.1
09563,2014,0.8
09563,2015,1.1
09563,2016,0.7
09563,2017,0.6
09563,2018,0.9
09563,2019,1.1
09563,2020,1.3
09563,2021,1.3
09563,2022,1
09563,2023,1.3
09563,2024,2.3
01057,2011,2
01057,2012,2.8
01057,2013,2.2
01057,2014,1.8
01057,2015,1.1
01057,2016,1
01057,2017,0.9
01057,2018,0.7
01057,2019,1.3
01057,2020,0.8
01057,2021,1.4
01057,2022,3.3
01057,2023,4.4
01057,2024,4.9
03351,2011,2.2
03351,2012,1.6
03351,2013,1.9
03351,2014,1.8
03351,2015,2.2
03351,2016,1.1
03351,2017,1.5
03351,2018,1.3
03351,2019,2.4
03351,2020,1.9
03351,2021,1.2
03351,2022,0.9
03351,2023,1.5
03351,2024,2.4
08119,2011,1.2
08119,2012,1.3
08119,2013,1.3
08119,2014,1.3
08119,2015,1.2
08119,2016,1.2
08119,2017,1.2
08119,2018,1
08119,2019,1.2
08119,2020,1.1
08119,2021,1.1
08119,2022,1.6
08119,2023,1.1
08119,2024,1.2
07333,2011,1.9
07333,2012,2.6
07333,2013,1.8
07333,2014,2.2
07333,2015,1.7
07333,2016,1.7
07333,2017,1.5
07333,2018,1.5
07333,2019,1.4
07333,2020,0.5
07333,2021,1.7
07333,2022,1.6
07333,2023,0.4
07333,2024,1.5
07211,2011,2.8
07211,2012,3.1
07211,2013,2.6
07211,2014,1.6
07211,2015,2
07211,2016,1.1
07211,2017,1.5
07211,2018,1.4
07211,2019,1.5
07211,2020,1
07211,2021,1.1
07211,2022,1.3
07211,2023,2.7
07211,2024,2.8
03457,2011,1.2
03457,2012,1.2
03457,2013,1.1
03457,2014,0.9
03457,2015,1
03457,2016,0.8
03457,2017,0.8
03457,2018,0.7
03457,2019,1.1
03457,2020,0.8
03457,2021,0.9
03457,2022,0.6
03457,2023,0.6
03457,2024,0.6
01061,2011,1.7
01061,2012,2.3
01061,2013,2.3
01061,2014,1.6
01061,2015,1.2
01061,2016,0.4
01061,2017,1
01061,2018,1.4
01061,2019,1.5
01061,2020,1.6
01061,2021,1.5
01061,2022,2.7
01061,2023,5.2
01061,2024,6.1
03154,2011,1.8
03154,2012,1.6
03154,2013,1.7
03154,2014,0.8
03154,2015,1.1
03154,2016,0.8
03154,2017,1.1
03154,2018,1
03154,2019,1.6
03154,2020,1.1
03154,2021,1.2
03154,2022,1.6
03154,2023,1.3
03154,2024,1
05962,2011,1.5
05962,2012,1.6
05962,2013,1.6
05962,2014,1.2
05962,2015,1.1
05962,2016,1
05962,2017,0.9
05962,2018,0.9
05962,2019,1.1
05962,2020,0.8
05962,2021,0.9
05962,2022,1.5
05962,2023,1.7
05962,2024,2.1
09676,2011,1.4
09676,2012,1.4
09676,2013,1.3
09676,2014,1.1
09676,2015,0.8
09676,2016,1
09676,2017,0.7
09676,2018,0.8
09676,2019,1
09676,2020,0.8
09676,2021,1.1
09676,2022,2.3
09676,2023,1.9
09676,2024,2.9
01004,2011,3.9
01004,2012,3.2
01004,2013,2.9
01004,2014,2.1
01004,2015,2.1
01004,2016,1.2
01004,2017,1.1
01004,2018,1
01004,2019,1.1
01004,2020,0.8
01004,2021,0.6
01004,2022,1.3
01004,2023,1.1
01004,2024,4.4
03241,2011,2.2
03241,2012,2.3
03241,2013,1.9
03241,2014,1.8
03241,2015,1.6
03241,2016,1.6
03241,2017,1.5
03241,2018,1.3
03241,2019,1.5
03241,2020,1.2
03241,2021,1.2
03241,2022,1.2
03241,2023,1.5
03241,2024,2.3
06634,2011,2.4
06634,2012,2.4
06634,2013,1.9
06634,2014,1.7
06634,2015,1.3
06634,2016,1.1
06634,2017,1
06634,2018,0.9
06634,2019,1.1
06634,2020,0.9
06634,2021,1
06634,2022,1.1
06634,2023,1.4
06634,2024,1.8
05774,2011,2.3
05774,2012,2
05774,2013,1.6
05774,2014,2.2
05774,2015,1.5
05774,2016,1.4
05774,2017,1.4
05774,2018,1.4
05774,2019,1.8
05774,2020,1.4
05774,2021,1.5
05774,2022,2.6
05774,2023,3.3
05774,2024,3.4
07320,2011,1.1
07320,2012,1.3
07320,2013,1.4
07320,2014,1.8
07320,2015,0.5
07320,2016,1.2
07320,2017,0.5
07320,2018,1.3
07320,2019,1.6
07320,2020,1
07320,2021,0.4
07320,2022,0.5
07320,2023,3.6
07320,2024,6.6
03361,2011,2.3
03361,2012,2.1
03361,2013,1.9
03361,2014,2.1
03361,2015,2.1
03361,2016,1.5
03361,2017,1.2
03361,2018,1.1
03361,2019,1.7
03361,2020,1.1
03361,2021,0.9
03361,2022,1
03361,2023,1.4
03361,2024,1.3
01062,2011,1.8
01062,2012,2.1
01062,2013,2
01062,2014,1.5
01062,2015,1.6
01062,2016,1.6
01062,2017,1.4
01062,2018,1.4
01062,2019,1.5
01062,2020,1.2
01062,2021,1.2
01062,2022,1.1
01062,2023,2.1
01062,2024,4.4
05754,2011,2
05754,2012,1.9
05754,2013,1.7
05754,2014,1.3
05754,2015,1.2
05754,2016,1.3
05754,2017,1.2
05754,2018,1.2
05754,2019,1.4
05754,2020,1.1
05754,2021,1.4
05754,2022,1.8
05754,2023,2.1
05754,2024,2.1
09476,2011,1.5
09476,2012,1.2
09476,2013,0.7
09476,2014,1
09476,2015,0.2
09476,2016,1.2
09476,2017,0.8
09476,2018,1.1
09476,2019,0.6
09476,2020,0.4
09476,2021,0.7
09476,2022,1.3
09476,2023,1.5
09476,2024,2.8
05762,2011,2.5
05762,2012,3.1
05762,2013,2.7
05762,2014,2.2
05762,2015,1.9
05762,2016,1.6
05762,2017,1.4
05762,2018,1.3
05762,2019,1.4
05762,2020,0.6
05762,2021,2.1
05762,2022,1.8
05762,2023,3.3
05762,2024,2.7
08426,2011,1
08426,2012,1.5
08426,2013,1.5
08426,2014,1.3
08426,2015,1.1
08426,2016,0.9
08426,2017,1
08426,2018,0.8
08426,2019,0.7
08426,2020,0.6
08426,2021,0.7
08426,2022,0.7
08426,2023,0.9
08426,2024,2.2
09188,2011,0.8
09188,2012,0.7
09188,2013,0.9
09188,2014,0.8
09188,2015,0.7
09188,2016,0.8
09188,2017,1.2
09188,2018,1.1
09188,2019,1.4
09188,2020,1.1
09188,2021,0.9
09188,2022,1.2
09188,2023,1.3
09188,2024,2.1
09176,2011,1.2
09176,2012,1.3
09176,2013,1.1
09176,2014,1.1
09176,2015,1.1
09176,2016,0.7
09176,2017,1
09176,2018,0.6
09176,2019,1.3
09176,2020,0.7
09176,2021,1
09176,2022,1.3
09176,2023,2
09176,2024,3.2
09771,2011,0.9
09771,2012,1.2
09771,2013,1.3
09771,2014,0.9
09771,2015,0.8
09771,2016,1
09771,2017,1.1
09771,2018,0.9
09771,2019,1
09771,2020,0.9
09771,2021,1
09771,2022,0.7
09771,2023,1
09771,2024,2.7
06414,2011,2.3
06414,2012,2.5
06414,2013,2.1
06414,2014,1.7
06414,2015,1.6
06414,2016,1.5
06414,2017,1.6
06414,2018,1.4
06414,2019,1.6
06414,2020,1.4
06414,2021,1.2
06414,2022,1.6
06414,2023,1.6
06414,2024,2.7
08416,2011,1.2
08416,2012,1.7
08416,2013,1.6
08416,2014,1.5
08416,2015,1.9
08416,2016,1.7
08416,2017,1.4
08416,2018,1.1
08416,2019,1.5
08416,2020,1.3
08416,2021,1.7
08416,2022,1.8
08416,2023,1.9
08416,2024,3.4
06534,2011,1.7
06534,2012,2.2
06534,2013,1.9
06534,2014,1.9
06534,2015,1.6
06534,2016,1.4
06534,2017,1.2
06534,2018,1.2
06534,2019,1.2
06534,2020,1
06534,2021,1.6
06534,2022,2
06534,2023,1.3
06534,2024,1.9
05374,2011,1.4
05374,2012,1.5
05374,2013,1.6
05374,2014,1.5
05374,2015,1.5
05374,2016,1.1
05374,2017,1.2
05374,2018,1.1
05374,2019,1.3
05374,2020,0.9
05374,2021,1.2
05374,2022,1.9
05374,2023,3
05374,2024,2.1
07331,2011,2
07331,2012,2.9
07331,2013,2.1
07331,2014,2
07331,2015,1.9
07331,2016,1.5
07331,2017,1.3
07331,2018,1.2
07331,2019,1.5
07331,2020,1.4
07331,2021,1.7
07331,2022,2.2
07331,2023,2.1
07331,2024,2.4
09663,2011,2.3
09663,2012,2.7
09663,2013,2
09663,2014,1.9
09663,2015,1.9
09663,2016,1.9
09663,2017,1.3
09663,2018,1.2
09663,2019,1.2
09663,2020,1.2
09663,2021,1.6
09663,2022,2.2
09663,2023,3.1
09663,2024,3.1
08136,2011,1.7
08136,2012,1.7
08136,2013,1.4
08136,2014,1.3
08136,2015,1.2
08136,2016,1.1
08136,2017,1.1
08136,2018,1
08136,2019,1.1
08136,2020,1
08136,2021,1.1
08136,2022,1.3
08136,2023,1.3
08136,2024,2
09273,2011,1.3
09273,2012,1.8
09273,2013,1.3
09273,2014,1.2
09273,2015,0.9
09273,2016,0.9
09273,2017,0.9
09273,2018,0.7
09273,2019,0.9
09273,2020,0.7
09273,2021,1.3
09273,2022,1.6
09273,2023,1.8
09273,2024,3
07316,2011,1.7
07316,2012,2.3
07316,2013,1.2
07316,2014,1.4
07316,2015,1
07316,2016,1.2
07316,2017,1.1
07316,2018,1.1
07316,2019,0.7
07316,2020,1
07316,2021,1.2
07316,2022,1.2
07316,2023,2.1
07316,2024,1.9
03357,2011,2.2
03357,2012,1.8
03357,2013,1.9
03357,2014,1.6
03357,2015,1.3
03357,2016,1
03357,2017,0.9
03357,2018,1.1
03357,2019,1.2
03357,2020,0.8
03357,2021,1.4
03357,2022,1.6
03357,2023,1.7
03357,2024,2.6
05117,2011,2
05117,2012,1.8
05117,2013,1.7
05117,2014,1.5
05117,2015,1.6
05117,2016,1.8
05117,2017,1.2
05117,2018,1.4
05117,2019,1.5
05117,2020,1.4
05117,2021,1.4
05117,2022,1.5
05117,2023,2.1
05117,2024,2.6
09371,2011,1.7
09371,2012,1.8
09371,2013,1.2
09371,2014,1.3
09371,2015,1.1
09371,2016,1.1
09371,2017,0.9
09371,2018,0.6
09371,2019,0.6
09371,2020,0.7
09371,2021,1.1
09371,2022,1.3
09371,2023,2.8
09371,2024,2.7
07339,2011,1.9
07339,2012,1.8
07339,2013,1.8
07339,2014,2.1
07339,2015,1.7
07339,2016,1.3
07339,2017,1.2
07339,2018,0.8
07339,2019,1.1
07339,2020,0.6
07339,2021,1
07339,2022,1.6
07339,2023,2.9
07339,2024,2.3
07233,2011,1.7
07233,2012,1.9
07233,2013,1
07233,2014,2.1
07233,2015,2
07233,2016,1.4
07233,2017,1.5
07233,2018,1.3
07233,2019,1.6
07233,2020,1
07233,2021,1.1
07233,2022,1
07233,2023,1.5
07233,2024,2.2
09175,2011,1
09175,2012,0.7
09175,2013,0.8
09175,2014,0.7
09175,2015,0.6
09175,2016,0.6
09175,2017,0.8
09175,2018,0.9
09175,2019,0.7
09175,2020,0.8
09175,2021,1.1
09175,2022,0.6
09175,2023,2.3
09175,2024,3.3
06413,2011,2
06413,2012,1.8
06413,2013,1.8
06413,2014,1.4
06413,2015,1.3
06413,2016,1
06413,2017,1
06413,2018,0.8
06413,2019,1.1
06413,2020,0.8
06413,2021,0.6
06413,2022,0.5
06413,2023,0.6
06413,2024,1.6
01051,2011,1.7
01051,2012,1.9
01051,2013,1.2
01051,2014,1.5
01051,2015,0.8
01051,2016,1.2
01051,2017,1
01051,2018,1.4
01051,2019,1.9
01051,2020,0.7
01051,2021,1.2
01051,2022,0.9
01051,2023,1.5
01051,2024,1.9
09674,2011,1.4
09674,2012,1.5
09674,2013,0.9
09674,2014,1.3
09674,2015,0.6
09674,2016,1
09674,2017,0.5
09674,2018,0.6
09674,2019,0.9
09674,2020,1.1
09674,2021,1.2
09674,2022,2
09674,2023,4.4
09674,2024,2.9
07314,2011,1.8
07314,2012,1.5
07314,2013,1.6
07314,2014,2
07314,2015,1.9
07314,2016,2.7
07314,2017,2.2
07314,2018,1.6
07314,2019,1.4
07314,2020,1.3
07314,2021,1.1
07314,2022,1.1
07314,2023,1.2
07314,2024,1.1
09773,2011,1.2
09773,2012,1.6
09773,2013,1.3
09773,2014,1.1
09773,2015,1
09773,2016,0.7
09773,2017,0.9
09773,2018,0.7
09773,2019,0.6
09773,2020,0.7
09773,2021,0.7
09773,2022,0.8
09773,2023,1.4
09773,2024,2.7
05166,2011,1.3
05166,2012,2.1
05166,2013,1.5
05166,2014,1.3
05166,2015,1.3
05166,2016,0.8
05166,2017,1.2
05166,2018,1
05166,2019,1.3
05166,2020,0.8
05166,2021,0.7
05166,2022,0.8
05166,2023,0.8
05166,2024,1.6
08111,2011,1.4
08111,2012,1.4
08111,2013,1.2
08111,2014,1.3
08111,2015,1.5
08111,2016,1.3
08111,2017,1.3
08111,2018,1.1
08111,2019,1.2
08111,2020,1
08111,2021,1.1
08111,2022,1.1
08111,2023,1.2
08111,2024,1.5
09375,2011,1.1
09375,2012,1.7
09375,2013,1.4
09375,2014,1.3
09375,2015,1
09375,2016,0.9
09375,2017,1.2
09375,2018,1
09375,2019,1.1
09375,2020,0.7
09375,2021,1.2
09375,2022,2
09375,2023,2.8
09375,2024,5.3
07313,2011,3.4
07313,2012,2.8
07313,2013,2.2
07313,2014,2.5
07313,2015,2.4
07313,2016,2.1
07313,2017,1.8
07313,2018,1.6
07313,2019,1.4
07313,2020,1
07313,2021,1.9
07313,2022,4.2
07313,2023,2.6
07313,2024,3.2
07317,2011,2.3
07317,2012,1.1
07317,2013,1.4
07317,2014,1.9
07317,2015,1.3
07317,2016,1.6
07317,2017,1
07317,2018,0.7
07317,2019,1.1
07317,2020,0.8
07317,2021,0.8
07317,2022,1
07317,2023,2
07317,2024,2.9
05366,2011,2.2
05366,2012,2.5
05366,2013,1.9
05366,2014,1.9
05366,2015,1.7
05366,2016,1.6
05366,2017,1.5
05366,2018,1
05366,2019,1.6
05366,2020,1.1
05366,2021,1.9
05366,2022,2.7
05366,2023,1.8
05366,2024,2.2
03159,2011,1.8
03159,2012,2
03159,2013,1.7
03159,2014,1.5
03159,2015,1.6
03159,2016,1.4
03159,2017,1.3
03159,2018,1.3
03159,2019,1.4
03159,2020,1
03159,2021,1.3
03159,2022,1.5
03159,2023,2.2
03159,2024,2.1
08311,2011,1
08311,2012,1.5
08311,2013,1.7
08311,2014,1.5
08311,2015,1.3
08311,2016,1.6
08311,2017,1.4
08311,2018,1.3
08311,2019,1.3
08311,2020,1.2
08311,2021,1.1
08311,2022,0.6
08311,2023,0.9
08311,2024,1.2
09173,2011,0.8
09173,2012,1
09173,2013,0.9
09173,2014,0.9
09173,2015,0.8
09173,2016,0.8
09173,2017,1
09173,2018,0.9
09173,2019,1.1
09173,2020,1
09173,2021,1.1
09173,2022,1.5
09173,2023,1.7
09173,2024,3.1
08231,2011,1.3
08231,2012,1.6
08231,2013,1.6
08231,2014,1.3
08231,2015,1.1
08231,2016,1.1
08231,2017,1.1
08231,2018,1
08231,2019,1.1
08231,2020,1.1
08231,2021,0.7
08231,2022,0.7
08231,2023,1.3
08231,2024,0.9
09162,2011,1.1
09162,2012,1
09162,2013,1
09162,2014,0.8
09162,2015,0.9
09162,2016,0.9
09162,2017,1
09162,2018,1.6
09162,2019,1.7
09162,2020,1.6
09162,2021,1.6
09162,2022,1.7
09162,2023,1.5
09162,2024,1.6
01054,2011,2.3
01054,2012,1.7
01054,2013,1.7
01054,2014,1.5
01054,2015,0.9
01054,2016,1.1
01054,2017,0.9
01054,2018,0.8
01054,2019,1
01054,2020,0.7
01054,2021,0.7
01054,2022,0.9
01054,2023,2.1
01054,2024,2.3
03359,2011,1.4
03359,2012,1.8
03359,2013,1.8
03359,2014,1.4
03359,2015,1.3
03359,2016,1.1
03359,2017,0.7
03359,2018,1.1
03359,2019,1.6
03359,2020,0.9
03359,2021,1.1
03359,2022,1.1
03359,2023,1.8
03359,2024,3.2
06433,2011,2.3
06433,2012,2.5
06433,2013,1.8
06433,2014,1.7
06433,2015,1.4
06433,2016,1.3
06433,2017,1.1
06433,2018,1.2
06433,2019,1.3
06433,2020,1.1
06433,2021,1
06433,2022,1.1
06433,2023,1.3
06433,2024,2.3
06434,2011,1.7
06434,2012,1.5
06434,2013,1.6
06434,2014,1.6
06434,2015,1.5
06434,2016,1.4
06434,2017,1.2
06434,2018,1.5
06434,2019,1.5
06434,2020,1.3
06434,2021,1.1
06434,2022,1.3
06434,2023,1.4
06434,2024,2.3
07340,2011,1.8
07340,2012,2
07340,2013,1.3
07340,2014,1.2
07340,2015,1.7
07340,2016,1.8
07340,2017,0.6
07340,2018,1
07340,2019,0.5
07340,2020,0.9
07340,2021,1.3
07340,2022,1.4
07340,2023,1.3
07340,2024,0.9
08115,2011,1.3
08115,2012,1.4
08115,2013,1.2
08115,2014,1.4
08115,2015,1.5
08115,2016,1.3
08115,2017,1.3
08115,2018,1.1
08115,2019,1.4
08115,2020,1
08115,2021,1.4
08115,2022,1.3
08115,2023,1.7
08115,2024,2.2
09373,2011,1.2
09373,2012,0.7
09373,2013,0.9
09373,2014,0.7
09373,2015,0.6
09373,2016,0.5
09373,2017,0.6
09373,2018,0.2
09373,2019,0.5
09373,2020,0.3
09373,2021,0.2
09373,2022,0.5
09373,2023,1
09373,2024,2.1
09279,2011,1.5
09279,2012,1.6
09279,2013,1.7
09279,2014,0.8
09279,2015,0.6
09279,2016,0.6
09279,2017,0.5
09279,2018,0.5
09279,2019,0.6
09279,2020,0.5
09279,2021,0.7
09279,2022,0.3
09279,2023,0.6
09279,2024,1.2
08126,2011,0.8
08126,2012,1.4
08126,2013,0.7
08126,2014,1.6
08126,2015,0.8
08126,2016,1.1
08126,2017,0.8
08126,2018,0.8
08126,2019,0.6
08126,2020,0.6
08126,2021,0.8
08126,2022,0.9
08126,2023,1
08126,2024,1.6
09362,2011,1.5
09362,2012,1.5
09362,2013,1.8
09362,2014,1.6
09362,2015,1.4
09362,2016,1.4
09362,2017,1.5
09362,2018,1.2
09362,2019,1.5
09362,2020,1.5
09362,2021,1.6
09362,2022,2.5
09362,2023,4
09362,2024,5.3
09464,2011,1.3
09464,2012,1.7
09464,2013,1.6
09464,2014,1.5
09464,2015,1.2
09464,2016,1.3
09464,2017,1.1
09464,2018,0.9
09464,2019,1.1
09464,2020,1.1
09464,2021,1
09464,2022,1.2
09464,2023,1.3
09464,2024,4.9
08337,2011,1.3
08337,2012,1.4
08337,2013,1.3
08337,2014,1.3
08337,2015,1.4
08337,2016,1.3
08337,2017,1.2
08337,2018,1.1
08337,2019,0.9
08337,2020,0.8
08337,2021,0.9
08337,2022,0.9
08337,2023,0.6
08337,2024,2
09677,2011,1.4
09677,2012,1.4
09677,2013,1.3
09677,2014,1.3
09677,2015,1.3
09677,2016,1.1
09677,2017,1.2
09677,2018,1
09677,2019,0.8
09677,2020,1.1
09677,2021,1.7
09677,2022,2.9
09677,2023,2.8
09677,2024,4
09179,2011,0.6
09179,2012,0.8
09179,2013,1.1
09179,2014,1.3
09179,2015,0.8
09179,2016,0.6
09179,2017,0.4
09179,2018,1.5
09179,2019,1.7
09179,2020,1.4
09179,2021,1.2
09179,2022,1.6
09179,2023,1.9
09179,2024,1.9
08128,2011,1.8
08128,2012,1.5
08128,2013,1.4
08128,2014,1
08128,2015,1.8
08128,2016,1.1
08128,2017,0.9
08128,2018,0.7
08128,2019,1
08128,2020,0.8
08128,2021,1.1
08128,2022,1.5
08128,2023,1.3
08128,2024,2
09780,2011,0.8
09780,2012,1.4
09780,2013,1.2
09780,2014,0.8
09780,2015,0.8
09780,2016,0.8
09780,2017,1
09780,2018,0.8
09780,2019,1.2
09780,2020,0.7
09780,2021,1.2
09780,2022,1.6
09780,2023,1.6
09780,2024,3.1
05966,2011,1.6
05966,2012,2.1
05966,2013,1.7
05966,2014,1.6
05966,2015,1.7
05966,2016,1.1
05966,2017,1.3
05966,2018,1
05966,2019,1
05966,2020,1
05966,2021,1.4
05966,2022,2.1
05966,2023,1.8
05966,2024,2.8
09678,2011,1.8
09678,2012,2
09678,2013,1.8
09678,2014,1.5
09678,2015,1.1
09678,2016,0.9
09678,2017,1
09678,2018,0.6
09678,2019,0.8
09678,2020,0.7
09678,2021,0.7
09678,2022,0.7
09678,2023,1.6
09678,2024,2.8
05562,2011,2.1
05562,2012,2.1
05562,2013,2
05562,2014,1.7
05562,2015,1.6
05562,2016,1.1
05562,2017,1.1
05562,2018,1
05562,2019,1
05562,2020,0.9
05562,2021,1.1
05562,2022,1.2
05562,2023,1.5
05562,2024,2
05954,2011,1.5
05954,2012,1.8
05954,2013,1.4
05954,2014,1.3
05954,2015,1.1
05954,2016,1.4
05954,2017,1.2
05954,2018,1.3
05954,2019,1.3
05954,2020,0.8
05954,2021,1
05954,2022,1.4
05954,2023,1.9
05954,2024,2
05111,2011,1.5
05111,2012,1.2
05111,2013,1.3
05111,2014,1.3
05111,2015,1.3
05111,2016,1.3
05111,2017,1.3
05111,2018,1.3
05111,2019,1.2
05111,2020,1.2
05111,2021,1.8
05111,2022,2.3
05111,2023,1.9
05111,2024,3
09376,2011,1.4
09376,2012,1.1
09376,2013,1.2
09376,2014,0.9
09376,2015,1.1
09376,2016,0.7
09376,2017,0.9
09376,2018,0.7
09376,2019,0.9
09376,2020,0.7
09376,2021,1.2
09376,2022,2.7
09376,2023,2.6
09376,2024,2.2
07311,2011,1.7
07311,2012,1.9
07311,2013,2
07311,2014,1.9
07311,2015,1.4
07311,2016,1.7
07311,2017,1.9
07311,2018,1.4
07311,2019,1.3
07311,2020,1.3
07311,2021,1.3
07311,2022,1
07311,2023,1.8
07311,2024,1.8
07131,2011,3.1
07131,2012,2.5
07131,2013,2
07131,2014,2.9
07131,2015,2.3
07131,2016,2
07131,2017,2.4
07131,2018,2
07131,2019,2.5
07131,2020,2.1
07131,2021,2.8
07131,2022,3.3
07131,2023,3.5
07131,2024,4.4
05914,2011,2.1
05914,2012,2.6
05914,2013,2.4
05914,2014,2
05914,2015,1.6
05914,2016,1.4
05914,2017,1.2
05914,2018,1
05914,2019,1
05914,2020,0.7
05914,2021,1.1
05914,2022,2.2
05914,2023,2.6
05914,2024,3.1
08216,2011,1.1
08216,2012,1.2
08216,2013,1.2
08216,2014,1.2
08216,2015,1.3
08216,2016,1
08216,2017,1
08216,2018,0.9
08216,2019,1
08216,2020,0.9
08216,2021,0.9
08216,2022,1.4
08216,2023,1.5
08216,2024,1.4
04012,2011,1.9
04012,2012,2.6
04012,2013,2.2
04012,2014,1.7
04012,2015,1.5
04012,2016,1.1
04012,2017,1.1
04012,2018,1
04012,2019,1.2
04012,2020,1
04012,2021,1.9
04012,2022,4.6
04012,2023,3.5
04012,2024,3
03461,2011,1.5
03461,2012,2.3
03461,2013,2
03461,2014,1.6
03461,2015,1.6
03461,2016,1.5
03461,2017,1.5
03461,2018,1.1
03461,2019,1.5
03461,2020,1
03461,2021,1.5
03461,2022,1.5
03461,2023,0.9
03461,2024,1.5
09571,2011,1.3
09571,2012,1.1
09571,2013,1.2
09571,2014,0.9
09571,2015,0.9
09571,2016,0.7
09571,2017,0.7
09571,2018,0.6
09571,2019,0.8
09571,2020,0.9
09571,2021,0.8
09571,2022,1.3
09571,2023,2
09571,2024,3
09178,2011,0.8
09178,2012,0.8
09178,2013,0.7
09178,2014,0.9
09178,2015,1.2
09178,2016,0.8
09178,2017,1.2
09178,2018,1.2
09178,2019,1.3
09178,2020,0.8
09178,2021,1
09178,2022,1.3
09178,2023,1.7
09178,2024,3.4
03462,2011,1
03462,2012,2.9
03462,2013,2.2
03462,2014,1
03462,2015,1.4
03462,2016,0.7
03462,2017,0.9
03462,2018,0.9
03462,2019,2
03462,2020,1.1
03462,2021,0.3
03462,2022,0.3
03462,2023,0.6
03462,2024,1.8
09679,2011,1.1
09679,2012,1.7
09679,2013,1.9
09679,2014,1.4
09679,2015,1.6
09679,2016,1.4
09679,2017,1.2
09679,2018,1
09679,2019,1.3
09679,2020,1
09679,2021,1.1
09679,2022,1.4
09679,2023,1.9
09679,2024,2.4
05113,2011,2.2
05113,2012,2.1
05113,2013,2.2
05113,2014,2.1
05113,2015,1.7
05113,2016,1.4
05113,2017,1.6
05113,2018,1.5
05113,2019,1.1
05113,2020,0.9
05113,2021,0.9
05113,2022,1.5
05113,2023,1.7
05113,2024,2.4
06636,2011,1.5
06636,2012,2
06636,2013,1.7
06636,2014,1.1
06636,2015,1.2
06636,2016,0.9
06636,2017,1
06636,2018,0.8
06636,2019,0.9
06636,2020,0.8
06636,2021,0.8
06636,2022,1.7
06636,2023,2.4
06636,2024,2.7
08325,2011,1.4
08325,2012,1.1
08325,2013,0.8
08325,2014,1.5
08325,2015,1.6
08325,2016,0.9
08325,2017,1
08325,2018,0.9
08325,2019,1
08325,2020,1
08325,2021,0.8
08325,2022,1
08325,2023,1.4
08325,2024,1.3
08336,2011,1.6
08336,2012,1.5
08336,2013,1.4
08336,2014,1.3
08336,2015,1.2
08336,2016,1.1
08336,2017,1.4
08336,2018,1.1
08336,2019,1.5
08336,2020,1.1
08336,2021,1.2
08336,2022,0.8
08336,2023,1
08336,2024,1.5
03451,2011,2.5
03451,2012,2.5
03451,2013,2
03451,2014,2.6
03451,2015,3.5
03451,2016,3.2
03451,2017,2
03451,2018,0.8
03451,2019,1.5
03451,2020,1.2
03451,2021,0.9
03451,2022,1.4
03451,2023,0.8
03451,2024,3.2
05124,2011,1.7
05124,2012,1.9
05124,2013,1.9
05124,2014,1.5
05124,2015,1.4
05124,2016,1.1
05124,2017,0.9
05124,2018,0.7
05124,2019,0.8
05124,2020,0.5
05124,2021,0.9
05124,2022,1.4
05124,2023,1.5
05124,2024,1.1
09672,2011,1.6
09672,2012,1.5
09672,2013,2.7
09672,2014,0.9
09672,2015,1.2
09672,2016,0.9
09672,2017,0.6
09672,2018,1.1
09672,2019,0.7
09672,2020,1
09672,2021,1
09672,2022,2
09672,2023,1.2
09672,2024,2.8
09174,2011,0.9
09174,2012,0.8
09174,2013,1.2
09174,2014,1.1
09174,2015,0.8
09174,2016,1.2
09174,2017,0.8
09174,2018,1
09174,2019,1.2
09174,2020,0.9
09174,2021,1.3
09174,2022,1.6
09174,2023,1.9
09174,2024,3.4
05170,2011,1.9
05170,2012,2
05170,2013,1.5
05170,2014,1.3
05170,2015,1.4
05170,2016,1.2
05170,2017,1.2
05170,2018,1
05170,2019,1.4
05170,2020,0.9
05170,2021,1.2
05170,2022,2.3
05170,2023,3.2
05170,2024,3.5
09575,2011,1.1
09575,2012,1.4
09575,2013,1
09575,2014,1.3
09575,2015,0.7
09575,2016,0.9
09575,2017,0.7
09575,2018,0.8
09575,2019,0.8
09575,2020,0.9
09575,2021,1.4
09575,2022,1.4
09575,2023,2
09575,2024,2.6
09372,2011,2.3
09372,2012,0.9
09372,2013,1.4
09372,2014,1.7
09372,2015,1.1
09372,2016,1
09372,2017,1
09372,2018,1.1
09372,2019,1
09372,2020,1.1
09372,2021,1.4
09372,2022,1.4
09372,2023,2.6
09372,2024,3.6
01053,2011,2
01053,2012,1.9
01053,2013,2.2
01053,2014,1.6
01053,2015,1.5
01053,2016,1.5
01053,2017,1.3
01053,2018,1.4
01053,2019,1.5
01053,2020,1
01053,2021,1.3
01053,2022,1.7
01053,2023,2
01053,2024,1.7
03405,2011,2.6
03405,2012,2.6
03405,2013,3.4
03405,2014,2.9
03405,2015,2.9
03405,2016,2.5
03405,2017,2.1
03405,2018,1.7
03405,2019,1.8
03405,2020,1.1
03405,2021,2.4
03405,2022,2.3
03405,2023,1.4
03405,2024,1.7
07141,2011,1.6
07141,2012,1.7
07141,2013,2
07141,2014,2.1
07141,2015,1.2
07141,2016,1
07141,2017,1.1
07141,2018,1.3
07141,2019,1.2
07141,2020,1.2
07141,2021,1.8
07141,2022,1.6
07141,2023,1.3
07141,2024,2.6
08327,2011,1.6
08327,2012,1.5
08327,2013,1.3
08327,2014,1.7
08327,2015,1.4
08327,2016,1
08327,2017,1.2
08327,2018,0.8
08327,2019,1.1
08327,2020,1.1
08327,2021,1.1
08327,2022,1.3
08327,2023,1
08327,2024,2.7
07134,2011,2.1
07134,2012,2.1
07134,2013,2.6
07134,2014,3
07134,2015,1.7
07134,2016,2.3
07134,2017,1.6
07134,2018,1.9
07134,2019,2.3
07134,2020,1.9
07134,2021,1.8
07134,2022,2.7
07134,2023,2.4
07134,2024,2.1
09472,2011,1
09472,2012,0.8
09472,2013,1.1
09472,2014,1
09472,2015,1.3
09472,2016,0.6
09472,2017,0.9
09472,2018,0.9
09472,2019,0.7
09472,2020,0.7
09472,2021,0.9
09472,2022,0.8
09472,2023,1.4
09472,2024,2.6
06412,2011,1.7
06412,2012,1.8
06412,2013,1.7
06412,2014,1.5
06412,2015,1.3
06412,2016,1.2
06412,2017,1.1
06412,2018,1.3
06412,2019,1.3
06412,2020,1.2
06412,2021,1
06412,2022,1.3
06412,2023,1.2
06412,2024,1.7
07334,2011,2.2
07334,2012,2.5
07334,2013,2
07334,2014,1.3
07334,2015,2.1
07334,2016,1
07334,2017,1.5
07334,2018,1.2
07334,2019,1.3
07334,2020,1.1
07334,2021,1.3
07334,2022,0.7
07334,2023,1.6
07334,2024,2.1
03458,2011,3
03458,2012,2.4
03458,2013,2.3
03458,2014,1.7
03458,2015,1.4
03458,2016,1.3
03458,2017,1.3
03458,2018,1
03458,2019,1.6
03458,2020,0.9
03458,2021,1.4
03458,2022,1.9
03458,2023,2
03458,2024,2.5
09172,2011,0.6
09172,2012,0.6
09172,2013,0.5
09172,2014,0.6
09172,2015,0.6
09172,2016,0.4
09172,2017,0.5
09172,2018,0.5
09172,2019,0.8
09172,2020,0.6
09172,2021,0.7
09172,2022,0.9
09172,2023,0.9
09172,2024,1
05566,2011,1.7
05566,2012,1.6
05566,2013,1.7
05566,2014,1.3
05566,2015,1.4
05566,2016,1.1
05566,2017,1
05566,2018,0.8
05566,2019,1
05566,2020,0.8
05566,2021,1
05566,2022,1.3
05566,2023,2
05566,2024,2.9
06635,2011,2.1
06635,2012,2.6
06635,2013,2
06635,2014,1.8
06635,2015,1.5
06635,2016,1.4
06635,2017,1
06635,2018,1
06635,2019,1.2
06635,2020,1.1
06635,2021,1.5
06635,2022,1.8
06635,2023,2.6
06635,2024,2.4
08127,2011,1.4
08127,2012,1.6
08127,2013,1.4
08127,2014,1.6
08127,2015,1.2
08127,2016,1.4
08127,2017,0.9
08127,2018,0.9
08127,2019,1
08127,2020,0.9
08127,2021,0.9
08127,2022,1
08127,2023,1.1
08127,2024,0.4
03252,2011,1.5
03252,2012,1.7
03252,2013,1.9
03252,2014,0.9
03252,2015,1.7
03252,2016,1.3
03252,2017,1.2
03252,2018,1.3
03252,2019,1.8
03252,2020,1.2
03252,2021,1.1
03252,2022,2.3
03252,2023,0.7
03252,2024,1.2
09475,2011,1.4
09475,2012,1.1
09475,2013,1.3
09475,2014,1.2
09475,2015,1
09475,2016,1.3
09475,2017,1.3
09475,2018,0.9
09475,2019,1
09475,2020,0.6
09475,2021,1.2
09475,2022,1.4
09475,2023,1.1
09475,2024,1.7
09775,2011,1.3
09775,2012,1.4
09775,2013,1.4
09775,2014,1.3
09775,2015,1.2
09775,2016,1.2
09775,2017,1.1
09775,2018,1.1
09775,2019,1.1
09775,2020,1.1
09775,2021,1.4
09775,2022,1.5
09775,2023,1.6
09775,2024,2.9
06438,2011,1.9
06438,2012,2.3
06438,2013,1.9
06438,2014,1.9
06438,2015,1.5
06438,2016,1.4
06438,2017,1.2
06438,2018,1.3
06438,2019,1.4
06438,2020,1.2
06438,2021,1
06438,2022,1.2
06438,2023,1.4
06438,2024,2.6
05766,2011,2.1
05766,2012,2.2
05766,2013,2.1
05766,2014,1.9
05766,2015,1.4
05766,2016,1.3
05766,2017,1.1
05766,2018,1.2
05766,2019,1.6
05766,2020,1
05766,2021,1.1
05766,2022,1.8
05766,2023,2.9
05766,2024,3.8
05512,2011,2.1
05512,2012,2.2
05512,2013,1.6
05512,2014,1.7
05512,2015,1.4
05512,2016,1.3
05512,2017,1.1
05512,2018,1.2
05512,2019,1.3
05512,2020,0.9
05512,2021,1
05512,2022,2
05512,2023,1.9
05512,2024,2.7
09161,2011,1.5
09161,2012,1.7
09161,2013,1.5
09161,2014,1.3
09161,2015,1.2
09161,2016,1.4
09161,2017,1.5
09161,2018,1.3
09161,2019,1.7
09161,2020,1.6
09161,2021,1.9
09161,2022,1.8
09161,2023,2.2
09161,2024,4.5
03355,2011,2.5
03355,2012,3.2
03355,2013,2.8
03355,2014,2.8
03355,2015,2
03355,2016,1.5
03355,2017,1.5
03355,2018,1.2
03355,2019,2
03355,2020,1.7
03355,2021,3.4
03355,2022,4.5
03355,2023,4.1
03355,2024,3.5
03241001,2011,2.2
03241001,2012,2.2
03241001,2013,1.9
03241001,2014,1.9
03241001,2015,1.6
03241001,2016,1.5
03241001,2017,1.5
03241001,2018,1.2
03241001,2019,1.5
03241001,2020,1.1
03241001,2021,1.1
03241001,2022,0.9
03241001,2023,1.4
03241001,2024,1.8
09562,2011,2
09562,2012,2.2
09562,2013,1.9
09562,2014,2.1
09562,2015,1.8
09562,2016,1.7
09562,2017,1.5
09562,2018,1.2
09562,2019,1.3
09562,2020,1.1
09562,2021,1.1
09562,2022,1.3
09562,2023,1.7
09562,2024,2.4
06532,2011,1.7
06532,2012,2.5
06532,2013,2.2
06532,2014,1.9
06532,2015,1.8
06532,2016,1.6
06532,2017,1.2
06532,2018,1.4
06532,2019,1.4
06532,2020,1
06532,2021,1.2
06532,2022,1.3
06532,2023,0.9
06532,2024,1.6
08437,2011,1
08437,2012,1.1
08437,2013,0.9
08437,2014,1
08437,2015,1.1
08437,2016,0.9
08437,2017,1
08437,2018,0.9
08437,2019,0.9
08437,2020,0.6
08437,2021,1
08437,2022,0.9
08437,2023,1.2
08437,2024,1.6
09565,2011,1.8
09565,2012,2
09565,2013,2
09565,2014,1.7
09565,2015,1.9
09565,2016,1.7
09565,2017,1.8
09565,2018,1.7
09565,2019,1.7
09565,2020,1.3
09565,2021,1.7
09565,2022,4.1
09565,2023,4.6
09565,2024,5.6
08417,2011,1.1
08417,2012,1.1
08417,2013,0.9
08417,2014,1
08417,2015,1
08417,2016,0.9
08417,2017,1
08417,2018,0.9
08417,2019,0.9
08417,2020,0.7
08417,2021,0.9
08417,2022,1.2
08417,2023,1.6
08417,2024,2.5
09762,2011,1.2
09762,2012,1.1
09762,2013,0.9
09762,2014,1.1
09762,2015,1.1
09762,2016,0.8
09762,2017,0.9
09762,2018,0.9
09762,2019,1
09762,2020,0.5
09762,2021,0.6
09762,2022,1.2
09762,2023,1.2
09762,2024,3.7
09675,2011,1.3
09675,2012,1.3
09675,2013,1.2
09675,2014,1.2
09675,2015,0.9
09675,2016,1.2
09675,2017,1.1
09675,2018,0.9
09675,2019,1.2
09675,2020,1
09675,2021,1.4
09675,2022,1.5
09675,2023,3.4
09675,2024,3.1
09185,2011,1.2
09185,2012,1.3
09185,2013,1
09185,2014,0.8
09185,2015,0.7
09185,2016,0.7
09185,2017,0.7
09185,2018,0.7
09185,2019,0.7
09185,2020,0.7
09185,2021,0.5
09185,2022,0.9
09185,2023,0.8
09185,2024,1.2
06440,2011,2
06440,2012,2
06440,2013,1.9
06440,2014,1.7
06440,2015,1.6
06440,2016,1.2
06440,2017,1.1
06440,2018,1.1
06440,2019,1.2
06440,2020,1.1
06440,2021,1
06440,2022,1.1
06440,2023,1.3
06440,2024,2.8
03358,2011,2.3
03358,2012,2.2
03358,2013,2
03358,2014,1.7
03358,2015,1.5
03358,2016,1.1
03358,2017,1.2
03358,2018,1.4
03358,2019,1.7
03358,2020,1.6
03358,2021,1.4
03358,2022,1.5
03358,2023,2.7
03358,2024,3.6
01001,2011,3.6
01001,2012,3.3
01001,2013,2.8
01001,2014,2.3
01001,2015,1.7
01001,2016,1.9
01001,2017,1.4
01001,2018,1.3
01001,2019,1
01001,2020,0.9
01001,2021,0.9
01001,2022,1.3
01001,2023,3.3
01001,2024,3.2
09187,2011,0.7
09187,2012,0.6
09187,2013,0.8
09187,2014,0.8
09187,2015,0.7
09187,2016,0.7
09187,2017,0.8
09187,2018,0.7
09187,2019,1.1
09187,2020,0.9
09187,2021,0.9
09187,2022,0.9
09187,2023,1
09187,2024,2
03102,2011,1.6
03102,2012,1.8
03102,2013,1.5
03102,2014,1.3
03102,2015,1.2
03102,2016,1
03102,2017,0.9
03102,2018,0.9
03102,2019,0.9
03102,2020,0.7
03102,2021,0.8
03102,2022,1.6
03102,2023,2
03102,2024,1.6
07338,2011,1.5
07338,2012,1.8
07338,2013,1.2
07338,2014,1.4
07338,2015,1.6
07338,2016,1.1
07338,2017,1.4
07338,2018,1.2
07338,2019,1.2
07338,2020,0.9
07338,2021,1
07338,2022,1.4
07338,2023,0.3
07338,2024,1.2
05958,2011,1.6
05958,2012,1.8
05958,2013,1.5
05958,2014,1.5
05958,2015,1.1
05958,2016,1.2
05958,2017,1.3
05958,2018,1.1
05958,2019,1.1
05958,2020,0.7
05958,2021,1.3
05958,2022,1.5
05958,2023,1.7
05958,2024,1.7
08221,2011,1.4
08221,2012,1.7
08221,2013,1.4
08221,2014,1.4
08221,2015,1.4
08221,2016,1.5
08221,2017,1.4
08221,2018,1.2
08221,2019,1.8
08221,2020,1.2
08221,2021,1
08221,2022,1
08221,2023,0.9
08221,2024,2.9
07135,2011,1.3
07135,2012,1.1
07135,2013,1.6
07135,2014,1.4
07135,2015,1.1
07135,2016,0.8
07135,2017,0.3
07135,2018,1.5
07135,2019,0.8
07135,2020,1.1
07135,2021,1.8
07135,2022,2.8
07135,2023,2.3
07135,2024,3.1
09272,2011,0.5
09272,2012,0.6
09272,2013,0.4
09272,2014,0.8
09272,2015,0.6
09272,2016,0.7
09272,2017,0.6
09272,2018,0.5
09272,2019,0.9
09272,2020,0.6
09272,2021,0.9
09272,2022,0.9
09272,2023,0.6
09272,2024,1.5
06435,2011,1.8
06435,2012,2
06435,2013,1.8
06435,2014,1.6
06435,2015,1.3
06435,2016,1.2
06435,2017,1
06435,2018,1
06435,2019,1.1
06435,2020,0.9
06435,2021,0.9
06435,2022,1.1
06435,2023,1.1
06435,2024,2.2
08125,2011,1.4
08125,2012,1.3
08125,2013,1.3
08125,2014,1.3
08125,2015,1.3
08125,2016,1
08125,2017,0.9
08125,2018,0.8
08125,2019,0.7
08125,2020,0.8
08125,2021,0.8
08125,2022,1.2
08125,2023,0.5
08125,2024,1.2
08235,2011,1
08235,2012,1
08235,2013,1
08235,2014,1.1
08235,2015,1.2
08235,2016,0.8
08235,2017,0.9
08235,2018,0.8
08235,2019,0.9
08235,2020,0.7
08235,2021,1.1
08235,2022,1.3
08235,2023,1.2
08235,2024,0.7
09361,2011,2.1
09361,2012,2
09361,2013,1.6
09361,2014,1.9
09361,2015,1.7
09361,2016,1.1
09361,2017,1.4
09361,2018,0.8
09361,2019,1.3
09361,2020,1.1
09361,2021,2.3
09361,2022,4.1
09361,2023,4.6
09361,2024,5.6
05120,2011,1.4
05120,2012,1.8
05120,2013,1.7
05120,2014,1.5
05120,2015,1.1
05120,2016,0.9
05120,2017,0.8
05120,2018,1
05120,2019,0.7
05120,2020,0.7
05120,2021,0.8
05120,2022,1.5
05120,2023,2
05120,2024,2.8
09662,2011,1.6
09662,2012,2.2
09662,2013,2
09662,2014,2.3
09662,2015,1.8
09662,2016,1.5
09662,2017,1.2
09662,2018,1.1
09662,2019,0.9
09662,2020,0.8
09662,2021,1.7
09662,2022,2.3
09662,2023,4.1
09662,2024,5
03356,2011,1.4
03356,2012,2.1
03356,2013,1.5
03356,2014,1.6
03356,2015,1.8
03356,2016,1.1
03356,2017,0.9
03356,2018,1.2
03356,2019,1.8
03356,2020,1.2
03356,2021,1.2
03356,2022,1.6
03356,2023,2.3
03356,2024,3.6
09477,2011,2
09477,2012,2.1
09477,2013,1.2
09477,2014,1.1
09477,2015,1.4
09477,2016,1
09477,2017,0.9
09477,2018,1.2
09477,2019,0.8
09477,2020,1.1
09477,2021,1
09477,2022,2.6
09477,2023,3.2
09477,2024,4.5
05570,2011,2.1
05570,2012,2
05570,2013,2
05570,2014,1.4
05570,2015,0.8
05570,2016,0.8
05570,2017,0.7
05570,2018,0.8
05570,2019,0.8
05570,2020,0.8
05570,2021,0.8
05570,2022,1.6
05570,2023,1.9
05570,2024,1.8
03103,2011,1.8
03103,2012,1.9
03103,2013,2.1
03103,2014,1.9
03103,2015,2
03103,2016,1.9
03103,2017,1.6
03103,2018,1.9
03103,2019,1.7
03103,2020,1.1
03103,2021,1.4
03103,2022,1.9
03103,2023,3.1
03103,2024,2.4
05154,2011,0.8
05154,2012,0.9
05154,2013,0.9
05154,2014,0.8
05154,2015,0.6
05154,2016,0.7
05154,2017,0.7
05154,2018,0.7
05154,2019,0.7
05154,2020,0.5
05154,2021,0.7
05154,2022,1
05154,2023,1.3
05154,2024,1.6
08222,2011,1.1
08222,2012,1.5
08222,2013,1.6
08222,2014,1.6
08222,2015,1.4
08222,2016,1.4
08222,2017,1.4
08222,2018,1.1
08222,2019,1.1
08222,2020,0.9
08222,2021,1.3
08222,2022,1.4
08222,2023,1.1
08222,2024,2.9
01002,2011,4.5
01002,2012,3.4
01002,2013,3.7
01002,2014,3.3
01002,2015,3.1
01002,2016,2.3
01002,2017,1.4
01002,2018,1.5
01002,2019,1.9
01002,2020,1.8
01002,2021,1.9
01002,2022,2.6
01002,2023,2.4
01002,2024,2
07232,2011,0.9
07232,2012,1.2
07232,2013,0.4
07232,2014,0.9
07232,2015,0.6
07232,2016,0.4
07232,2017,0.4
07232,2018,0.6
07232,2019,0.7
07232,2020,0.6
07232,2021,0.5
07232,2022,0.7
07232,2023,0.7
07232,2024,1.5
08211,2011,0.9
08211,2012,0.7
08211,2013,0.8
08211,2014,1
08211,2015,0.9
08211,2016,0.9
08211,2017,1.4
08211,2018,1.4
08211,2019,1.2
08211,2020,0.9
08211,2021,0.6
08211,2022,1.2
08211,2023,0.8
08211,2024,2.2
06436,2011,1.8
06436,2012,2.2
06436,2013,2
06436,2014,1.9
06436,2015,1.6
06436,2016,1.6
06436,2017,1.6
06436,2018,1.4
06436,2019,1.5
06436,2020,1.2
06436,2021,1.4
06436,2022,1.4
06436,2023,1.4
06436,2024,2.5
09478,2011,2.1
09478,2012,1.2
09478,2013,1.9
09478,2014,1.2
09478,2015,1.9
09478,2016,0.5
09478,2017,0.7
09478,2018,0.6
09478,2019,1
09478,2020,0.7
09478,2021,0.7
09478,2022,1
09478,2023,1.3
09478,2024,2
08317,2011,1.2
08317,2012,1.2
08317,2013,1
08317,2014,1.1
08317,2015,1
08317,2016,0.9
08317,2017,0.8
08317,2018,0.7
08317,2019,1
08317,2020,0.9
08317,2021,0.9
08317,2022,1.4
08317,2023,1.3
08317,2024,1.9
03401,2011,3.9
03401,2012,3.4
03401,2013,2.7
03401,2014,2.2
03401,2015,1.7
03401,2016,1.4
03401,2017,0.9
03401,2018,1.1
03401,2019,1.3
03401,2020,1.3
03401,2021,1.2
03401,2022,1.5
03401,2023,2.1
03401,2024,2.2
06533,2011,1.7
06533,2012,1.9
06533,2013,2.4
06533,2014,2
06533,2015,1.5
06533,2016,1.4
06533,2017,1.6
06533,2018,1.4
06533,2019,1.7
06533,2020,1.4
06533,2021,1.7
06533,2022,1.8
06533,2023,1.2
06533,2024,1.8
09171,2011,0.8
09171,2012,0.7
09171,2013,0.9
09171,2014,0.8
09171,2015,0.6
09171,2016,0.6
09171,2017,0.7
09171,2018,0.6
09171,2019,0.6
09171,2020,0.5
09171,2021,0.7
09171,2022,0.9
09171,2023,1.1
09171,2024,1.8
03402,2011,2.2
03402,2012,1.2
03402,2013,3
03402,2014,2.7
03402,2015,2.1
03402,2016,1.2
03402,2017,1
03402,2018,0.8
03402,2019,0.7
03402,2020,0.7
03402,2021,0.9
03402,2022,2.5
03402,2023,3.1
03402,2024,3
03353,2011,2.4
03353,2012,1.5
03353,2013,1.8
03353,2014,2
03353,2015,1.5
03353,2016,1.9
03353,2017,2
03353,2018,1.5
03353,2019,1.5
03353,2020,1.4
03353,2021,2.2
03353,2022,2.3
03353,2023,3.3
03353,2024,3.4
06535,2011,1.8
06535,2012,1.5
06535,2013,2.6
06535,2014,2.1
06535,2015,1.8
06535,2016,1.1
06535,2017,1
06535,2018,1.2
06535,2019,1.4
06535,2020,1.3
06535,2021,1.1
06535,2022,1.3
06535,2023,0.9
06535,2024,1.5
05316,2011,2.6
05316,2012,2.5
05316,2013,2.3
05316,2014,2
05316,2015,1.7
05316,2016,1.8
05316,2017,1.9
05316,2018,1.9
05316,2019,1.6
05316,2020,1.2
05316,2021,1.2
05316,2022,0.8
05316,2023,1.6
05316,2024,1.9
08421,2011,1.1
08421,2012,1.8
08421,2013,1.6
08421,2014,1.5
08421,2015,1.5
08421,2016,1.2
08421,2017,1.4
08421,2018,1.1
08421,2019,1.9
08421,2020,1.1
08421,2021,1.1
08421,2022,1.7
08421,2023,1.2
08421,2024,2.2
05970,2011,2.3
05970,2012,2.4
05970,2013,2.1
05970,2014,1.9
05970,2015,1.6
05970,2016,1.2
05970,2017,1.6
05970,2018,1.7
05970,2019,1.4
05970,2020,1.3
05970,2021,1.8
05970,2022,2.6
05970,2023,2.1
05970,2024,2.8
09177,2011,1.3
09177,2012,1
09177,2013,1
09177,2014,1.3
09177,2015,0.9
09177,2016,0.7
09177,2017,0.7
09177,2018,0.9
09177,2019,1
09177,2020,1
09177,2021,1.2
09177,2022,1.4
09177,2023,2
09177,2024,2.7
09184,2011,0.9
09184,2012,0.8
09184,2013,0.7
09184,2014,0.9
09184,2015,1
09184,2016,0.7
09184,2017,0.8
09184,2018,1.7
09184,2019,1.5
09184,2020,1.3
09184,2021,1.2
09184,2022,1.3
09184,2023,1.6
09184,2024,2.3
09763,2011,1
09763,2012,1.5
09763,2013,1.4
09763,2014,1.3
09763,2015,1.2
09763,2016,0.9
09763,2017,1.2
09763,2018,0.9
09763,2019,1.2
09763,2020,1
09763,2021,1.2
09763,2022,1.7
09763,2023,2.2
09763,2024,3.6
07140,2011,2.1
07140,2012,1.6
07140,2013,1.1
07140,2014,1.5
07140,2015,1.7
07140,2016,1.8
07140,2017,1.1
07140,2018,0.8
07140,2019,0.7
07140,2020,0.6
07140,2021,0.6
07140,2022,1.8
07140,2023,2.1
07140,2024,2.2
03155,2011,1.8
03155,2012,2.2
03155,2013,2.1
03155,2014,1.4
03155,2015,1.1
03155,2016,1.3
03155,2017,1.1
03155,2018,1.4
03155,2019,1.5
03155,2020,1.1
03155,2021,1.1
03155,2022,1.7
03155,2023,2.1
03155,2024,3.2
07138,2011,2.2
07138,2012,2.3
07138,2013,1.9
07138,2014,1.7
07138,2015,1.7
07138,2016,1.5
07138,2017,1.3
07138,2018,1.2
07138,2019,1.2
07138,2020,0.6
07138,2021,2.3
07138,2022,2.6
07138,2023,3.6
07138,2024,3.4
07335,2011,1.5
07335,2012,1.4
07335,2013,0.9
07335,2014,1.2
07335,2015,1.3
07335,2016,1.3
07335,2017,0.9
07335,2018,0.9
07335,2019,0.9
07335,2020,0.9
07335,2021,0.8
07335,2022,1.2
07335,2023,1.8
07335,2024,2.1
05974,2011,1.6
05974,2012,1.9
05974,2013,1.6
05974,2014,1.4
05974,2015,1.3
05974,2016,1.1
05974,2017,1.2
05974,2018,1.3
05974,2019,1.6
05974,2020,1.2
05974,2021,1.7
05974,2022,2.3
05974,2023,1.7
05974,2024,2.5
03452,2011,3.2
03452,2012,2.4
03452,2013,2.4
03452,2014,1.9
03452,2015,1.5
03452,2016,1.7
03452,2017,1.6
03452,2018,1.4
03452,2019,1.3
03452,2020,1.1
03452,2021,2
03452,2022,2.2
03452,2023,3.1
03452,2024,4.9
05114,2011,1.7
05114,2012,1.6
05114,2013,1.2
05114,2014,1.5
05114,2015,1.4
05114,2016,1.1
05114,2017,1.1
05114,2018,0.9
05114,2019,1.5
05114,2020,0.7
05114,2021,0.6
05114,2022,1.1
05114,2023,1.3
05114,2024,1.8
03352,2011,1.5
03352,2012,1.8
03352,2013,1.5
03352,2014,1.4
03352,2015,1.4
03352,2016,1.2
03352,2017,1.4
03352,2018,0.9
03352,2019,1.2
03352,2020,1.3
03352,2021,1.7
03352,2022,2.4
03352,2023,2.9
03352,2024,2.5
08237,2011,1
08237,2012,1.2
08237,2013,1.1
08237,2014,1.3
08237,2015,1.6
08237,2016,1.3
08237,2017,1
08237,2018,1
08237,2019,0.9
08237,2020,0.9
08237,2021,1
08237,2022,1.4
08237,2023,1.2
08237,2024,1.3
07336,2011,1.9
07336,2012,1.4
07336,2013,1.1
07336,2014,1.6
07336,2015,1.8
07336,2016,1.5
07336,2017,1.4
07336,2018,1.3
07336,2019,1
07336,2020,0.5
07336,2021,1.6
07336,2022,2.5
07336,2023,3.3
07336,2024,5
05915,2011,2.3
05915,2012,2.4
05915,2013,2.1
05915,2014,1.8
05915,2015,1.5
05915,2016,1
05915,2017,1.3
05915,2018,1.3
05915,2019,1.4
05915,2020,1.1
05915,2021,1.1
05915,2022,1.5
05915,2023,1.4
05915,2024,2.9
03255,2011,1.7
03255,2012,2
03255,2013,1.1
03255,2014,1.4
03255,2015,1.7
03255,2016,0.6
03255,2017,1.2
03255,2018,1
03255,2019,1.1
03255,2020,0.8
03255,2021,1.2
03255,2022,1.8
03255,2023,1.6
03255,2024,2.3
09473,2011,1
09473,2012,1.9
09473,2013,1
09473,2014,1
09473,2015,0.9
09473,2016,1.2
09473,2017,1.1
09473,2018,1
09473,2019,1.1
09473,2020,0.7
09473,2021,1.4
09473,2022,2.2
09473,2023,3
09473,2024,3.6
02000,2011,2.6
02000,2012,2.6
02000,2013,3.2
02000,2014,2.8
02000,2015,2.4
02000,2016,2.2
02000,2017,2
02000,2018,1.9
02000,2019,1.9
02000,2020,1.5
02000,2021,1.6
02000,2022,2
02000,2023,2.3
02000,2024,2.7
08226,2011,1.6
08226,2012,1.6
08226,2013,1.5
08226,2014,1.5
08226,2015,1.3
08226,2016,1.3
08226,2017,1.4
08226,2018,1.2
08226,2019,1.3
08226,2020,1.1
08226,2021,1.2
08226,2022,1.8
08226,2023,1.6
08226,2024,1.9
09278,2011,1.5
09278,2012,1.2
09278,2013,1.3
09278,2014,1.1
09278,2015,1
09278,2016,0.9
09278,2017,0.5
09278,2018,0.7
09278,2019,0.7
09278,2020,0.9
09278,2021,1.2
09278,2022,0.9
09278,2023,1.6
09278,2024,1.8
06431,2011,1.7
06431,2012,2.2
06431,2013,1.8
06431,2014,1.9
06431,2015,1.6
06431,2016,1.4
06431,2017,1
06431,2018,1.3
06431,2019,1.2
06431,2020,0.9
06431,2021,0.9
06431,2022,0.9
06431,2023,1
06431,2024,2.5
09776,2011,0.6
09776,2012,0.9
09776,2013,0.7
09776,2014,0.8
09776,2015,0.7
09776,2016,0.9
09776,2017,0.7
09776,2018,0.8
09776,2019,1.5
09776,2020,1.1
09776,2021,0.7
09776,2022,1.5
09776,2023,1.9
09776,2024,0.9
05513,2011,1.7
05513,2012,1.9
05513,2013,1.6
05513,2014,1.2
05513,2015,1.1
05513,2016,1
05513,2017,0.8
05513,2018,0.6
05513,2019,0.7
05513,2020,0.6
05513,2021,0.6
05513,2022,1.1
05513,2023,1.4
05513,2024,1.6
08117,2011,1.3
08117,2012,1.6
08117,2013,1.4
08117,2014,1.3
08117,2015,1.1
08117,2016,1.1
08117,2017,1
08117,2018,0.9
08117,2019,0.8
08117,2020,0.9
08117,2021,0.7
08117,2022,0.9
08117,2023,1.4
08117,2024,2.6
09462,2011,1.9
09462,2012,1.4
09462,2013,1.8
09462,2014,1.5
09462,2015,1
09462,2016,1.2
09462,2017,1.5
09462,2018,1.1
09462,2019,1.2
09462,2020,0.9
09462,2021,0.9
09462,2022,1.9
09462,2023,2.5
09462,2024,3.8
09182,2011,0.5
09182,2012,0.3
09182,2013,0.5
09182,2014,0.3
09182,2015,0.6
09182,2016,0.4
09182,2017,0.8
09182,2018,0.6
09182,2019,0.8
09182,2020,0.7
09182,2021,0.7
09182,2022,0.5
09182,2023,0.8
09182,2024,1.3
08435,2011,1.2
08435,2012,1.4
08435,2013,1.4
08435,2014,1.1
08435,2015,1.1
08435,2016,1.1
08435,2017,1.4
08435,2018,1
08435,2019,1.1
08435,2020,0.7
08435,2021,1
08435,2022,0.8
08435,2023,0.7
08435,2024,1
03459,2011,1.3
03459,2012,1.4
03459,2013,1.3
03459,2014,1.1
03459,2015,0.9
03459,2016,0.8
03459,2017,1.1
03459,2018,1.1
03459,2019,1.5
03459,2020,0.7
03459,2021,0.8
03459,2022,1.3
03459,2023,1.4
03459,2024,1
05162,2011,2
05162,2012,2.3
05162,2013,2
05162,2014,1.8
05162,2015,1.6
05162,2016,1.3
05162,2017,1.5
05162,2018,1.5
05162,2019,1.7
05162,2020,1.6
05162,2021,1.8
05162,2022,2.2
05162,2023,2.1
05162,2024,2.6
05382,2011,1.8
05382,2012,1.9
05382,2013,2
05382,2014,1.8
05382,2015,1.7
05382,2016,1.4
05382,2017,1.3
05382,2018,1.3
05382,2019,1.2
05382,2020,0.9
05382,2021,1
05382,2022,1.5
05382,2023,1.7
05382,2024,2.5
09277,2011,0.6
09277,2012,0.7
09277,2013,0.7
09277,2014,0.9
09277,2015,0.8
09277,2016,0.7
09277,2017,0.8
09277,2018,0.7
09277,2019,0.9
09277,2020,0.9
09277,2021,0.9
09277,2022,1.1
09277,2023,1.7
09277,2024,3
06432,2011,1.8
06432,2012,2.1
06432,2013,1.9
06432,2014,1.6
06432,2015,1.5
06432,2016,1.5
06432,2017,1.5
06432,2018,1.3
06432,2019,1.5
06432,2020,1
06432,2021,1.2
06432,2022,1.3
06432,2023,1.5
06432,2024,2.3
05370,2011,1.4
05370,2012,1.4
05370,2013,1.6
05370,2014,1.1
05370,2015,1.3
05370,2016,1.1
05370,2017,0.9
05370,2018,0.9
05370,2019,1
05370,2020,0.9
05370,2021,1
05370,2022,1.2
05370,2023,1.3
05370,2024,1.7
01055,2011,0.1
01055,2012,1.1
01055,2013,1.6
01055,2014,1.4
01055,2015,1.3
01055,2016,1.1
01055,2017,1.3
01055,2018,1.2
01055,2019,1.3
01055,2020,0.8
01055,2021,1.5
01055,2022,0.8
01055,2023,1.5
01055,2024,1.7
08415,2011,1.3
08415,2012,1.5
08415,2013,1.3
08415,2014,1.4
08415,2015,1.4
08415,2016,1.2
08415,2017,1.1
08415,2018,1
08415,2019,1.1
08415,2020,0.8
08415,2021,0.8
08415,2022,1.1
08415,2023,1.7
08415,2024,1.6
03256,2011,2.7
03256,2012,2.1
03256,2013,2.1
03256,2014,1.9
03256,2015,2.2
03256,2016,1.6
03256,2017,0.9
03256,2018,1.1
03256,2019,1.7
03256,2020,1.3
03256,2021,1.4
03256,2022,1.6
03256,2023,1.7
03256,2024,3
01056,2011,2.6
01056,2012,2.7
01056,2013,2.1
01056,2014,2.5
01056,2015,2.5
01056,2016,2.1
01056,2017,1.6
01056,2018,1.3
01056,2019,1.8
01056,2020,1.6
01056,2021,1.1
01056,2022,1.8
01056,2023,2.1
01056,2024,1.5
05362,2011,2.1
05362,2012,2.1
05362,2013,1.8
05362,2014,1.6
05362,2015,1.6
05362,2016,1.6
05362,2017,1.5
05362,2018,1.5
05362,2019,1.4
05362,2020,1.3
05362,2021,2
05362,2022,1.8
05362,2023,1.3
05362,2024,1.2
08118,2011,1.2
08118,2012,1.4
08118,2013,1.2
08118,2014,1.2
08118,2015,1.1
08118,2016,1.1
08118,2017,1.1
08118,2018,0.9
08118,2019,0.9
08118,2020,0.7
08118,2021,0.6
08118,2022,0.8
08118,2023,0.9
08118,2024,2.6
03456,2011,0.9
03456,2012,0.9
03456,2013,0.9
03456,2014,0.9
03456,2015,1
03456,2016,0.6
03456,2017,0.7
03456,2018,0.9
03456,2019,1
03456,2020,0.8
03456,2021,1.5
03456,2022,1.9
03456,2023,2
03456,2024,3
08121,2011,1
08121,2012,1.6
08121,2013,1.4
08121,2014,1.7
08121,2015,1.6
08121,2016,1.5
08121,2017,1.3
08121,2018,1.2
08121,2019,1
08121,2020,0.8
08121,2021,0.9
08121,2022,1.5
08121,2023,1.4
08121,2024,2
03153,2011,1.6
03153,2012,2.1
03153,2013,1.6
03153,2014,1.5
03153,2015,1.1
03153,2016,1.2
03153,2017,1.2
03153,2018,0.8
03153,2019,0.8
03153,2020,0.6
03153,2021,0.9
03153,2022,2.5
03153,2023,3.4
03153,2024,4.8
08335,2011,1.7
08335,2012,1.9
08335,2013,1.7
08335,2014,1.6
08335,2015,1.4
08335,2016,1.4
08335,2017,1.2
08335,2018,1.1
08335,2019,1.4
08335,2020,1.2
08335,2021,1.2
08335,2022,1.9
08335,2023,2
08335,2024,2
08212,2011,0.8
08212,2012,0.9
08212,2013,1.2
08212,2014,1.6
08212,2015,1.6
08212,2016,1.2
08212,2017,1.2
08212,2018,1
08212,2019,1.3
08212,2020,0.8
08212,2021,0.8
08212,2022,0.6
08212,2023,0.6
08212,2024,1.5
01058,2011,2.6
01058,2012,2.8
01058,2013,2.2
01058,2014,1.7
01058,2015,1.7
01058,2016,1.2
01058,2017,1.4
01058,2018,0.9
01058,2019,1.6
01058,2020,1.1
01058,2021,2.6
01058,2022,5.4
01058,2023,5.6
01058,2024,7.1
08225,2011,1.4
08225,2012,1.7
08225,2013,1.5
08225,2014,1.2
08225,2015,0.6
08225,2016,1
08225,2017,0.9
08225,2018,0.6
08225,2019,0.8
08225,2020,0.8
08225,2021,0.9
08225,2022,0.9
08225,2023,1
08225,2024,2.6
05558,2011,2
05558,2012,2.2
05558,2013,1.2
05558,2014,1
05558,2015,1.5
05558,2016,1.2
05558,2017,1
05558,2018,1.1
05558,2019,1.5
05558,2020,1.3
05558,2021,1.1
05558,2022,2.9
05558,2023,1.6
05558,2024,2.7
07137,2011,1.7
07137,2012,2.8
07137,2013,2.3
07137,2014,2.1
07137,2015,2.3
07137,2016,1.9
07137,2017,1.2
07137,2018,1.2
07137,2019,1.5
07137,2020,0.6
07137,2021,1.3
07137,2022,1.9
07137,2023,2.7
07137,2024,3.1
08425,2011,0.7
08425,2012,1.2
08425,2013,1
08425,2014,1
08425,2015,0.9
08425,2016,0.7
08425,2017,0.7
08425,2018,0.8
08425,2019,0.8
08425,2020,0.6
08425,2021,0.5
08425,2022,0.8
08425,2023,0.9
08425,2024,2
03403,2011,2.5
03403,2012,2.4
03403,2013,2.6
03403,2014,2.1
03403,2015,2.4
03403,2016,2.5
03403,2017,2
03403,2018,2
03403,2019,1.8
03403,2020,1.4
03403,2021,1.3
03403,2022,1.7
03403,2023,3.1
03403,2024,4.9
05122,2011,1.6
05122,2012,1.7
05122,2013,1.8
05122,2014,1.2
05122,2015,1.5
05122,2016,1.2
05122,2017,0.9
05122,2018,0.9
05122,2019,1.2
05122,2020,0.6
05122,2021,1
05122,2022,1.3
05122,2023,1.3
05122,2024,1.8
07132,2011,2.2
07132,2012,2
07132,2013,2.2
07132,2014,2.1
07132,2015,1.6
07132,2016,1.4
07132,2017,1.5
07132,2018,1.2
07132,2019,1.4
07132,2020,1
07132,2021,1.9
07132,2022,3.6
07132,2023,1.8
07132,2024,1.6
07337,2011,0.9
07337,2012,1.5
07337,2013,2.1
07337,2014,1.3
07337,2015,1.2
07337,2016,0.6
07337,2017,1
07337,2018,0.8
07337,2019,1
07337,2020,0.6
07337,2021,0.9
07337,2022,1.5
07337,2023,2.6
07337,2024,3.1
05758,2011,2.1
05758,2012,2
05758,2013,2
05758,2014,1.9
05758,2015,1.4
05758,2016,1.3
05758,2017,1.2
05758,2018,1.3
05758,2019,2
05758,2020,1.3
05758,2021,0.8
05758,2022,1.4
05758,2023,1.5
05758,2024,2.2
07332,2011,1.6
07332,2012,0.5
07332,2013,2.4
07332,2014,2.4
07332,2015,1.9
07332,2016,1.6
07332,2017,1.6
07332,2018,1.2
07332,2019,1.5
07332,2020,0.9
07332,2021,1.6
07332,2022,1.6
07332,2023,1.7
07332,2024,1.7
06632,2011,3
06632,2012,2.6
06632,2013,2.3
06632,2014,1.1
06632,2015,1.6
06632,2016,1.2
06632,2017,1.2
06632,2018,1.1
06632,2019,1.2
06632,2020,0.8
06632,2021,1.4
06632,2022,2
06632,2023,3.2
06632,2024,2.9
07315,2011,2.2
07315,2012,2.1
07315,2013,2.1
07315,2014,1.5
07315,2015,1.6
07315,2016,1.7
07315,2017,1.5
07315,2018,1.6
07315,2019,1.4
07315,2020,1.2
07315,2021,1.4
07315,2022,1.6
07315,2023,2.6
07315,2024,1.3
07111,2011,3.3
07111,2012,4.3
07111,2013,3.1
07111,2014,2.9
07111,2015,3
07111,2016,2.4
07111,2017,2.1
07111,2018,2.5
07111,2019,2.1
07111,2020,2
07111,2021,2.9
07111,2022,4.6
07111,2023,2.9
07111,2024,3.4
08135,2011,1.5
08135,2012,1.9
08135,2013,1.5
08135,2014,1.1
08135,2015,1
08135,2016,1
08135,2017,0.9
08135,2018,0.8
08135,2019,1
08135,2020,0.7
08135,2021,0.8
08135,2022,0.8
08135,2023,0.6
08135,2024,2.5
03455,2011,3.2
03455,2012,2.2
03455,2013,3.7
03455,2014,3.1
03455,2015,2.2
03455,2016,0.9
03455,2017,0.6
03455,2018,0.7
03455,2019,1.9
03455,2020,1.7
03455,2021,1.9
03455,2022,2.1
03455,2023,1.8
03455,2024,2.4
05378,2011,2
05378,2012,2.3
05378,2013,1.8
05378,2014,1.6
05378,2015,1.7
05378,2016,1.3
05378,2017,1.6
05378,2018,1.5
05378,2019,2
05378,2020,1.5
05378,2021,1.5
05378,2022,2.4
05378,2023,1.9
05378,2024,2.2
09374,2011,1.3
09374,2012,1.2
09374,2013,1.2
09374,2014,1.4
09374,2015,0.9
09374,2016,0.7
09374,2017,0.6
09374,2018,0.6
09374,2019,0.9
09374,2020,0.4
09374,2021,0.6
09374,2022,0.9
09374,2023,1
09374,2024,3.6
05978,2011,1.9
05978,2012,2.2
05978,2013,1.9
05978,2014,1.6
05978,2015,1.4
05978,2016,1
05978,2017,1.2
05978,2018,1.2
05978,2019,1.3
05978,2020,1
05978,2021,1.3
05978,2022,2.2
05978,2023,2.3
05978,2024,2.7
05770,2011,2.6
05770,2012,2.8
05770,2013,2.1
05770,2014,2.2
05770,2015,2
05770,2016,2.1
05770,2017,2.1
05770,2018,2.5
05770,2019,2.7
05770,2020,1.9
05770,2021,2.6
05770,2022,3.5
05770,2023,1.2
05770,2024,3.8
05913,2011,1.7
05913,2012,1.6
05913,2013,1.4
05913,2014,1.5
05913,2015,1.9
05913,2016,1.3
05913,2017,1.3
05913,2018,1.3
05913,2019,1.3
05913,2020,0.9
05913,2021,1.2
05913,2022,1.6
05913,2023,2.4
05913,2024,3.3
07318,2011,2.1
07318,2012,2.1
07318,2013,1.9
07318,2014,1.7
07318,2015,2
07318,2016,2.1
07318,2017,1.9
07318,2018,1.3
07318,2019,1.1
07318,2020,1
07318,2021,1.2
07318,2022,1.6
07318,2023,2
07318,2024,0.6
03158,2011,2.5
03158,2012,2.4
03158,2013,2.7
03158,2014,2.3
03158,2015,2.3
03158,2016,1.9
03158,2017,1.6
03158,2018,1.7
03158,2019,1.9
03158,2020,1.2
03158,2021,1.9
03158,2022,1.7
03158,2023,2.2
03158,2024,2.8
03460,2011,2.7
03460,2012,2.3
03460,2013,2.2
03460,2014,1.8
03460,2015,1.5
03460,2016,1.3
03460,2017,1.5
03460,2018,1
03460,2019,1.3
03460,2020,1.2
03460,2021,1.5
03460,2022,2.2
03460,2023,2.6
03460,2024,4.5
07235,2011,1.6
07235,2012,1.4
07235,2013,1.5
07235,2014,1.3
07235,2015,1.2
07235,2016,1.1
07235,2017,1
07235,2018,1.1
07235,2019,1.3
07235,2020,1
07235,2021,1.2
07235,2022,1.4
07235,2023,0.8
07235,2024,0.8
07319,2011,1.5
07319,2012,2.7
07319,2013,2.3
07319,2014,2.3
07319,2015,1.6
07319,2016,1.8
07319,2017,1.6
07319,2018,1.1
07319,2019,1.3
07319,2020,0.8
07319,2021,1.4
07319,2022,3.1
07319,2023,3.4
07319,2024,4.4
05112,2011,1.8
05112,2012,1.8
05112,2013,1.6
05112,2014,1.6
05112,2015,0.9
05112,2016,1.1
05112,2017,1
05112,2018,1.1
05112,2019,1.2
05112,2020,1
05112,2021,1.3
05112,2022,1.8
05112,2023,2.1
05112,2024,2.2
06531,2011,2.2
06531,2012,3.3
06531,2013,2.8
06531,2014,2.7
06531,2015,2.2
06531,2016,2
06531,2017,1.5
06531,2018,1.4
06531,2019,1.6
06531,2020,1.3
06531,2021,2
06531,2022,2.1
06531,2023,1.4
06531,2024,2
07312,2011,2.1
07312,2012,2.4
07312,2013,2.4
07312,2014,2.2
07312,2015,2.3
07312,2016,1.6
07312,2017,1.7
07312,2018,1.5
07312,2019,1.6
07312,2020,1.2
07312,2021,1.5
07312,2022,2.3
07312,2023,2.2
07312,2024,3.3
08215,2011,0.9
08215,2012,1
08215,2013,1
08215,2014,0.9
08215,2015,1
08215,2016,0.9
08215,2017,0.9
08215,2018,0.7
08215,2019,0.9
08215,2020,0.7
08215,2021,0.8
08215,2022,0.7
08215,2023,0.8
08215,2024,1.6
01003,2011,2.5
01003,2012,2.5
01003,2013,2.4
01003,2014,2.2
01003,2015,2.2
01003,2016,1.9
01003,2017,1.2
01003,2018,1.1
01003,2019,1.4
01003,2020,0.9
01003,2021,1.4
01003,2022,1.5
01003,2023,1
01003,2024,2.1
06611,2011,3.1
06611,2012,2.8
06611,2013,2.7
06611,2014,2
06611,2015,1.9
06611,2016,1.8
06611,2017,1.8
06611,2018,1.6
06611,2019,1.7
06611,2020,1.4
06611,2021,1.7
06611,2022,1.9
06611,2023,2.2
06611,2024,2.2
08326,2011,1.1
08326,2012,1.2
08326,2013,1.2
08326,2014,1.2
08326,2015,1
08326,2016,0.8
08326,2017,1
08326,2018,0.9
08326,2019,0.9
08326,2020,0.9
08326,2021,0.9
08326,2022,0.9
08326,2023,1
08326,2024,1.3
01060,2011,2.4
01060,2012,2
01060,2013,2
01060,2014,2
01060,2015,1.7
01060,2016,1.4
01060,2017,1.4
01060,2018,1.1
01060,2019,1.3
01060,2020,1.1
01060,2021,1.6
01060,2022,3
01060,2023,2.8
01060,2024,3.4
06411,2011,2.4
06411,2012,2.3
06411,2013,2.3
06411,2014,2
06411,2015,1.8
06411,2016,1.3
06411,2017,1.4
06411,2018,1.6
06411,2019,1.7
06411,2020,1.3
06411,2021,1.6
06411,2022,1.4
06411,2023,2.4
06411,2024,3.1
05554,2011,1.7
05554,2012,1.4
05554,2013,1.5
05554,2014,1.3
05554,2015,1.2
05554,2016,1.1
05554,2017,1
05554,2018,1.1
05554,2019,1.2
05554,2020,1
05554,2021,1.3
05554,2022,1.7
05554,2023,3.3
05554,2024,3.5
03360,2011,2.3
03360,2012,1.9
03360,2013,1.3
03360,2014,0.6
03360,2015,1.2
03360,2016,0.9
03360,2017,0.4
03360,2018,0.9
03360,2019,1.4
03360,2020,2.8
03360,2021,1.9
03360,2022,2.3
03360,2023,4.7
03360,2024,2.9
06437,2011,1.6
06437,2012,1.6
06437,2013,1.3
06437,2014,1
06437,2015,1
06437,2016,0.8
06437,2017,1
06437,2018,1.1
06437,2019,0.9
06437,2020,0.7
06437,2021,0.8
06437,2022,1.1
06437,2023,1
06437,2024,1.9
07231,2011,2.2
07231,2012,1.8
07231,2013,1.6
07231,2014,1.6
07231,2015,2
07231,2016,1.6
07231,2017,1.2
07231,2018,1.5
07231,2019,1.3
07231,2020,0.4
07231,2021,0.9
07231,2022,1.1
07231,2023,1
07231,2024,0.8
03251,2011,1.8
03251,2012,1.8
03251,2013,1.9
03251,2014,1.5
03251,2015,1.1
03251,2016,1.3
03251,2017,1.3
03251,2018,1.4
03251,2019,1.7
03251,2020,1.3
03251,2021,1.2
03251,2022,2.4
03251,2023,1.6
03251,2024,1.6
05314,2011,3
05314,2012,3.2
05314,2013,2.9
05314,2014,2.7
05314,2015,2.5
05314,2016,2.3
05314,2017,2
05314,2018,1.4
05314,2019,2.2
05314,2020,1.4
05314,2021,1.5
05314,2022,1.5
05314,2023,1.7
05314,2024,2.4
09761,2011,1.3
09761,2012,1.4
09761,2013,1.4
09761,2014,1.4
09761,2015,1.5
09761,2016,1.3
09761,2017,1.3
09761,2018,1.2
09761,2019,1.1
09761,2020,0.9
09761,2021,1.4
09761,2022,1.5
09761,2023,1.6
09761,2024,2.3
09772,2011,1.4
09772,2012,1.6
09772,2013,1.4
09772,2014,1.6
09772,2015,1.3
09772,2016,1
09772,2017,1.4
09772,2018,1
09772,2019,1.3
09772,2020,1.2
09772,2021,1.1
09772,2022,1.4
09772,2023,1.8
09772,2024,2.4
09186,2011,1.3
09186,2012,1.2
09186,2013,1.1
09186,2014,0.7
09186,2015,0.7
09186,2016,1
09186,2017,0.9
09186,2018,1.1
09186,2019,0.9
09186,2020,1
09186,2021,1.3
09186,2022,1.8
09186,2023,1.9
09186,2024,2.9
09471,2011,1.7
09471,2012,1.4
09471,2013,1.5
09471,2014,1
09471,2015,0.7
09471,2016,0.4
09471,2017,0.8
09471,2018,1
09471,2019,1.3
09471,2020,0.8
09471,2021,0.7
09471,2022,1.9
09471,2023,2.5
09471,2024,3
09461,2011,2.5
09461,2012,2
09461,2013,1.7
09461,2014,2.1
09461,2015,1.4
09461,2016,1.2
09461,2017,1.1
09461,2018,1
09461,2019,1.2
09461,2020,1.2
09461,2021,1.7
09461,2022,1.5
09461,2023,3.9
09461,2024,3.3
09574,2011,1.8
09574,2012,1.9
09574,2013,1.6
09574,2014,1.3
09574,2015,1.3
09574,2016,1.2
09574,2017,1.3
09574,2018,1
09574,2019,1.3
09574,2020,1.2
09574,2021,1.2
09574,2022,1.4
09574,2023,2.4
09574,2024,2.5
09189,2011,0.8
09189,2012,0.9
09189,2013,0.9
09189,2014,0.7
09189,2015,0.7
09189,2016,0.8
09189,2017,0.7
09189,2018,0.7
09189,2019,1
09189,2020,0.9
09189,2021,1.1
09189,2022,1.4
09189,2023,2.2
09189,2024,3.7
03453,2011,1.5
03453,2012,1.5
03453,2013,1.1
03453,2014,1.1
03453,2015,0.9
03453,2016,0.5
03453,2017,0.8
03453,2018,0.7
03453,2019,0.8
03453,2020,0.7
03453,2021,0.5
03453,2022,1.1
03453,2023,0.3
03453,2024,1.1
09774,2011,0.8
09774,2012,1
09774,2013,1.1
09774,2014,1
09774,2015,1
09774,2016,0.8
09774,2017,0.9
09774,2018,0.8
09774,2019,0.8
09774,2020,0.7
09774,2021,0.9
09774,2022,1.2
09774,2023,1.6
09774,2024,1.8
09271,2011,1.6
09271,2012,1.4
09271,2013,1.4
09271,2014,1.2
09271,2015,1.1
09271,2016,1
09271,2017,0.9
09271,2018,0.8
09271,2019,0.8
09271,2020,1
09271,2021,1.2
09271,2022,1.5
09271,2023,1.6
09271,2024,2.5
08315,2011,1.7
08315,2012,1.7
08315,2013,1.7
08315,2014,1.3
08315,2015,1.4
08315,2016,1.3
08315,2017,1.3
08315,2018,1
08315,2019,1.3
08315,2020,1
08315,2021,1.3
08315,2022,1.7
08315,2023,1.5
08315,2024,2.7
09474,2011,1.7
09474,2012,1.9
09474,2013,1.8
09474,2014,1.8
09474,2015,1.5
09474,2016,1.3
09474,2017,1.5
09474,2018,1.3
09474,2019,1.4
09474,2020,1.4
09474,2021,1.6
09474,2022,1.3
09474,2023,1.4
09474,2024,2.9
05916,2011,2.2
05916,2012,1.9
05916,2013,1.7
05916,2014,1.6
05916,2015,1.4
05916,2016,1.2
05916,2017,1
05916,2018,0.9
05916,2019,1
05916,2020,0.6
05916,2021,1
05916,2022,1.6
05916,2023,2
05916,2024,2.6
09561,2011,2.8
09561,2012,2.7
09561,2013,2.5
09561,2014,1.8
09561,2015,1.7
09561,2016,0.7
09561,2017,0.8
09561,2018,1
09561,2019,1.1
09561,2020,0.9
09561,2021,1.3
09561,2022,1.5
09561,2023,4.2
09561,2024,4.5
09181,2011,1.3
09181,2012,1.4
09181,2013,1.3
09181,2014,1.1
09181,2015,0.9
09181,2016,0.8
09181,2017,1
09181,2018,0.8
09181,2019,1
09181,2020,1
09181,2021,1.4
09181,2022,1.6
09181,2023,2.3
09181,2024,2.1
09276,2011,0.4
09276,2012,1.2
09276,2013,0.9
09276,2014,1
09276,2015,1.2
09276,2016,1.3
09276,2017,0.7
09276,2018,0.3
09276,2019,0.3
09276,2020,0.4
09276,2021,0.9
09276,2022,0.8
09276,2023,0.9
09276,2024,0.9
01059,2011,2.1
01059,2012,1.6
01059,2013,1.5
01059,2014,1.4
01059,2015,1.5
01059,2016,1.1
01059,2017,0.9
01059,2018,0.7
01059,2019,0.9
01059,2020,0.4
01059,2021,1.4
01059,2022,0.8
01059,2023,3
01059,2024,1.1
09572,2011,2
09572,2012,1.7
09572,2013,1.7
09572,2014,1.7
09572,2015,1.3
09572,2016,1.3
09572,2017,1.4
09572,2018,1.1
09572,2019,1.7
09572,2020,0.9
09572,2021,1.3
09572,2022,1.5
09572,2023,2.8
09572,2024,4.6
05158,2011,2.1
05158,2012,1.9
05158,2013,1.9
05158,2014,1.5
05158,2015,1.4
05158,2016,1.3
05158,2017,1.1
05158,2018,0.9
05158,2019,1.3
05158,2020,1.1
05158,2021,1.1
05158,2022,0.9
05158,2023,1.8
05158,2024,3.1
09274,2011,1.4
09274,2012,1
09274,2013,1
09274,2014,0.9
09274,2015,0.8
09274,2016,0.7
09274,2017,0.9
09274,2018,0.5
09274,2019,0.8
09274,2020,0.9
09274,2021,1
09274,2022,1.2
09274,2023,2
09274,2024,2.2
09778,2011,1
09778,2012,1.5
09778,2013,1.1
09778,2014,1.1
09778,2015,1
09778,2016,1.1
09778,2017,0.9
09778,2018,1
09778,2019,0.9
09778,2020,0.8
09778,2021,1.1
09778,2022,1.6
09778,2023,1.9
09778,2024,4.5
09262,2011,1.2
09262,2012,1.4
09262,2013,1.5
09262,2014,1.5
09262,2015,1.4
09262,2016,1.5
09262,2017,1.5
09262,2018,0.9
09262,2019,0.8
09262,2020,1.2
09262,2021,1.6
09262,2022,2.8
09262,2023,2.8
09262,2024,3.4
06633,2011,2.9
06633,2012,3.2
06633,2013,2.5
06633,2014,2.1
06633,2015,1.8
06633,2016,1.6
06633,2017,1.2
06633,2018,1.4
06633,2019,1.5
06633,2020,1.4
06633,2021,1.6
06633,2022,1.6
06633,2023,2
06633,2024,2.4
09261,2011,1.6
09261,2012,1.8
09261,2013,1.1
09261,2014,1.2
09261,2015,1.2
09261,2016,1.3
09261,2017,1.2
09261,2018,1.3
09261,2019,1.4
09261,2020,1.1
09261,2021,1.6
09261,2022,2.6
09261,2023,2.8
09261,2024,6.5
09764,2011,1.2
09764,2012,1.8
09764,2013,1
09764,2014,1.6
09764,2015,0.7
09764,2016,1.2
09764,2017,0.9
09764,2018,1.1
09764,2019,1.2
09764,2020,1
09764,2021,0.9
09764,2022,1.6
09764,2023,2.6
09764,2024,5.2
09275,2011,0.8
09275,2012,0.9
09275,2013,1
09275,2014,0.9
09275,2015,0.8
09275,2016,0.7
09275,2017,0.8
09275,2018,0.6
09275,2019,0.7
09275,2020,0.9
09275,2021,1
09275,2022,1.6
09275,2023,1.9
09275,2024,3.3
09377,2011,1.9
09377,2012,1.7
09377,2013,1.6
09377,2014,1.5
09377,2015,1.8
09377,2016,0.7
09377,2017,0.6
09377,2018,1
09377,2019,0.7
09377,2020,0.8
09377,2021,0.5
09377,2022,1.2
09377,2023,1.8
09377,2024,4
09777,2011,1.2
09777,2012,1.4
09777,2013,1.1
09777,2014,1.1
09777,2015,1.1
09777,2016,0.7
09777,2017,1
09777,2018,0.9
09777,2019,0.8
09777,2020,0.6
09777,2021,0.8
09777,2022,1.1
09777,2023,1.6
09777,2024,1.6
05515,2011,2.2
05515,2012,2
05515,2013,2.5
05515,2014,2.3
05515,2015,1.9
05515,2016,1.6
05515,2017,1.3
05515,2018,1.3
05515,2019,1.5
05515,2020,1.4
05515,2021,1.7
05515,2022,2.3
05515,2023,1.9
05515,2024,2.5
03157,2011,2.2
03157,2012,2.4
03157,2013,2
03157,2014,1.7
03157,2015,2
03157,2016,1.3
03157,2017,1.7
03157,2018,1.3
03157,2019,1.9
03157,2020,1.3
03157,2021,2
03157,2022,2.8
03157,2023,2.1
03157,2024,1.5
09479,2011,1.5
09479,2012,1.4
09479,2013,1.6
09479,2014,1.6
09479,2015,1.5
09479,2016,1
09479,2017,0.7
09479,2018,0.6
09479,2019,0.7
09479,2020,0.4
09479,2021,0.5
09479,2022,1
09479,2023,1.4
09479,2024,3.9
09190,2011,0.9
09190,2012,1.3
09190,2013,0.8
09190,2014,1
09190,2015,0.8
09190,2016,0.9
09190,2017,0.8
09190,2018,0.8
09190,2019,1
09190,2020,0.7
09190,2021,1.4
09190,2022,2
09190,2023,1.6
09190,2024,2.5
09573,2011,1.3
09573,2012,1.5
09573,2013,1.1
09573,2014,1.1
09573,2015,1.2
09573,2016,1.6
09573,2017,1.2
09573,2018,1
09573,2019,1
09573,2020,1.6
09573,2021,1.1
09573,2022,2.4
09573,2023,2.1
09573,2024,2
09671,2011,1.2
09671,2012,1.2
09671,2013,1.2
09671,2014,1.3
09671,2015,1
09671,2016,1.1
09671,2017,1.3
09671,2018,0.9
09671,2019,1.1
09671,2020,1.1
09671,2021,1.1
09671,2022,1.3
09671,2023,1.6
09671,2024,2.3
05358,2011,2.8
05358,2012,1.9
05358,2013,2
05358,2014,2.4
05358,2015,1.6
05358,2016,1.6
05358,2017,1.4
05358,2018,1.1
05358,2019,1.5
05358,2020,1.2
05358,2021,1.2
05358,2022,2.1
05358,2023,2.3
05358,2024,3.2
09577,2011,1.1
09577,2012,1.5
09577,2013,1.2
09577,2014,1
09577,2015,1
09577,2016,1
09577,2017,0.8
09577,2018,0.7
09577,2019,1.2
09577,2020,0.9
09577,2021,1.2
09577,2022,2.4
09577,2023,3.1
09577,2024,4.4
09564,2011,1.9
09564,2012,2
09564,2013,1.7
09564,2014,1.6
09564,2015,1.4
09564,2016,1.4
09564,2017,1.1
09564,2018,0.9
09564,2019,1
09564,2020,1.4
09564,2021,1.6
09564,2022,1.5
09564,2023,1.9
09564,2024,2.8
05315,2011,1.4
05315,2012,1.2
05315,2013,1.6
05315,2014,1.4
05315,2015,1.4
05315,2016,1.4
05315,2017,1.4
05315,2018,1.6
05315,2019,1.6
05315,2020,1.3
05315,2021,1.1
05315,2022,1.5
05315,2023,1.9
05315,2024,1.4
05911,2011,2.6
05911,2012,2.4
05911,2013,2.1
05911,2014,2.1
05911,2015,1.8
05911,2016,1.5
05911,2017,1.3
05911,2018,1.2
05911,2019,1.3
05911,2020,1.5
05911,2021,1.3
05911,2022,1.2
05911,2023,4.4
05911,2024,5.1
