ags,year,population
10041,2018,329708
10041,2019,328714
10041,2020,327502
10041,2021,327284
10041,2022,330672
10041,2023,332416
10041,2024,333149
10041,2025,331994
10042,2018,103366
10042,2019,103243
10042,2020,103471
10042,2021,103426
10042,2022,109393
10042,2023,109336
10042,2024,108779
10042,2025,107982
10043,2018,132206
10043,2019,131408
10043,2020,131172
10043,2021,130847
10043,2022,133544
10043,2023,133667
10043,2024,133179
10043,2025,132607
10044,2018,195201
10044,2019,194319
10044,2020,193732
10044,2021,193661
10044,2022,205785
10044,2023,206094
10044,2024,205129
10044,2025,204087
10045,2018,142631
10045,2019,142196
10045,2020,141656
10045,2021,140960
10045,2022,144492
10045,2023,144478
10045,2024,144092
10045,2025,143300
10046,2018,87397
10046,2019,87007
10046,2020,86458
10046,2021,86170
10046,2022,88005
10046,2023,88056
10046,2024,87813
10046,2025,87372
11000,2018,3644826
11000,2019,3669491
11000,2020,3664088
11000,2021,3677472
11000,2022,3632853
11000,2023,3662381
11000,2024,3685265
11000,2025,3700577
12051,2018,72124
12051,2019,72184
12051,2020,72040
12051,2021,72461
12051,2022,73612
12051,2023,73939
12051,2024,74113
12051,2025,73945
12052,2018,100219
12052,2019,99678
12052,2020,98693
12052,2021,98359
12052,2022,94250
12052,2023,94778
12052,2024,95123
12052,2025,95140
12053,2018,57873
12053,2019,57751
12053,2020,57015
12053,2021,56679
12053,2022,56434
12053,2023,57065
12053,2024,57107
12053,2025,56586
12054,2018,178089
12054,2019,180334
12054,2020,182112
12054,2021,183154
12054,2022,182987
12054,2023,184290
12054,2024,184754
12054,2025,185137
12060,2018,182760
12060,2019,185244
12060,2020,187343
12060,2021,188835
12060,2022,191525
12060,2023,192776
12060,2024,194169
12060,2025,194885
12061,2018,169067
12061,2019,170791
12061,2020,173316
12061,2021,175834
12061,2022,176373
12061,2023,177662
12061,2024,178793
12061,2025,179480
12062,2018,102638
12062,2019,101827
12062,2020,101085
12062,2021,100317
12062,2022,99684
12062,2023,98750
12062,2024,97967
12062,2025,97017
12063,2018,161909
12063,2019,162996
12063,2020,164693
12063,2021,165906
12063,2022,168494
12063,2023,169721
12063,2024,170834
12063,2025,170792
12064,2018,194328
12064,2019,195751
12064,2020,197195
12064,2021,197965
12064,2022,196930
12064,2023,197785
12064,2024,197817
12064,2025,197192
12065,2018,211249
12065,2019,212914
12065,2020,214234
12065,2021,215795
12065,2022,216849
12065,2023,217290
12065,2024,217690
12065,2025,217858
12066,2018,110476
12066,2019,109371
12066,2020,108396
12066,2021,107558
12066,2022,109091
12066,2023,108434
12066,2024,107793
12066,2025,106744
12067,2018,178658
12067,2019,178803
12067,2020,179276
12067,2021,179245
12067,2022,179748
12067,2023,180499
12067,2024,179817
12067,2025,179142
12068,2018,99078
12068,2019,98861
12068,2020,98808
12068,2021,98829
12068,2022,99294
12068,2023,99372
12068,2024,99152
12068,2025,98704
12069,2018,214664
12069,2019,216566
12069,2020,217954
12069,2021,219521
12069,2022,219092
12069,2023,220158
12069,2024,221268
12069,2025,221347
12070,2018,76508
12070,2019,76158
12070,2020,76096
12070,2021,75574
12070,2022,76322
12070,2023,76148
12070,2024,75595
12070,2025,74942
12071,2018,114429
12071,2019,113720
12071,2020,113011
12071,2021,111955
12071,2022,111083
12071,2023,110580
12071,2024,109635
12071,2025,108574
12072,2018,168296
12072,2019,169997
12072,2020,171554
12072,2021,172545
12072,2022,175569
12072,2023,177420
12072,2024,177688
12072,2025,177982
12073,2018,119552
12073,2019,118947
12073,2020,118250
12073,2021,117336
12073,2022,117822
12073,2023,117797
12073,2024,117432
12073,2025,116422
13003,2018,208886
13003,2019,209191
13003,2020,209061
13003,2021,208400
13003,2022,203909
13003,2023,204948
13003,2024,205307
13003,2025,204929
13004,2018,95818
13004,2019,95653
13004,2020,95609
13004,2021,95740
13004,2022,97614
13004,2023,97850
13004,2024,98308
13004,2025,97922
13071,2018,259130
13071,2019,258074
13071,2020,258057
13071,2021,257525
13071,2022,247735
13071,2023,247575
13071,2024,246318
13071,2025,245998
13072,2018,215113
13072,2019,215794
13072,2020,217072
13072,2021,217796
13072,2022,218132
13072,2023,218780
13072,2024,218721
13072,2025,218123
13073,2018,224684
13073,2019,224702
13073,2020,225383
13073,2021,225900
13073,2022,215983
13073,2023,216175
13073,2024,215203
13073,2025,217817
13074,2018,156729
13074,2019,157322
13074,2020,157975
13074,2021,158449
13074,2022,157108
13074,2023,157160
13074,2024,156692
13074,2025,155869
13075,2018,236697
13075,2019,235623
13075,2020,235773
13075,2021,235451
13075,2022,226324
13075,2023,226181
13075,2024,224956
13075,2025,225867
13076,2018,212618
13076,2019,211779
13076,2020,211844
13076,2021,211899
13076,2022,209244
13076,2023,209372
13076,2024,208092
13076,2025,207160
14511,2018,247237
14511,2019,246334
14511,2020,244401
14511,2021,243105
14511,2022,242896
14511,2023,245150
14511,2024,245618
14511,2025,247252
14521,2018,337696
14521,2019,334948
14521,2020,331917
14521,2021,328695
14521,2022,324070
14521,2023,322179
14521,2024,318394
14521,2025,315274
14522,2018,306185
14522,2019,304099
14522,2020,301474
14522,2021,299329
14522,2022,297991
14522,2023,297766
14522,2024,296431
14522,2025,294037
14523,2018,227796
14523,2019,225997
14523,2020,223905
14523,2021,221376
14523,2022,221783
14523,2023,221088
14523,2024,219100
14523,2025,216387
14524,2018,317531
14524,2019,315002
14524,2020,312033
14524,2021,309621
14524,2022,310532
14524,2023,309866
14524,2024,306793
14524,2025,303634
14612,2018,554649
14612,2019,556780
14612,2020,556227
14612,2021,555351
14612,2022,559986
14612,2023,563019
14612,2024,564904
14612,2025,562764
14625,2018,300880
14625,2019,299758
14625,2020,298010
14625,2021,296290
14625,2022,295917
14625,2023,294746
14625,2024,292608
14625,2025,290610
14626,2018,254894
14626,2019,252725
14626,2020,250558
14626,2021,248273
14626,2022,246989
14626,2023,245867
14626,2024,243958
14626,2025,241749
14627,2018,242165
14627,2019,241717
14627,2020,240371
14627,2021,239344
14627,2022,240519
14627,2023,240368
14627,2024,239221
14627,2025,238334
14628,2018,245611
14628,2019,245586
14628,2020,244722
14628,2021,244009
14628,2022,245313
14628,2023,245143
14628,2024,243996
14628,2025,242471
14713,2018,587857
14713,2019,593145
14713,2020,597493
14713,2021,601866
14713,2022,603578
14713,2023,608013
14713,2024,611850
14713,2025,615932
14729,2018,257763
14729,2019,258139
14729,2020,258386
14729,2021,258214
14729,2022,259568
14729,2023,260706
14729,2024,260127
14729,2025,259516
14730,2018,197673
14730,2019,197741
14730,2020,197444
14730,2021,197529
14730,2022,200825
14730,2023,200778
14730,2024,199422
14730,2025,198639
15001,2018,81237
15001,2019,80103
15001,2020,79354
15001,2021,78731
15001,2022,76042
15001,2023,76062
15001,2024,75402
15001,2025,75035
15002,2018,239257
15002,2019,238762
15002,2020,237865
15002,2021,238061
15002,2022,227416
15002,2023,227639
15002,2024,226767
15002,2025,226186
15003,2018,238697
15003,2019,237565
15003,2020,235775
15003,2021,236188
15003,2022,241753
15003,2023,242491
15003,2024,244329
15003,2025,244494
15081,2018,83765
15081,2019,83173
15081,2020,82687
15081,2021,81986
15081,2022,81369
15081,2023,80780
15081,2024,79980
15081,2025,79460
15082,2018,159854
15082,2019,158486
15082,2020,157217
15082,2021,155900
15082,2022,154366
15082,2023,153801
15082,2024,153035
15082,2025,151352
15083,2018,171734
15083,2019,170923
15083,2020,170567
15083,2021,170106
15083,2022,168952
15083,2023,168593
15083,2024,167924
15083,2025,167314
15084,2018,180190
15084,2019,178846
15084,2020,177590
15084,2021,176333
15084,2022,175180
15084,2023,175217
15084,2024,173684
15084,2025,171535
15085,2018,214446
15085,2019,213310
15085,2020,210975
15085,2021,209117
15085,2022,208634
15085,2023,207134
15085,2024,205484
15085,2025,202574
15086,2018,89928
15086,2019,89589
15086,2020,89403
15086,2021,89118
15086,2022,89033
15086,2023,88695
15086,2024,88509
15086,2025,88356
15087,2018,136249
15087,2019,134942
15087,2020,133690
15087,2021,132317
15087,2022,131107
15087,2023,130162
15087,2024,129029
15087,2025,127668
15088,2018,184582
15088,2019,183815
15088,2020,183434
15088,2021,182814
15088,2022,182390
15088,2023,182677
15088,2024,182451
15088,2025,181327
15089,2018,190560
15089,2019,189125
15089,2020,187457
15089,2021,185495
15089,2022,183727
15089,2023,182296
15089,2024,180771
15089,2025,178773
15090,2018,111982
15090,2019,111190
15090,2020,110485
15090,2021,109746
15090,2022,107462
15090,2023,106793
15090,2024,106538
15090,2025,105803
15091,2018,125840
15091,2019,124953
15091,2020,124185
15091,2021,123341
15091,2022,122808
15091,2023,122230
15091,2024,121694
15091,2025,120375
16051,2018,213699
16051,2019,213981
16051,2020,213692
16051,2021,213227
16051,2022,218769
16051,2023,219549
16051,2024,218793
16051,2025,217159
16052,2018,94152
16052,2019,93125
16052,2020,92126
16052,2021,91368
16052,2022,94454
16052,2023,95695
16052,2024,95608
16052,2025,95162
16053,2018,111407
16053,2019,111343
16053,2020,110731
16053,2021,110502
16053,2022,110470
16053,2023,110076
16053,2024,109725
16053,2025,109353
16054,2018,34835
16054,2019,36789
16054,2020,36395
16054,2021,36054
16054,2022,36325
16054,2023,36307
16054,2024,34685
16054,2025,33976
16055,2018,65090
16055,2019,65228
16055,2020,65098
16055,2021,65138
16055,2022,65507
16055,2023,65528
16055,2024,65954
16055,2025,65566
16056,2018,42370
16056,2019,42250
16056,2020,41970
16061,2018,100380
16061,2019,100006
16061,2020,99463
16061,2021,99324
16061,2022,99358
16061,2023,102699
16061,2024,103694
16061,2025,102772
16062,2018,83822
16062,2019,83416
16062,2020,82456
16062,2021,81687
16062,2022,81811
16062,2023,81502
16062,2024,80762
16062,2025,79695
16063,2018,123025
16063,2019,118974
16063,2020,117967
16063,2021,158900
16063,2022,156566
16063,2023,156334
16063,2024,154957
16063,2025,153346
16064,2018,102912
16064,2019,102232
16064,2020,101698
16064,2021,101269
16064,2022,100435
16064,2023,96458
16064,2024,94613
16064,2025,93553
16065,2018,75009
16065,2019,74212
16065,2020,73522
16065,2021,72964
16065,2022,73022
16065,2023,72556
16065,2024,71738
16065,2025,70635
16066,2018,122347
16066,2019,124916
16066,2020,124241
16066,2021,123404
16066,2022,121791
16066,2023,121151
16066,2024,120214
16066,2025,118927
16067,2018,135452
16067,2019,134908
16067,2020,134563
16067,2021,133825
16067,2022,137321
16067,2023,136933
16067,2024,135838
16067,2025,134460
16068,2018,69655
16068,2019,69427
16068,2020,69107
16068,2021,68717
16068,2022,68325
16068,2023,68109
16068,2024,67693
16068,2025,67106
16069,2018,63553
16069,2019,63197
16069,2020,62656
16069,2021,62089
16069,2022,61271
16069,2023,60691
16069,2024,59987
16069,2025,59287
16070,2018,108742
16070,2019,106249
16070,2020,105606
16070,2021,105367
16070,2022,106975
16070,2023,107002
16070,2024,106657
16070,2025,106006
16071,2018,81947
16071,2019,82156
16071,2020,82291
16071,2021,82103
16071,2022,83148
16071,2023,82868
16071,2024,82392
16071,2025,81766
16072,2018,56196
16072,2019,57717
16072,2020,57044
16072,2021,56504
16072,2022,56412
16072,2023,55959
16072,2024,54964
16072,2025,54249
16073,2018,106356
16073,2019,103199
16073,2020,102139
16073,2021,100969
16073,2022,101556
16073,2023,101111
16073,2024,100105
16073,2025,98386
16074,2018,83051
16074,2019,82950
16074,2020,82816
16074,2021,82513
16074,2022,83595
16074,2023,84040
16074,2024,83342
16074,2025,82163
16075,2018,80868
16075,2019,80312
16075,2020,79632
16075,2021,79030
16075,2022,78404
16075,2023,77859
16075,2024,77341
16075,2025,76188
16076,2018,98159
16076,2019,97398
16076,2020,96668
16076,2021,96102
16076,2022,95281
16076,2023,94488
16076,2024,93707
16076,2025,92479
16077,2018,90118
16077,2019,89393
16077,2020,88356
16077,2021,87807
16077,2022,88034
16077,2023,87955
16077,2024,87508
16077,2025,86712
10041100,2018,180741
10041100,2019,180374
10041100,2020,179349
10041100,2021,179634
10041100,2022,180261
10041100,2023,181982
10041100,2024,182971
10041100,2025,182859
11001001,2022,361975
11001001,2023,363930
11001001,2024,364530
11001001,2025,365741
11002002,2022,266340
11002002,2023,266958
11002002,2024,266583
11002002,2025,267258
11003003,2022,403062
11003003,2023,406631
11003003,2024,409453
11003003,2025,411133
11004004,2022,320014
11004004,2023,322719
11004004,2024,323507
11004004,2025,323712
11005005,2022,240799
11005005,2023,243827
11005005,2024,246257
11005005,2025,248122
11006006,2022,296190
11006006,2023,295766
11006006,2024,295786
11006006,2025,295082
11007007,2022,334020
11007007,2023,336070
11007007,2024,337361
11007007,2025,339042
11008008,2022,306537
11008008,2023,307275
11008008,2024,307113
11008008,2025,309241
11009009,2022,280512
11009009,2023,285088
11009009,2024,288802
11009009,2025,293681
11010010,2022,274346
11010010,2023,280500
11010010,2024,282847
11010010,2025,285222
11011011,2022,294945
11011011,2023,298791
11011011,2024,302726
11011011,2025,305118
11012012,2022,254113
11012012,2023,254826
11012012,2024,260300
11012012,2025,257225
09175,2018,142142
09175,2019,143649
09175,2020,144091
09175,2021,144562
09175,2022,142205
09175,2023,143011
09175,2024,144225
09175,2025,144526
06533,2018,172083
06533,2019,171912
06533,2020,172291
06533,2021,172759
06533,2022,173484
06533,2023,174281
06533,2024,173830
06533,2025,172995
06432,2018,297399
06432,2019,297844
06432,2020,297701
06432,2021,296900
06432,2022,300928
06432,2023,302263
06432,2024,302021
06432,2025,301529
09673,2018,79690
09673,2019,79635
09673,2020,79510
09673,2021,79376
09673,2022,79216
09673,2023,79430
09673,2024,79375
09673,2025,78902
07337,2018,110356
07337,2019,110521
07337,2020,110783
07337,2021,111279
07337,2022,112907
07337,2023,113150
07337,2024,113031
07337,2025,112597
07231,2018,112262
07231,2019,112483
07231,2020,112685
07231,2021,113194
07231,2022,113299
07231,2023,113327
07231,2024,113187
07231,2025,112751
05162,2018,451007
05162,2019,451730
05162,2020,452001
05162,2021,452496
05162,2022,455818
05162,2023,457398
05162,2024,457077
05162,2025,455615
05116,2018,261454
05116,2019,261034
05116,2020,259665
05116,2021,261001
05116,2022,267333
05116,2023,267667
05116,2024,267213
05116,2025,267176
09471,2018,147086
09471,2019,147163
09471,2020,147497
09471,2021,147697
09471,2022,147269
09471,2023,148017
09471,2024,147777
09471,2025,147319
09263,2018,47794
09263,2019,47791
09263,2020,47612
09263,2021,47854
09263,2022,46953
09263,2023,47524
09263,2024,49002
09263,2025,49061
07143,2018,201597
07143,2019,201904
07143,2020,202830
07143,2021,203831
07143,2022,207154
07143,2023,207648
07143,2024,207803
07143,2025,207683
05558,2018,219929
05558,2019,220586
05558,2020,220712
05558,2021,221352
05558,2022,224745
05558,2023,226217
05558,2024,227859
05558,2025,227168
07332,2018,132660
07332,2019,132671
07332,2020,133004
07332,2021,133206
07332,2022,134032
07332,2023,134221
07332,2024,134329
07332,2025,133863
09774,2018,125747
09774,2019,127027
09774,2020,127342
09774,2021,128436
09774,2022,128361
09774,2023,129696
09774,2024,129846
09774,2025,129580
01002,2018,247548
01002,2019,246794
01002,2020,246601
01002,2021,246243
01002,2022,250064
01002,2023,251751
01002,2024,252668
01002,2025,251842
08136,2018,314002
08136,2019,314025
08136,2020,314294
08136,2021,315009
08136,2022,316343
08136,2023,317263
08136,2024,317427
08136,2025,316328
03103,2018,124151
03103,2019,124371
03103,2020,123840
03103,2021,123949
03103,2022,127990
03103,2023,129347
03103,2024,129560
03103,2025,129813
08211,2018,55123
08211,2019,55185
08211,2020,55449
08211,2021,55527
08211,2022,56094
08211,2023,56526
08211,2024,56881
08211,2025,56952
03351,2018,178936
03351,2019,179011
03351,2020,179386
03351,2021,179915
03351,2022,172477
03351,2023,172871
03351,2024,172449
03351,2025,172089
07318,2018,50378
07318,2019,50561
07318,2020,50741
07318,2021,50565
07318,2022,49881
07318,2023,49874
07318,2024,49564
07318,2025,49035
01061,2018,131347
01061,2019,131013
01061,2020,130706
01061,2021,130843
01061,2022,131712
01061,2023,132447
01061,2024,132731
01061,2025,132217
09181,2018,120071
09181,2019,120302
09181,2020,121019
09181,2021,121466
09181,2022,119654
09181,2023,120966
09181,2024,122107
09181,2025,122307
06413,2018,128744
06413,2019,130280
06413,2020,130892
06413,2021,131295
06413,2022,130542
06413,2023,131845
06413,2024,132746
06413,2025,133195
06437,2018,96798
06437,2019,96703
06437,2020,96754
06437,2021,96953
06437,2022,94619
06437,2023,94246
06437,2024,93846
06437,2025,93399
06440,2018,306460
06440,2019,308339
06440,2020,310353
06440,2021,311661
06440,2022,309348
06440,2023,310705
06440,2024,311593
06440,2025,310526
09577,2018,94393
09577,2019,94734
09577,2020,95117
09577,2021,95523
09577,2022,94468
09577,2023,94670
09577,2024,94695
09577,2025,94407
08237,2018,117935
08237,2019,118243
08237,2020,118364
08237,2021,119183
08237,2022,121450
08237,2023,121901
08237,2024,121958
08237,2025,121646
08317,2018,429479
08317,2019,430953
08317,2020,432580
08317,2021,434535
08317,2022,440768
08317,2023,443482
08317,2024,444858
08317,2025,445855
03356,2018,113517
03356,2019,113928
03356,2020,114640
03356,2021,115054
03356,2022,113800
03356,2023,113784
03356,2024,113598
03356,2025,113340
07311,2018,48561
07311,2019,48762
07311,2020,48750
07311,2021,48773
07311,2022,48007
07311,2023,48107
07311,2024,48140
07311,2025,48134
07313,2018,46677
07313,2019,46881
07313,2020,46685
07313,2021,46919
07313,2022,47455
07313,2023,48202
07313,2024,48209
07313,2025,48280
05170,2018,459809
05170,2019,459976
05170,2020,460113
05170,2021,460433
05170,2022,455854
05170,2023,457545
05170,2024,457918
05170,2025,457020
08128,2018,132321
08128,2019,132399
08128,2020,132684
08128,2021,132956
08128,2022,132793
08128,2023,133459
08128,2024,133169
08128,2025,132876
09564,2018,518365
09564,2019,518370
09564,2020,515543
09564,2021,510632
09564,2022,523734
09564,2023,526606
09564,2024,529508
09564,2025,531159
07111,2018,114024
07111,2019,114052
07111,2020,113388
07111,2021,113638
07111,2022,113294
07111,2023,113346
07111,2024,113378
07111,2025,113020
09276,2018,77656
09276,2019,77410
09276,2020,77313
09276,2021,77176
09276,2022,77503
09276,2023,77439
09276,2024,77267
09276,2025,77118
06634,2018,180222
06634,2019,179673
06634,2020,179840
06634,2021,180052
06634,2022,179406
06634,2023,180368
06634,2024,180071
06634,2025,179411
05974,2018,301902
05974,2019,301785
05974,2020,301016
05974,2021,302298
05974,2022,299749
05974,2023,300347
05974,2024,300297
05974,2025,298457
09162,2018,1471508
09162,2019,1484226
09162,2020,1488202
09162,2021,1487708
09162,2022,1490516
09162,2023,1488719
09162,2024,1505005
09162,2025,1505036
05111,2018,619294
05111,2019,621877
05111,2020,620523
05111,2021,619477
05111,2022,614399
05111,2023,616319
05111,2024,618685
05111,2025,619444
03457,2018,169809
03457,2019,170756
03457,2020,171483
03457,2021,172421
03457,2022,169390
03457,2023,169111
03457,2024,169103
03457,2025,169111
09761,2018,295135
09761,2019,296582
09761,2020,295830
09761,2021,296478
09761,2022,296706
09761,2023,298972
09761,2024,301105
09761,2025,301786
08421,2018,126329
08421,2019,126790
08421,2020,126405
08421,2021,126949
08421,2022,127932
08421,2023,128998
08421,2024,129882
08421,2025,130288
09780,2018,155362
09780,2019,156008
09780,2020,156308
09780,2021,157202
09780,2022,152664
09780,2023,153394
09780,2024,155413
09780,2025,155421
09478,2018,66838
09478,2019,66776
09478,2020,66722
09478,2021,66741
09478,2022,67466
09478,2023,67716
09478,2024,67379
09478,2025,67114
07137,2018,214259
07137,2019,214434
07137,2020,214786
07137,2021,215446
07137,2022,216056
07137,2023,216874
07137,2024,217228
07137,2025,216796
04011,2018,569352
04011,2019,567559
04011,2020,566573
04011,2021,563290
04011,2022,576947
04011,2023,584332
04011,2024,586271
04011,2025,588413
03257,2018,157781
03257,2019,157820
03257,2020,158406
03257,2021,158108
03257,2022,156747
03257,2023,157051
03257,2024,156841
03257,2025,156077
09183,2018,115250
09183,2019,115872
09183,2020,116483
09183,2021,117606
09183,2022,120317
09183,2023,121263
09183,2024,122037
09183,2025,122314
07340,2018,95113
07340,2019,94831
07340,2020,94912
07340,2021,94819
07340,2022,90144
07340,2023,90168
07340,2024,89974
07340,2025,89402
09375,2018,193572
09375,2019,194070
09375,2020,194275
09375,2021,195225
09375,2022,191651
09375,2023,193801
09375,2024,196213
09375,2025,196410
09186,2018,127151
09186,2019,128227
09186,2020,129128
09186,2021,129772
09186,2022,128537
09186,2023,129497
09186,2024,130781
09186,2025,131079
09473,2018,86906
09473,2019,86747
09473,2020,86571
09473,2021,86544
09473,2022,84341
09473,2023,84518
09473,2024,84468
09473,2025,83687
05124,2018,354382
05124,2019,355100
05124,2020,355004
05124,2021,354572
05124,2022,358568
05124,2023,358592
05124,2024,358193
05124,2025,357243
09271,2018,119326
09271,2019,119478
09271,2020,119479
09271,2021,120521
09271,2022,120091
09271,2023,121137
09271,2024,121844
09271,2025,121886
03401,2018,77607
03401,2019,77559
03401,2020,77503
03401,2021,77522
03401,2022,81148
03401,2023,81746
03401,2024,81406
03401,2025,81274
05758,2018,250783
05758,2019,250578
05758,2020,250547
05758,2021,250635
05758,2022,254949
05758,2023,254593
05758,2024,254404
05758,2025,253431
08115,2018,391640
08115,2019,392807
08115,2020,392898
08115,2021,393195
08115,2022,391368
08115,2023,394261
08115,2024,395167
08115,2025,394729
03154,2018,91307
03154,2019,91297
03154,2020,91518
03154,2021,91379
03154,2022,90985
03154,2023,90692
03154,2024,90227
03154,2025,89771
07339,2018,210889
07339,2019,211417
07339,2020,211525
07339,2021,212420
07339,2022,205823
07339,2023,206220
07339,2024,206454
07339,2025,206603
09362,2018,152610
09362,2019,153094
09362,2020,152270
09362,2021,153542
09362,2022,147509
09362,2023,149664
09362,2024,151389
09362,2025,151517
05774,2018,306890
05774,2019,307839
05774,2020,308335
05774,2021,309380
05774,2022,313921
05774,2023,315606
05774,2024,315912
05774,2025,314527
05114,2018,227020
05114,2019,227417
05114,2020,226844
05114,2021,227050
05114,2022,230375
05114,2023,230393
05114,2024,231406
05114,2025,230738
05370,2018,254322
05370,2019,255555
05370,2020,256458
05370,2021,258306
05370,2022,261239
05370,2023,262149
05370,2024,263681
05370,2025,263507
05513,2018,260654
05513,2019,259645
05513,2020,259105
05513,2021,260126
05513,2022,264644
05513,2023,267284
05513,2024,267930
05513,2025,266199
09671,2018,174208
09671,2019,174200
09671,2020,174658
09671,2021,174965
09671,2022,170651
09671,2023,170856
09671,2024,170945
09671,2025,170120
09188,2018,136092
09188,2019,136667
09188,2020,136610
09188,2021,136747
09188,2022,138488
09188,2023,138926
09188,2024,139329
09188,2025,139709
08226,2018,547625
08226,2019,548355
08226,2020,548233
08226,2021,549030
08226,2022,556316
08226,2023,557819
08226,2024,558561
08226,2025,559097
03452,2018,189848
03452,2019,189694
03452,2020,190178
03452,2021,190425
03452,2022,188402
03452,2023,188960
03452,2024,188816
03452,2025,188450
08235,2018,158397
08235,2019,159201
08235,2020,160149
08235,2021,160686
08235,2022,160139
08235,2023,161181
08235,2024,161251
08235,2025,160766
09572,2018,136271
09572,2019,137262
09572,2020,138105
09572,2021,139323
09572,2022,137981
09572,2023,138581
09572,2024,138325
09572,2025,138365
01055,2018,200581
01055,2019,200539
01055,2020,201487
01055,2021,202014
01055,2022,200802
01055,2023,201529
01055,2024,201472
01055,2025,201222
03101,2018,248292
03101,2019,249406
03101,2020,248561
03101,2021,248823
03101,2022,253194
03101,2023,253527
03101,2024,252962
03101,2025,252811
03159,2018,328074
03159,2019,326041
03159,2020,323900
03159,2021,323661
03159,2022,328039
03159,2023,328657
03159,2024,328028
03159,2025,330943
09779,2018,133496
09779,2019,133783
09779,2020,134324
09779,2021,134986
09779,2022,133770
09779,2023,134677
09779,2024,135098
09779,2025,135262
08222,2018,309370
08222,2019,310658
08222,2020,309721
08222,2021,311831
08222,2022,314961
08222,2023,316256
08222,2024,318035
08222,2025,319536
09173,2018,127227
09173,2019,127917
09173,2020,128212
09173,2021,127919
09173,2022,129062
09173,2023,129787
09173,2024,130248
09173,2025,130081
08437,2018,130873
08437,2019,130849
08437,2020,130946
08437,2021,131725
08437,2022,132507
08437,2023,132758
08437,2024,132167
08437,2025,131988
05766,2018,348391
05766,2019,347514
05766,2020,346970
05766,2021,346151
05766,2022,348275
05766,2023,347613
05766,2024,347149
05766,2025,346212
03255,2018,70975
03255,2019,70458
03255,2020,70207
03255,2021,69862
03255,2022,66288
03255,2023,66088
03255,2024,65581
03255,2025,65271
05915,2018,179111
05915,2019,179916
05915,2020,178967
05915,2021,179238
05915,2022,179479
05915,2023,179380
05915,2024,179968
05915,2025,179108
08325,2018,139455
08325,2019,139878
08325,2020,140166
08325,2021,140446
08325,2022,139968
08325,2023,140344
08325,2024,140237
08325,2025,139724
05358,2018,263722
05358,2019,264638
05358,2020,265140
05358,2021,266771
05358,2022,276675
05358,2023,278462
05358,2024,279285
05358,2025,279492
01004,2018,79487
01004,2019,80196
01004,2020,79905
01004,2021,79496
01004,2022,78858
01004,2023,79461
01004,2024,79809
01004,2025,80145
05334002,2018,247380
05334002,2019,248960
05334002,2020,248878
05334002,2021,249070
05334002,2022,262886
05334002,2023,263772
05334002,2024,262670
05334002,2025,263703
09675,2018,90909
09675,2019,91155
09675,2020,91696
09675,2021,91980
09675,2022,90576
09675,2023,91197
09675,2024,91287
09675,2025,91471
08221,2018,160355
08221,2019,161485
08221,2020,158741
08221,2021,159245
08221,2022,154570
08221,2023,155175
08221,2024,155756
08221,2025,156092
08121,2018,125960
08121,2019,126592
08121,2020,126458
08121,2021,125613
08121,2022,129931
08121,2023,131653
08121,2024,131986
08121,2025,132516
09776,2018,81669
09776,2019,81981
09776,2020,82085
09776,2021,82330
09776,2022,81874
09776,2023,82224
09776,2024,82411
09776,2025,82399
08126,2018,112010
08126,2019,112655
08126,2020,112765
08126,2021,113318
08126,2022,114553
08126,2023,115335
08126,2024,115644
08126,2025,115601
06636,2018,101017
06636,2019,100629
06636,2020,100046
06636,2021,99714
06636,2022,98044
06636,2023,98055
06636,2024,97695
06636,2025,97433
05366,2018,192840
05366,2019,193656
05366,2020,194359
05366,2021,194701
05366,2022,199228
05366,2023,201841
05366,2024,202609
05366,2025,201636
09178,2018,179116
09178,2019,180007
09178,2020,180313
09178,2021,181144
09178,2022,181568
09178,2023,183535
09178,2024,184564
09178,2025,184399
03354,2018,48424
03354,2019,48412
03354,2020,48503
03354,2021,48472
03354,2022,46791
03354,2023,46815
03354,2024,46502
03354,2025,46471
01051,2018,133210
01051,2019,133193
01051,2020,133251
01051,2021,133969
01051,2022,133104
01051,2023,133514
01051,2024,133460
01051,2025,133405
09278,2018,100649
09278,2019,101120
09278,2020,101745
09278,2021,102398
09278,2022,102914
09278,2023,103329
09278,2024,103041
09278,2025,103104
05113,2018,583109
05113,2019,582760
05113,2020,582415
05113,2021,579432
05113,2022,572237
05113,2023,574082
05113,2024,574682
05113,2025,573618
08416,2018,227331
08416,2019,228678
08416,2020,228471
08416,2021,229806
08416,2022,230987
08416,2023,232897
08416,2024,233546
08416,2025,233593
09763,2018,68907
09763,2019,69151
09763,2020,68940
09763,2021,69053
09763,2022,65229
09763,2023,65933
09763,2024,67645
09763,2025,67916
05966,2018,134775
05966,2019,133955
05966,2020,133362
05966,2021,133120
05966,2022,132519
05966,2023,132426
05966,2024,132346
05966,2025,131265
03361,2018,136792
03361,2019,137133
03361,2020,137574
03361,2021,138507
03361,2022,137793
03361,2023,138273
03361,2024,138626
03361,2025,138895
01058,2018,272775
01058,2019,274098
01058,2020,274765
01058,2021,276053
01058,2022,276964
01058,2023,277888
01058,2024,278058
01058,2025,277263
03252,2018,148559
03252,2019,148549
03252,2020,148580
03252,2021,148963
03252,2022,150717
03252,2023,150535
03252,2024,150203
03252,2025,149773
06632,2018,120829
06632,2019,120719
06632,2020,120304
06632,2021,120163
06632,2022,118183
06632,2023,118010
06632,2024,117414
06632,2025,116906
05914,2018,188814
05914,2019,188686
05914,2020,188687
05914,2021,188713
05914,2022,189957
05914,2023,190640
05914,2024,190384
05914,2025,189983
03241,2018,1157624
03241,2019,1157115
03241,2020,1155330
03241,2021,1157541
03241,2022,1134284
03241,2023,1138943
03241,2024,1140888
03241,2025,1141128
09372,2018,127882
09372,2019,127998
09372,2020,128094
09372,2021,128444
09372,2022,127452
09372,2023,128230
09372,2024,128534
09372,2025,128141
05316,2018,163838
05316,2019,163729
05316,2020,163905
05316,2021,163851
05316,2022,167174
05316,2023,167850
05316,2024,168581
05316,2025,168299
03461,2018,88624
03461,2019,88583
03461,2020,88524
03461,2021,88430
03461,2022,89127
03461,2023,89316
03461,2024,88936
03461,2025,88852
06611,2018,201585
06611,2019,202137
06611,2020,201048
06611,2021,200406
06611,2022,196575
06611,2023,197065
06611,2024,197230
06611,2025,196799
05374,2018,272471
05374,2019,272057
05374,2020,271699
05374,2021,271621
05374,2022,273634
05374,2023,273963
05374,2024,274057
05374,2025,273368
09771,2018,133596
09771,2019,134655
09771,2020,135024
09771,2021,135538
09771,2022,135133
09771,2023,136430
09771,2024,136803
09771,2025,137281
09273,2018,122258
09273,2019,123058
09273,2020,123390
09273,2021,123899
09273,2022,124673
09273,2023,125597
09273,2024,126037
09273,2025,126321
07316,2018,53148
07316,2019,53264
07316,2020,53306
07316,2021,53491
07316,2022,52759
07316,2023,52709
07316,2024,52945
07316,2025,52882
03455,2018,98460
03455,2019,98704
03455,2020,98971
03455,2021,98971
03455,2022,100089
03455,2023,100461
03455,2024,100411
03455,2025,100261
07233,2018,60603
07233,2019,60646
07233,2020,60491
07233,2021,60882
07233,2022,59389
07233,2023,59542
07233,2024,59313
07233,2025,59160
07140,2018,102937
07140,2019,103163
07140,2020,103401
07140,2021,103767
07140,2022,105740
07140,2023,106390
07140,2024,106705
07140,2025,106726
07335,2018,106057
07335,2019,105979
07335,2020,106320
07335,2021,106853
07335,2022,105752
07335,2023,106082
07335,2024,106343
07335,2025,106317
09563,2018,127748
09563,2019,128497
09563,2020,128223
09563,2021,129122
09563,2022,131060
09563,2023,131712
09563,2024,132036
09563,2025,131344
03241001,2018,538068
03241001,2019,536925
03241001,2020,534049
03241001,2021,535932
03241001,2022,516540
03241001,2023,520290
03241001,2024,522131
03241001,2025,522803
08118,2018,543984
08118,2019,545423
08118,2020,544971
08118,2021,544679
08118,2022,532109
08118,2023,534808
08118,2024,535374
08118,2025,534454
01053,2018,197264
01053,2019,198019
01053,2020,199152
01053,2021,200819
01053,2022,204237
01053,2023,205445
01053,2024,206235
01053,2025,206492
03157,2018,133965
03157,2019,134801
03157,2020,135844
03157,2021,136960
03157,2022,136719
03157,2023,136983
03157,2024,137045
03157,2025,137149
07134,2018,80720
07134,2019,80951
07134,2020,80830
07134,2021,80849
07134,2022,82350
07134,2023,82622
07134,2024,82611
07134,2025,82304
03254,2018,276594
03254,2019,275817
03254,2020,275464
03254,2021,274773
03254,2022,268062
03254,2023,268318
03254,2024,267506
03254,2025,266613
09377,2018,72504
09377,2019,72046
09377,2020,71696
09377,2021,71648
09377,2022,72561
09377,2023,72545
09377,2024,72210
09377,2025,71768
06439,2018,187157
06439,2019,187160
06439,2020,187433
06439,2021,187229
06439,2022,185684
06439,2023,186050
06439,2024,185651
06439,2025,185359
03358,2018,139755
03358,2019,140673
03358,2020,140885
03358,2021,142912
03358,2022,143728
03358,2023,141627
03358,2024,141321
03358,2025,141473
08335,2018,285325
08335,2019,286305
08335,2020,286876
08335,2021,288097
08335,2022,289613
08335,2023,291397
08335,2024,291841
08335,2025,291867
05515,2018,314319
05515,2019,315293
05515,2020,316403
05515,2021,317713
05515,2022,305222
05515,2023,307071
05515,2024,308258
05515,2025,306368
06531,2018,268876
06531,2019,270688
06531,2020,271667
06531,2021,272874
06531,2022,266314
06531,2023,268141
06531,2024,268418
06531,2025,267283
09476,2018,67135
09476,2019,66743
09476,2020,66355
09476,2021,66091
09476,2022,65087
09476,2023,65009
09476,2024,64545
09476,2025,63806
06434,2018,236564
06434,2019,236914
06434,2020,237281
06434,2021,237041
06434,2022,238534
06434,2023,240622
06434,2024,241664
06434,2025,241730
05554,2018,370676
05554,2019,371339
05554,2020,371898
05554,2021,373582
05554,2022,377154
05554,2023,379787
05554,2024,380796
05554,2025,379561
05562,2018,615261
05562,2019,614137
05562,2020,613599
05562,2021,612801
05562,2022,621933
05562,2023,622855
05562,2024,621305
05562,2025,618865
05166,2018,298935
05166,2019,298863
05166,2020,298536
05166,2021,298761
05166,2022,295362
05166,2023,297504
05166,2024,297857
05166,2025,297193
03403,2018,168210
03403,2019,169077
03403,2020,169605
03403,2021,170389
03403,2022,174445
03403,2023,176242
03403,2024,176614
03403,2025,177055
05570,2018,277783
05570,2019,277840
05570,2020,277417
05570,2021,278176
05570,2022,281090
05570,2023,282216
05570,2024,282639
05570,2025,281872
09662,2018,54032
09662,2019,53426
09662,2020,53319
09662,2021,53585
09662,2022,53539
09662,2023,53938
09662,2024,54481
09662,2025,54539
08426,2018,199742
08426,2019,201282
08426,2020,202250
08426,2021,203244
08426,2022,205073
08426,2023,206783
08426,2024,207415
08426,2025,207203
05958,2018,260475
05958,2019,259777
05958,2020,259030
05958,2021,258615
05958,2022,261006
05958,2023,261193
05958,2024,260843
05958,2025,259176
09575,2018,100364
09575,2019,101014
09575,2020,101272
09575,2021,101788
09575,2022,100568
09575,2023,100982
09575,2024,101043
09575,2025,100767
07132,2018,128705
07132,2019,128805
07132,2020,129087
07132,2021,129261
07132,2022,131657
07132,2023,132149
07132,2024,132125
07132,2025,132055
09463,2018,41249
09463,2019,41072
09463,2020,40842
09463,2021,40955
09463,2022,40618
09463,2023,40907
09463,2024,41064
09463,2025,40970
09674,2018,84599
09674,2019,84384
09674,2020,84275
09674,2021,84284
09674,2022,83258
09674,2023,83673
09674,2024,83869
09674,2025,83390
06411,2018,159207
06411,2019,159878
06411,2020,159174
06411,2021,159631
06411,2022,162329
06411,2023,164832
06411,2024,167029
06411,2025,168253
09677,2018,126365
09677,2019,126158
09677,2020,125976
09677,2021,126105
09677,2022,125270
09677,2023,125814
09677,2024,125282
09677,2025,124315
09562,2018,111962
09562,2019,112528
09562,2020,112385
09562,2021,113292
09562,2022,113911
09562,2023,115314
09562,2024,115928
09562,2025,116450
05711,2018,333786
05711,2019,334195
05711,2020,333509
05711,2021,334002
05711,2022,331385
05711,2023,331519
05711,2024,331605
05711,2025,331419
08327,2018,140152
08327,2019,140766
08327,2020,141682
08327,2021,142414
08327,2022,143677
08327,2023,144955
08327,2024,145208
08327,2025,145002
08215,2018,444232
08215,2019,445101
08215,2020,446852
08215,2021,448487
08215,2022,453378
08215,2023,455350
08215,2024,456264
08215,2025,456224
05970,2018,278210
05970,2019,276944
05970,2020,275491
05970,2021,274342
05970,2022,274634
05970,2023,274379
05970,2024,274074
05970,2025,272509
01003,2018,217198
01003,2019,216530
01003,2020,215846
01003,2021,216277
01003,2022,216097
01003,2023,217061
01003,2024,216889
01003,2025,217061
03405,2018,76278
03405,2019,76089
03405,2020,75189
03405,2021,75027
03405,2022,75860
03405,2023,76010
03405,2024,75745
03405,2025,75324
09464,2018,45930
09464,2019,45825
09464,2020,45173
09464,2021,45125
09464,2022,46151
09464,2023,46484
09464,2024,46778
09464,2025,46624
09762,2018,43893
09762,2019,44398
09762,2020,44662
09762,2021,45118
09762,2022,45459
09762,2023,46071
09762,2024,46193
09762,2025,46282
08135,2018,132472
08135,2019,132777
08135,2020,132812
08135,2021,132958
08135,2022,134766
08135,2023,135241
08135,2024,135235
08135,2025,135075
09174,2018,153884
09174,2019,154899
09174,2020,155117
09174,2021,155449
09174,2022,151041
09174,2023,151925
09174,2024,153595
09174,2025,154176
01062,2018,243196
01062,2019,244156
01062,2020,244989
01062,2021,245406
01062,2022,245822
01062,2023,246201
01062,2024,246974
01062,2025,247394
06433,2018,274526
06433,2019,275726
06433,2020,275807
06433,2021,276307
06433,2022,266326
06433,2023,267920
06433,2024,268310
06433,2025,268614
06534,2018,246648
06534,2019,247084
06534,2020,245903
06534,2021,246097
06534,2022,242197
06534,2023,243093
06534,2024,242805
06534,2025,242751
07320,2018,34209
07320,2019,34193
07320,2020,34001
07320,2021,34091
07320,2022,33264
07320,2023,33355
07320,2024,33323
07320,2025,33178
09661,2018,70527
09661,2019,71002
09661,2020,70858
09661,2021,71381
09661,2022,72054
09661,2023,72554
09661,2024,73091
09661,2025,73326
09187,2018,260983
09187,2019,261330
09187,2020,261721
09187,2021,263367
09187,2022,255306
09187,2023,256815
09187,2024,258637
09187,2025,258824
05762,2018,140667
05762,2019,140251
05762,2020,139729
05762,2021,139994
05762,2022,138943
05762,2023,139042
05762,2024,139252
05762,2025,138156
08425,2018,196047
08425,2019,197076
08425,2020,198204
08425,2021,199732
08425,2022,200294
08425,2023,201769
08425,2024,202354
08425,2025,202554
07333,2018,75101
07333,2019,75325
07333,2020,75539
07333,2021,75569
07333,2022,74854
07333,2023,74728
07333,2024,74783
07333,2025,74588
06635,2018,156953
06635,2019,156406
06635,2020,156528
06635,2021,156513
06635,2022,155068
06635,2023,155135
06635,2024,155126
06635,2025,154437
09277,2018,120659
09277,2019,121502
09277,2020,121800
09277,2021,122252
09277,2022,119864
09277,2023,120475
09277,2024,120497
09277,2025,120638
08311,2018,230241
08311,2019,231195
08311,2020,230940
08311,2021,231848
08311,2022,235003
08311,2023,236236
08311,2024,237460
08311,2025,238299
08116,2018,533859
08116,2019,535024
08116,2020,533617
08116,2021,533388
08116,2022,533434
08116,2023,536027
08116,2024,536601
08116,2025,536328
09161,2018,136981
09161,2019,137392
09161,2020,136952
09161,2021,138016
09161,2022,138263
09161,2023,139536
09161,2024,141185
09161,2025,140799
07312,2018,99845
07312,2019,100030
07312,2020,99662
07312,2021,99292
07312,2022,100316
07312,2023,100571
07312,2024,100426
07312,2025,100247
03102,2018,104948
03102,2019,104291
03102,2020,103866
03102,2021,103694
03102,2022,104564
03102,2023,105056
03102,2024,104970
03102,2025,104433
03456,2018,136511
03456,2019,137162
03456,2020,137891
03456,2021,138722
03456,2022,143472
03456,2023,144212
03456,2024,144543
03456,2025,144674
05112,2018,498590
05112,2019,498686
05112,2020,495885
05112,2021,495152
05112,2022,501671
05112,2023,503185
05112,2024,502270
05112,2025,500810
09477,2018,71845
09477,2019,71566
09477,2020,71428
09477,2021,71328
09477,2022,71439
09477,2023,71752
09477,2024,71518
09477,2025,70997
09180,2018,88467
09180,2019,88424
09180,2020,88279
09180,2021,88232
09180,2022,89224
09180,2023,89322
09180,2024,89296
09180,2025,89350
06438,2018,354092
06438,2019,355813
06438,2020,356542
06438,2021,357466
06438,2022,353948
06438,2023,356578
06438,2024,358022
06438,2025,358984
09182,2018,99726
09182,2019,100010
09182,2020,100183
09182,2021,99978
09182,2022,96557
09182,2023,96730
09182,2024,97152
09182,2025,96924
05962,2018,412120
05962,2019,410222
05962,2020,408662
05962,2021,406793
05962,2022,410629
05962,2023,408899
05962,2024,408046
05962,2025,405164
09363,2018,42520
09363,2019,42743
09363,2020,42535
09363,2021,42472
09363,2022,42251
09363,2023,42430
09363,2024,42444
09363,2025,42453
08236,2018,198905
08236,2019,199556
08236,2020,199752
08236,2021,200237
08236,2022,198950
08236,2023,199878
08236,2024,199745
08236,2025,199150
03355,2018,183372
03355,2019,184139
03355,2020,184235
03355,2021,185129
03355,2022,178099
03355,2023,179403
03355,2024,179448
03355,2025,179185
09576,2018,126958
09576,2019,126749
09576,2020,127168
09576,2021,127520
09576,2022,127472
09576,2023,128438
09576,2024,128632
09576,2025,128210
09376,2018,147189
09376,2019,147872
09376,2020,148477
09376,2021,149239
09376,2022,147982
09376,2023,148698
09376,2024,149312
09376,2025,149363
05911,2018,364628
05911,2019,365587
05911,2020,364454
05911,2021,363441
05911,2022,356209
05911,2023,357024
05911,2024,358676
05911,2025,358880
07235,2018,148945
07235,2019,149398
07235,2020,150533
07235,2021,151167
07235,2022,149015
07235,2023,149056
07235,2024,148953
07235,2025,148645
07314,2018,171061
07314,2019,172253
07314,2020,172557
07314,2021,172145
07314,2022,173869
07314,2023,175816
07314,2024,177222
07314,2025,177355
05378,2018,283455
05378,2019,283271
05378,2020,283275
05378,2021,283429
05378,2022,283037
05378,2023,283607
05378,2024,284273
05378,2025,283775
08212,2018,313092
08212,2019,312060
08212,2020,308436
08212,2021,306502
08212,2022,306630
08212,2023,308197
08212,2024,309050
08212,2025,309247
08127,2018,195861
08127,2019,196761
08127,2020,197860
08127,2021,199398
08127,2022,198650
08127,2023,200597
08127,2024,200902
08127,2025,201064
09371,2018,103109
09371,2019,103049
09371,2020,102998
09371,2021,103277
09371,2022,103621
09371,2023,104127
09371,2024,103982
09371,2025,103788
09272,2018,78355
09272,2019,78362
09272,2020,78355
09272,2021,78632
09272,2022,78155
09272,2023,78512
09272,2024,78710
09272,2025,78441
01056,2018,314391
01056,2019,316103
01056,2020,317085
01056,2021,318326
01056,2022,321849
01056,2023,323762
01056,2024,325223
01056,2025,325858
08316,2018,165383
08316,2019,166408
08316,2020,166862
08316,2021,167945
08316,2022,168004
08316,2023,169470
08316,2024,169787
08316,2025,170463
08231,2018,125542
08231,2019,125957
08231,2020,126016
08231,2021,125529
08231,2022,133896
08231,2023,135087
08231,2024,134912
08231,2025,134422
08436,2018,284285
08436,2019,285424
08436,2020,285888
08436,2021,287011
08436,2022,287393
08436,2023,289725
08436,2024,291102
08436,2025,291600
03153,2018,137014
03153,2019,136292
03153,2020,134688
03153,2021,134050
03153,2022,127856
03153,2023,127712
03153,2024,126775
03153,2025,126082
03256,2018,121386
03256,2019,121390
03256,2020,121645
03256,2021,121773
03256,2022,121295
03256,2023,121723
03256,2024,121468
03256,2025,121159
08111,2018,634830
08111,2019,635911
08111,2020,630305
08111,2021,626275
08111,2022,612041
08111,2023,613111
08111,2024,612663
08111,2025,609365
05754,2018,364083
05754,2019,364938
05754,2020,364818
05754,2021,366104
05754,2022,361931
05754,2023,363674
05754,2024,363982
05754,2025,362443
09775,2018,174200
09775,2019,175204
09775,2020,175823
09775,2021,177330
09775,2022,180320
09775,2023,182560
09775,2024,183595
09775,2025,183829
03158,2018,119960
03158,2019,119622
03158,2020,119361
03158,2021,119224
03158,2022,118296
03158,2023,118540
03158,2024,118290
03158,2025,117844
05117,2018,170880
05117,2019,170632
05117,2020,170921
05117,2021,170739
05117,2022,172054
05117,2023,172887
05117,2024,173050
05117,2025,171674
09172,2018,105722
09172,2019,105929
09172,2020,106327
09172,2021,106389
09172,2022,104372
09172,2023,105108
09172,2024,105292
09172,2025,105118
05916,2018,156374
05916,2019,156449
05916,2020,156940
05916,2021,156621
05916,2022,155603
05916,2023,156154
05916,2024,155851
05916,2025,156266
07319,2018,83330
07319,2019,83542
07319,2020,83459
07319,2021,83850
07319,2022,85378
07319,2023,86403
07319,2024,86753
07319,2025,86921
09571,2018,183949
09571,2019,184591
09571,2020,185316
09571,2021,186279
09571,2022,186359
09571,2023,187340
09571,2024,187633
09571,2025,187487
01060,2018,276032
01060,2019,277175
01060,2020,278007
01060,2021,280400
01060,2022,279922
01060,2023,282268
01060,2024,283562
01060,2025,283770
09179,2018,219320
09179,2019,219311
09179,2020,218740
09179,2021,218579
09179,2022,215511
09179,2023,216912
09179,2024,218227
09179,2025,218580
08337,2018,170619
08337,2019,171003
08337,2020,171237
08337,2021,171249
08337,2022,170765
08337,2023,171777
08337,2024,171579
08337,2025,171513
07338,2018,154201
07338,2019,154609
07338,2020,154754
07338,2021,155050
07338,2022,155061
07338,2023,155525
07338,2024,155882
07338,2025,155710
08225,2018,143535
08225,2019,143633
08225,2020,143797
08225,2021,143929
08225,2022,145039
08225,2023,145681
08225,2024,145263
08225,2025,144909
03451,2018,124071
03451,2019,124859
03451,2020,125643
03451,2021,126475
03451,2022,126390
03451,2023,127292
03451,2024,127751
03451,2025,127632
09185,2018,96680
09185,2019,97303
09185,2020,97730
09185,2021,98503
09185,2022,97792
09185,2023,98967
09185,2024,99364
09185,2025,99429
09472,2018,103656
09472,2019,103664
09472,2020,103679
09472,2021,103648
09472,2022,103106
09472,2023,103269
09472,2024,103215
09472,2025,102756
07133,2018,158080
07133,2019,158345
07133,2020,158746
07133,2021,159402
07133,2022,163979
07133,2023,164564
07133,2024,164748
07133,2025,164822
03353,2018,252776
03353,2019,254431
03353,2020,256016
03353,2021,257548
03353,2022,262954
03353,2023,264767
03353,2024,265864
03353,2025,265727
03454,2018,325657
03454,2019,326954
03454,2020,328930
03454,2021,331397
03454,2022,331711
03454,2023,334203
03454,2024,334539
03454,2025,334403
08415,2018,286748
08415,2019,287034
08415,2020,287497
08415,2021,288158
08415,2022,291335
08415,2023,293385
08415,2024,293483
08415,2025,293527
07334,2018,129075
07334,2019,129013
07334,2020,129006
07334,2021,129313
07334,2022,130935
07334,2023,131678
07334,2024,131383
07334,2025,130765
05978,2018,394782
05978,2019,394891
05978,2020,393618
05978,2021,393063
05978,2022,395619
05978,2023,396283
05978,2024,393784
05978,2025,392266
09171,2018,111210
09171,2019,111516
09171,2020,111654
09171,2021,112116
09171,2022,112296
09171,2023,113018
09171,2024,113938
09171,2025,113775
05120,2018,110994
05120,2019,111338
05120,2020,111516
05120,2021,111770
05120,2022,113731
05120,2023,114061
05120,2024,113828
05120,2025,113333
03460,2018,141598
03460,2019,142814
03460,2020,143698
03460,2021,144805
03460,2022,145552
03460,2023,146400
03460,2024,146539
03460,2025,146838
03459,2018,357343
03459,2019,358080
03459,2020,359471
03459,2021,361550
03459,2022,356060
03459,2023,356194
03459,2024,354821
03459,2025,354130
07315,2018,217118
07315,2019,218578
07315,2020,217123
07315,2021,217556
07315,2022,221516
07315,2023,223871
07315,2024,224684
07315,2025,223888
05954,2018,324296
05954,2019,324106
05954,2020,323130
05954,2021,322143
05954,2022,315325
05954,2023,315069
05954,2024,314167
05954,2025,313003
07141,2018,122308
07141,2019,122297
07141,2020,122574
07141,2021,122724
07141,2022,124860
07141,2023,125283
07141,2024,125588
07141,2025,125160
06535,2018,105878
06535,2019,105643
06535,2020,105506
06535,2021,105671
06535,2022,101545
06535,2023,101494
06535,2024,101163
06535,2025,100723
05770,2018,310710
05770,2019,310409
05770,2020,310270
05770,2021,311214
05770,2022,320648
05770,2023,320925
05770,2024,320557
05770,2025,319491
05913,2018,587010
05913,2019,588250
05913,2020,587696
05913,2021,586852
05913,2022,599370
05913,2023,601343
05913,2024,603462
05913,2025,600880
03151,2018,175920
03151,2019,176523
03151,2020,177227
03151,2021,177919
03151,2022,175361
03151,2023,175876
03151,2024,175943
03151,2025,175518
01059,2018,200025
01059,2019,201156
01059,2020,202647
01059,2021,203799
01059,2022,204255
01059,2023,204761
01059,2024,205472
01059,2025,205816
06633,2018,236633
06633,2019,236764
06633,2020,237007
06633,2021,237268
06633,2022,230318
06633,2023,230742
06633,2024,231073
06633,2025,230063
08125,2018,343068
08125,2019,344456
08125,2020,346363
08125,2021,347798
08125,2022,351402
08125,2023,353609
08125,2024,353877
08125,2025,353704
08119,2018,426158
08119,2019,427248
08119,2020,427286
08119,2021,427316
08119,2022,438079
08119,2023,440103
08119,2024,440696
08119,2025,438873
06412,2018,753056
06412,2019,763380
06412,2020,764104
06412,2021,759224
06412,2022,747389
06412,2023,749596
06412,2024,756021
06412,2025,760656
03357,2018,163455
03357,2019,163782
03357,2020,164486
03357,2021,165001
03357,2022,164657
03357,2023,165561
03357,2024,165904
03357,2025,165853
09676,2018,128756
09676,2019,128743
09676,2020,128743
09676,2021,128782
09676,2022,126649
09676,2023,127204
09676,2024,127547
09676,2025,126746
06532,2018,253777
06532,2019,253319
06532,2020,253373
06532,2021,253364
06532,2022,253208
06532,2023,254444
06532,2024,254074
06532,2025,253439
05158,2018,485684
05158,2019,485570
05158,2020,484322
05158,2021,484411
05158,2022,489246
05158,2023,489760
05158,2024,490910
05158,2025,489147
03462,2018,56882
03462,2019,56926
03462,2020,57384
03462,2021,57455
03462,2022,55953
03462,2023,56013
03462,2024,55969
03462,2025,55849
08117,2018,257253
08117,2019,258145
08117,2020,258781
08117,2021,259046
08117,2022,257269
08117,2023,259232
08117,2024,258809
08117,2025,258048
09279,2018,96217
09279,2019,96683
09279,2020,97244
09279,2021,98045
09279,2022,99509
09279,2023,100727
09279,2024,101035
09279,2025,101040
03251,2018,216886
03251,2019,217089
03251,2020,218072
03251,2021,218839
03251,2022,219641
03251,2023,220743
03251,2024,221202
03251,2025,221384
07135,2018,61587
07135,2019,61375
07135,2020,61578
07135,2021,61735
07135,2022,61509
07135,2023,61538
07135,2024,61608
07135,2025,61380
09663,2018,127880
09663,2019,127934
09663,2020,126954
09663,2021,126933
09663,2022,131271
09663,2023,131759
09663,2024,133258
09663,2025,133753
06435,2018,418950
06435,2019,420552
06435,2020,421689
06435,2021,423465
06435,2022,415753
06435,2023,419055
06435,2024,420914
06435,2025,421175
08326,2018,212381
08326,2019,212506
08326,2020,212872
08326,2021,213385
08326,2022,212293
08326,2023,213922
08326,2024,214065
08326,2025,213680
06414,2018,278342
06414,2019,278474
06414,2020,278609
06414,2021,278950
06414,2022,284787
06414,2023,287241
06414,2024,288850
06414,2025,288584
02000,2018,1841179
02000,2019,1847253
02000,2020,1852478
02000,2021,1853935
02000,2022,1832675
02000,2023,1851596
02000,2024,1862565
02000,2025,1869473
08417,2018,188935
08417,2019,189363
08417,2020,189862
08417,2021,190545
08417,2022,192726
08417,2023,193339
08417,2024,193326
08417,2025,193096
03402,2018,50195
03402,2019,49913
03402,2020,49874
03402,2021,49523
03402,2022,49563
03402,2023,49701
03402,2024,49202
03402,2025,49009
01054,2018,165507
01054,2019,165951
01054,2020,167147
01054,2021,167560
01054,2022,168886
01054,2023,170048
01054,2024,170029
01054,2025,170148
05362,2018,470089
05362,2019,470615
05362,2020,469611
05362,2021,471891
05362,2022,473669
05362,2023,476412
05362,2024,477988
05362,2025,476913
05154,2018,310974
05154,2019,312465
05154,2020,313586
05154,2021,314676
05154,2022,317411
05154,2023,319928
05154,2024,322018
05154,2025,320368
09574,2018,170365
09574,2019,170792
09574,2020,171143
09574,2021,171424
09574,2022,168856
09574,2023,169193
09574,2024,168813
09574,2025,168282
03404,2018,164748
03404,2019,165251
03404,2020,164223
03404,2021,165034
03404,2022,165741
03404,2023,165686
03404,2024,166057
03404,2025,166257
05566,2018,447614
05566,2019,448220
05566,2020,448197
05566,2021,450176
05566,2022,447192
05566,2023,450042
05566,2024,451712
05566,2025,451004
05122,2018,159360
05122,2019,159245
05122,2020,159193
05122,2021,158957
05122,2022,165229
05122,2023,166078
05122,2024,165626
05122,2025,164621
09772,2018,251534
09772,2019,253468
09772,2020,255900
09772,2021,257790
09772,2022,259302
09772,2023,261600
09772,2024,262811
09772,2025,263381
03359,2018,203102
03359,2019,204512
03359,2020,205357
03359,2021,206496
03359,2022,206375
03359,2023,207659
03359,2024,207700
03359,2025,207935
08435,2018,216227
08435,2019,217470
08435,2020,217901
08435,2021,218885
08435,2022,219641
08435,2023,221208
08435,2024,220804
08435,2025,220895
09373,2018,133561
09373,2019,134573
09373,2020,135225
09373,2021,136062
09373,2022,136901
09373,2023,138214
09373,2024,138693
09373,2025,138902
09678,2018,115106
09678,2019,115445
09678,2020,115652
09678,2021,116134
09678,2022,114749
09678,2023,114404
09678,2024,113977
09678,2025,113608
08315,2018,262795
08315,2019,263601
08315,2020,264867
08315,2021,265792
08315,2022,269631
08315,2023,271977
08315,2024,272558
08315,2025,272707
09561,2018,41847
09561,2019,41798
09561,2020,41681
09561,2021,41662
09561,2022,39596
09561,2023,39700
09561,2024,40742
09561,2025,40554
05119,2018,210829
05119,2019,210764
05119,2020,209566
05119,2021,208752
05119,2022,213252
05119,2023,213510
05119,2024,213646
05119,2025,213178
09461,2018,77592
09461,2019,77373
09461,2020,76674
09461,2021,77749
09461,2022,74405
09461,2023,75087
09461,2024,77150
09461,2025,77218
05314,2018,327258
05314,2019,329673
05314,2020,330579
05314,2021,331885
05314,2022,322221
05314,2023,321680
05314,2024,323336
05314,2025,323587
09189,2018,177089
09189,2019,177319
09189,2020,177485
09189,2021,178447
09189,2022,170984
09189,2023,172021
09189,2024,175144
09189,2025,175319
03453,2018,169348
03453,2019,170682
03453,2020,172632
03453,2021,173980
03453,2022,175549
03453,2023,176540
03453,2024,177025
03453,2025,177849
09262,2018,52469
09262,2019,52803
09262,2020,52415
09262,2021,53093
09262,2022,52361
09262,2023,52894
09262,2024,53039
09262,2025,53523
09176,2018,132341
09176,2019,132881
09176,2020,133169
09176,2021,133634
09176,2022,134201
09176,2023,135220
09176,2024,135668
09176,2025,135982
03352,2018,198213
03352,2019,198038
03352,2020,198826
03352,2021,199603
03352,2022,198898
03352,2023,199390
03352,2024,198842
03352,2025,198886
04012,2018,113634
04012,2019,113643
04012,2020,113557
04012,2021,113173
04012,2022,118811
04012,2023,118323
04012,2024,118610
04012,2025,118502
06631,2018,222584
06631,2019,223145
06631,2020,223023
06631,2021,223572
06631,2022,221445
06631,2023,222688
06631,2024,222283
06631,2025,222214
03155,2018,132765
03155,2019,132285
03155,2020,131772
03155,2021,131765
03155,2022,126598
03155,2023,126310
03155,2024,125623
03155,2025,124692
09778,2018,144041
09778,2019,145341
09778,2020,146164
09778,2021,147776
09778,2022,143384
09778,2023,145298
09778,2024,147255
09778,2025,147386
09565,2018,40792
09565,2019,40981
09565,2020,41056
09565,2021,41146
09565,2022,40812
09565,2023,40994
09565,2024,40835
09565,2025,40702
09474,2018,116099
09474,2019,116203
09474,2020,116600
09474,2021,116753
09474,2022,115457
09474,2023,116284
09474,2024,116184
09474,2025,116602
06436,2018,237735
06436,2019,238558
06436,2020,239264
06436,2021,239276
06436,2022,237671
06436,2023,238593
06436,2024,238775
06436,2025,238783
07331,2018,129244
07331,2019,129687
07331,2020,130715
07331,2021,131330
07331,2022,129893
07331,2023,130794
07331,2024,131238
07331,2025,131076
09773,2018,96021
09773,2019,96562
09773,2020,97172
09773,2021,97985
09773,2022,97430
09773,2023,98474
09773,2024,98899
09773,2025,98870
09573,2018,117387
09573,2019,117853
09573,2020,118695
09573,2021,119432
09573,2022,117602
09573,2023,117617
09573,2024,117719
09573,2025,117787
07131,2018,129727
07131,2019,130086
07131,2020,130479
07131,2021,128146
07131,2022,127881
07131,2023,128546
07131,2024,129353
07131,2025,129763
07211,2018,110636
07211,2019,111528
07211,2020,110674
07211,2021,110570
07211,2022,103307
07211,2023,103986
07211,2024,104342
07211,2025,105054
03458,2018,130144
03458,2019,130890
03458,2020,131467
03458,2021,132091
03458,2022,131228
03458,2023,131965
03458,2024,132008
03458,2025,132176
09672,2018,103218
09672,2019,103235
09672,2020,103169
09672,2021,103454
09672,2022,103088
09672,2023,103447
09672,2024,103489
09672,2025,102950
06431,2018,269694
06431,2019,270340
06431,2020,271015
06431,2021,271166
06431,2022,273288
06431,2023,274484
06431,2024,274169
06431,2025,273353
05382,2018,599780
05382,2019,600764
05382,2020,600375
05382,2021,600732
05382,2022,602933
05382,2023,605283
05382,2024,605441
05382,2025,603456
07232,2018,98561
07232,2019,99058
07232,2020,100055
07232,2021,100959
07232,2022,99866
07232,2023,100740
07232,2024,99788
07232,2025,99589
09190,2018,135348
09190,2019,135478
09190,2020,136134
09190,2021,136642
09190,2022,136811
09190,2023,138052
09190,2024,138957
09190,2025,139241
09679,2018,161834
09679,2019,162302
09679,2020,162697
09679,2021,163534
09679,2022,160240
09679,2023,160879
09679,2024,162216
09679,2025,161586
09163,2018,63324
09163,2019,63551
09163,2020,63591
09163,2021,63508
09163,2022,63641
09163,2023,64453
09163,2024,65274
09163,2025,65808
07317,2018,40403
07317,2019,40231
07317,2020,40176
07317,2021,40054
07317,2022,39324
07317,2023,39576
07317,2024,39761
07317,2025,39389
09184,2018,348871
09184,2019,350473
09184,2020,349685
09184,2021,349837
09184,2022,350047
09184,2023,352771
09184,2024,354396
09184,2025,353994
09275,2018,192043
09275,2019,192656
09275,2020,193454
09275,2021,194090
09275,2022,193080
09275,2023,194068
09275,2024,194699
09275,2025,194329
09374,2018,94352
09374,2019,94450
09374,2020,94645
09374,2021,94838
09374,2022,95742
09374,2023,96209
09374,2024,96049
09374,2025,95657
01001,2018,89504
01001,2019,90164
01001,2020,89934
01001,2021,91113
01001,2022,96217
01001,2023,96431
01001,2024,96326
01001,2025,95568
09361,2018,41970
09361,2019,42207
09361,2020,42052
09361,2021,41994
09361,2022,42080
09361,2023,42217
09361,2024,42553
09361,2025,42631
07138,2018,181941
07138,2019,182811
07138,2020,183131
07138,2021,184390
07138,2022,187905
07138,2023,188656
07138,2024,189061
07138,2025,189146
05512,2018,117383
05512,2019,117565
05512,2020,117388
05512,2021,117311
05512,2022,118327
05512,2023,118912
05512,2024,118535
05512,2025,118482
05334,2018,555465
05334,2019,557026
05334,2020,556631
05334,2021,556673
05334,2022,580359
05334,2023,582463
05334,2024,582410
05334,2025,583325
09764,2018,43837
09764,2019,44100
09764,2020,44360
09764,2021,44721
09764,2022,43696
09764,2023,44048
09764,2024,44192
09764,2025,44378
01057,2018,128647
01057,2019,128686
01057,2020,129353
01057,2021,129687
01057,2022,130494
01057,2023,130635
01057,2024,130609
01057,2025,130318
09177,2018,137660
09177,2019,138182
09177,2020,138891
09177,2021,139622
09177,2022,138647
09177,2023,139547
09177,2024,140127
09177,2025,140456
05315,2018,1085664
05315,2019,1087863
05315,2020,1083498
05315,2021,1073096
05315,2022,1021253
05315,2023,1024408
05315,2024,1024621
05315,2025,1025523
09274,2018,158698
09274,2019,159895
09274,2020,161191
09274,2021,162331
09274,2022,160256
09274,2023,161180
09274,2024,162170
09274,2025,162624
07336,2018,70526
07336,2019,70219
07336,2020,70105
07336,2021,69949
07336,2022,70124
07336,2023,69846
07336,2024,69334
07336,2025,68738
09261,2018,72404
09261,2019,73411
09261,2020,73065
09261,2021,73150
09261,2022,68743
09261,2023,68741
09261,2024,71863
09261,2025,71922
08336,2018,228639
08336,2019,228736
08336,2020,228842
08336,2021,229445
08336,2022,235252
08336,2023,237212
08336,2024,238263
08336,2025,238142
09475,2018,95311
09475,2019,94801
09475,2020,94522
09475,2021,93907
09475,2022,92905
09475,2023,92675
09475,2024,92191
09475,2025,91582
09479,2018,73178
09479,2019,72655
09479,2020,71974
09479,2021,71482
09479,2022,70963
09479,2023,70959
09479,2024,70549
09479,2025,69990
08216,2018,231018
08216,2019,231420
08216,2020,232091
08216,2021,232296
08216,2022,230698
08216,2023,231356
08216,2024,230737
08216,2025,229763
03360,2018,92572
03360,2019,92389
03360,2020,92566
03360,2021,92894
03360,2022,91059
03360,2023,91832
03360,2024,91638
03360,2025,91367
09462,2018,74657
09462,2019,74783
09462,2020,74048
09462,2021,73909
09462,2022,72661
09462,2023,73074
09462,2024,72940
09462,2025,72919
09777,2018,140316
09777,2019,141182
09777,2020,141907
09777,2021,143236
09777,2022,140153
09777,2023,141137
09777,2024,142047
09777,2025,142065
