ags,year,total,german,foreign,male,female
10041,2023/24,30450,25209,5241,15742,14708
10042,2023/24,0,0,0,0,0
10043,2023/24,0,0,0,0,0
10044,2023/24,0,0,0,0,0
10045,2023/24,0,0,0,0,0
10046,2023/24,0,0,0,0,0
11000,2023/24,200440,152078,48362,96348,104092
12051,2023/24,3308,2469,839,1993,1315
12052,2023/24,5614,2978,2636,3313,2301
12053,2023/24,4209,2726,1483,1773,2436
12054,2023/24,29270,23338,5932,13016,16254
12060,2023/24,2318,2057,261,1086,1232
12061,2023/24,4262,3587,675,2667,1595
12062,2023/24,0,0,0,0,0
12063,2023/24,38,34,4,19,19
12064,2023/24,0,0,0,0,0
12065,2023/24,699,699,0,467,232
12066,2023/24,973,776,197,438,535
12067,2023/24,0,0,0,0,0
12068,2023/24,777,764,13,266,511
12069,2023/24,0,0,0,0,0
12070,2023/24,0,0,0,0,0
12071,2023/24,0,0,0,0,0
12072,2023/24,0,0,0,0,0
12073,2023/24,0,0,0,0,0
13001,2023/24,0,0,0,0,0
13002,2023/24,0,0,0,0,0
13003,2023/24,14113,12614,1499,6477,7636
13004,2023/24,611,601,10,190,421
13005,2023/24,0,0,0,0,0
13006,2023/24,0,0,0,0,0
13051,2023/24,0,0,0,0,0
13052,2023/24,0,0,0,0,0
13053,2023/24,0,0,0,0,0
13054,2023/24,0,0,0,0,0
13055,2023/24,0,0,0,0,0
13056,2023/24,0,0,0,0,0
13057,2023/24,0,0,0,0,0
13058,2023/24,0,0,0,0,0
13059,2023/24,0,0,0,0,0
13060,2023/24,0,0,0,0,0
13061,2023/24,0,0,0,0,0
13062,2023/24,0,0,0,0,0
13071,2023/24,1956,1848,108,774,1182
13072,2023/24,547,547,0,273,274
13073,2023/24,1959,1542,417,1308,651
13074,2023/24,7599,6553,1046,4052,3547
13075,2023/24,10296,9390,906,4005,6291
13076,2023/24,0,0,0,0,0
14161,2023/24,0,0,0,0,0
14166,2023/24,0,0,0,0,0
14167,2023/24,0,0,0,0,0
14171,2023/24,0,0,0,0,0
14173,2023/24,0,0,0,0,0
14177,2023/24,0,0,0,0,0
14178,2023/24,0,0,0,0,0
14181,2023/24,0,0,0,0,0
14182,2023/24,0,0,0,0,0
14188,2023/24,0,0,0,0,0
14191,2023/24,0,0,0,0,0
14193,2023/24,0,0,0,0,0
14262,2023/24,0,0,0,0,0
14263,2023/24,0,0,0,0,0
14264,2023/24,0,0,0,0,0
14272,2023/24,0,0,0,0,0
14280,2023/24,0,0,0,0,0
14284,2023/24,0,0,0,0,0
14285,2023/24,0,0,0,0,0
14286,2023/24,0,0,0,0,0
14287,2023/24,0,0,0,0,0
14290,2023/24,0,0,0,0,0
14292,2023/24,0,0,0,0,0
14365,2023/24,0,0,0,0,0
14374,2023/24,0,0,0,0,0
14375,2023/24,0,0,0,0,0
14379,2023/24,0,0,0,0,0
14383,2023/24,0,0,0,0,0
14389,2023/24,0,0,0,0,0
14511,2023/24,8455,5783,2672,4450,4005
14521,2023/24,133,119,14,43,90
14522,2023/24,10279,6557,3722,6685,3594
14523,2023/24,15,14,1,6,9
14524,2023/24,2745,2131,614,1766,979
14612,2023/24,36029,29775,6254,19012,17017
14625,2023/24,157,156,1,106,51
14626,2023/24,3078,2402,676,1501,1577
14627,2023/24,1142,1141,1,425,717
14628,2023/24,805,727,78,479,326
14713,2023/24,40606,35442,5164,17679,22927
14729,2023/24,0,0,0,0,0
14730,2023/24,0,0,0,0,0
15001,2023/24,1869,1024,845,956,913
15002,2023/24,20485,18570,1915,8315,12170
15003,2023/24,20830,15712,5118,11759,9071
15081,2023/24,0,0,0,0,0
15082,2023/24,2289,1321,968,1429,860
15083,2023/24,0,0,0,0,0
15084,2023/24,0,0,0,0,0
15085,2023/24,2832,2539,293,1343,1489
15086,2023/24,221,71,150,137,84
15087,2023/24,0,0,0,0,0
15088,2023/24,2968,2228,740,1617,1351
15089,2023/24,3617,2977,640,1834,1783
15090,2023/24,1520,1444,76,460,1060
15091,2023/24,0,0,0,0,0
15101,2023/24,0,0,0,0,0
15151,2023/24,0,0,0,0,0
15153,2023/24,0,0,0,0,0
15154,2023/24,0,0,0,0,0
15159,2023/24,0,0,0,0,0
15171,2023/24,0,0,0,0,0
15202,2023/24,0,0,0,0,0
15256,2023/24,0,0,0,0,0
15260,2023/24,0,0,0,0,0
15261,2023/24,0,0,0,0,0
15265,2023/24,0,0,0,0,0
15266,2023/24,0,0,0,0,0
15268,2023/24,0,0,0,0,0
15303,2023/24,0,0,0,0,0
15352,2023/24,0,0,0,0,0
15355,2023/24,0,0,0,0,0
15357,2023/24,0,0,0,0,0
15358,2023/24,0,0,0,0,0
15362,2023/24,0,0,0,0,0
15363,2023/24,0,0,0,0,0
15364,2023/24,0,0,0,0,0
15367,2023/24,0,0,0,0,0
15369,2023/24,0,0,0,0,0
15370,2023/24,0,0,0,0,0
16051,2023/24,106371,90267,16104,38007,68364
16052,2023/24,2460,2389,71,875,1585
16053,2023/24,20789,17541,3248,9582,11207
16054,2023/24,0,0,0,0,0
16055,2023/24,4707,3341,1366,2210,2497
16056,2023/24,0,0,0,0,0
16061,2023/24,0,0,0,0,0
16062,2023/24,1889,1451,438,930,959
16063,2023/24,495,482,13,361,134
16064,2023/24,0,0,0,0,0
16065,2023/24,0,0,0,0,0
16066,2023/24,2837,1644,1193,1949,888
16067,2023/24,386,386,0,143,243
16068,2023/24,0,0,0,0,0
16069,2023/24,0,0,0,0,0
16070,2023/24,4452,2504,1948,3155,1297
16071,2023/24,0,0,0,0,0
16072,2023/24,0,0,0,0,0
16073,2023/24,0,0,0,0,0
16074,2023/24,0,0,0,0,0
16075,2023/24,0,0,0,0,0
16076,2023/24,0,0,0,0,0
16077,2023/24,0,0,0,0,0
09175,2023/24,0,0,0,0,0
06412,2023/24,70127,57198,12929,33139,36988
09463,2023/24,4700,4223,477,2358,2342
09671,2023/24,0,0,0,0,0
08135,2023/24,2436,2341,95,1173,1263
09576,2023/24,0,0,0,0,0
09179,2023/24,389,389,0,301,88
06433,2023/24,2568,2040,528,1995,573
03257,2023/24,0,0,0,0,0
03352,2023/24,0,0,0,0,0
03101,2023/24,17007,13671,3336,9485,7522
06414,2023/24,13899,12454,1445,6391,7508
01060,2023/24,0,0,0,0,0
08116,2023/24,8508,7430,1078,4747,3761
06634,2023/24,150,150,0,48,102
09186,2023/24,0,0,0,0,0
09273,2023/24,0,0,0,0,0
06440,2023/24,4200,3401,799,3254,946
09761,2023/24,27033,24501,2532,12600,14433
08222,2023/24,28008,24406,3602,14746,13262
03404,2023/24,24208,22280,1928,11105,13103
05120,2023/24,0,0,0,0,0
06435,2023/24,0,0,0,0,0
01001,2023/24,9129,8250,879,3990,5139
09271,2023/24,6710,4580,2130,4255,2455
09184,2023/24,34667,22727,11940,23875,10792
09173,2023/24,544,527,17,149,395
08111,2023/24,58271,49714,8557,31924,26347
05316,2023/24,788,584,204,391,397
05124,2023/24,22033,19483,2550,10033,12000
07233,2023/24,0,0,0,0,0
05954,2023/24,3126,2950,176,1266,1860
03461,2023/24,564,526,38,426,138
06438,2023/24,1710,1693,17,918,792
09676,2023/24,0,0,0,0,0
06632,2023/24,2031,2023,8,787,1244
05762,2023/24,697,634,63,436,261
03355,2023/24,9070,7965,1105,3369,5701
09376,2023/24,0,0,0,0,0
05911,2023/24,53954,45079,8875,27353,26601
05119,2023/24,0,0,0,0,0
05114,2023/24,4850,4208,642,3036,1814
05515,2023/24,61188,56964,4224,26690,34498
09177,2023/24,150,150,0,45,105
07335,2023/24,0,0,0,0,0
09678,2023/24,0,0,0,0,0
03359,2023/24,1030,995,35,555,475
05354,2023/24,0,0,0,0,0
09371,2023/24,657,657,0,453,204
09779,2023/24,0,0,0,0,0
08216,2023/24,0,0,0,0,0
06436,2023/24,0,0,0,0,0
01003,2023/24,13713,12168,1551,7443,6270
07135,2023/24,0,0,0,0,0
07133,2023/24,0,0,0,0,0
08336,2023/24,1901,1540,361,1118,783
03453,2023/24,0,0,0,0,0
08226,2023/24,640,637,3,113,527
05382,2023/24,10688,8679,2009,5896,4792
03353,2023/24,0,0,0,0,0
09774,2023/24,0,0,0,0,0
09674,2023/24,0,0,0,0,0
09561,2023/24,3403,3099,304,1683,1720
04012,2023/24,2770,2120,650,1698,1072
03455,2023/24,0,0,0,0,0
07111,2023/24,15722,13599,2123,7139,8583
06431,2023/24,0,0,0,0,0
05970,2023/24,15663,13449,2214,7326,8337
07320,2023/24,2341,1931,410,1378,963
03357,2023/24,0,0,0,0,0
05513,2023/24,5415,4572,843,3331,2084
03155,2023/24,0,0,0,0,0
09262,2023/24,10881,9200,1681,4560,6321
03241001,2023/24,48760,41355,7405,24919,23841
09571,2023/24,2578,1994,584,1418,1160
08327,2023/24,864,648,216,525,339
07143,2023/24,453,440,13,279,174
08416,2023/24,29179,24941,4238,12093,17086
09261,2023/24,4674,4121,553,2673,2001
05122,2023/24,0,0,0,0,0
05378,2023/24,616,600,16,475,141
09263,2023/24,1178,424,754,613,565
03458,2023/24,0,0,0,0,0
07339,2023/24,2295,1917,378,1565,730
05766,2023/24,5739,4506,1233,3189,2550
08126,2023/24,1159,1085,74,601,558
07315,2023/24,36483,32201,4282,15076,21407
05558,2023/24,2795,2774,21,1294,1501
03403,2023/24,17270,15804,1466,7688,9582
06534,2023/24,21476,17253,4223,8884,12592
09479,2023/24,0,0,0,0,0
09575,2023/24,0,0,0,0,0
03153,2023/24,2753,1134,1619,2028,725
03154,2023/24,0,0,0,0,0
09772,2023/24,0,0,0,0,0
09672,2023/24,0,0,0,0,0
05162,2023/24,735,687,48,425,310
05916,2023/24,0,0,0,0,0
06532,2023/24,1825,1774,51,1383,442
01061,2023/24,0,0,0,0,0
08325,2023/24,0,0,0,0,0
09275,2023/24,0,0,0,0,0
03401,2023/24,0,0,0,0,0
07317,2023/24,647,336,311,351,296
08212,2023/24,37668,31300,6368,24075,13593
03103,2023/24,2260,1962,298,1519,741
09573,2023/24,0,0,0,0,0
08337,2023/24,0,0,0,0,0
09473,2023/24,0,0,0,0,0
06531,2023/24,36034,31021,5013,15725,20309
07313,2023/24,7499,7164,335,2055,5444
09362,2023/24,31632,28800,2832,14474,17158
09475,2023/24,267,173,94,106,161
09563,2023/24,417,396,21,107,310
08235,2023/24,305,298,7,111,194
03251,2023/24,316,316,0,275,41
07316,2023/24,0,0,0,0,0
09762,2023/24,272,268,4,116,156
07311,2023/24,0,0,0,0,0
05370,2023/24,0,0,0,0,0
01056,2023/24,3321,3216,102,2427,894
08317,2023/24,5140,4619,521,3014,2126
09780,2023/24,0,0,0,0,0
08425,2023/24,0,0,0,0,0
07232,2023/24,0,0,0,0,0
03405,2023/24,3330,2590,740,2091,1239
05117,2023/24,4263,3589,674,2948,1315
05754,2023/24,780,764,16,561,219
07131,2023/24,2515,2058,457,1488,1027
08118,2023/24,9768,9426,342,2379,7389
08315,2023/24,0,0,0,0,0
01058,2023/24,1506,1503,0,750,756
05113,2023/24,35272,30888,4384,15079,20193
05112,2023/24,16797,12325,4472,10334,6463
05914,2023/24,66678,60159,6519,35148,31530
08311,2023/24,33119,28061,5058,13339,19780
01054,2023/24,0,0,0,0,0
07231,2023/24,0,0,0,0,0
08128,2023/24,539,497,42,292,247
09472,2023/24,0,0,0,0,0
08421,2023/24,12944,11212,1732,7002,5942
03256,2023/24,0,0,0,0,0
03158,2023/24,5095,4504,591,3241,1854
05978,2023/24,369,367,2,175,194
06611,2023/24,28038,25072,2966,12360,15678
09276,2023/24,0,0,0,0,0
08215,2023/24,0,0,0,0,0
09189,2023/24,0,0,0,0,0
05966,2023/24,0,0,0,0,0
05366,2023/24,933,933,0,209,724
03360,2023/24,967,911,56,551,416
05170,2023/24,2558,1383,1175,1556,1002
09187,2023/24,179,179,0,57,122
03151,2023/24,0,0,0,0,0
03456,2023/24,0,0,0,0,0
08125,2023/24,0,0,0,0,0
09180,2023/24,0,0,0,0,0
06411,2023/24,41122,32283,8839,27219,13903
06633,2023/24,0,0,0,0,0
01051,2023/24,1455,1380,75,735,720
08121,2023/24,8961,7659,1302,5587,3374
03156,2023/24,0,0,0,0,0
09185,2023/24,201,179,22,115,86
08415,2023/24,5182,4342,840,3055,2127
09477,2023/24,0,0,0,0,0
08236,2023/24,0,0,0,0,0
08435,2023/24,2254,2106,148,1723,531
08437,2023/24,1203,1111,92,489,714
08221,2023/24,36336,30241,6095,15351,20985
09562,2023/24,29309,22221,7088,15013,14296
09662,2023/24,3166,1343,1823,2536,630
07140,2023/24,1402,1391,11,895,507
07334,2023/24,929,548,381,183,746
01004,2023/24,0,0,0,0,0
09673,2023/24,0,0,0,0,0
09172,2023/24,0,0,0,0,0
07337,2023/24,669,668,1,285,384
09564,2023/24,25585,22428,3157,12869,12716
09679,2023/24,0,0,0,0,0
09182,2023/24,0,0,0,0,0
07332,2023/24,0,0,0,0,0
05158,2023/24,710,651,59,576,134
03462,2023/24,0,0,0,0,0
03454,2023/24,2101,2032,69,1288,813
05166,2023/24,0,0,0,0,0
07336,2023/24,0,0,0,0,0
03358,2023/24,0,0,0,0,0
03460,2023/24,3861,3647,214,1201,2660
09278,2023/24,0,0,0,0,0
08326,2023/24,9012,8163,849,4789,4223
05570,2023/24,0,0,0,0,0
03451,2023/24,0,0,0,0,0
05915,2023/24,3167,2694,473,1628,1539
06533,2023/24,0,0,0,0,0
09773,2023/24,0,0,0,0,0
05958,2023/24,2956,2785,171,1878,1078
05913,2023/24,49733,42274,7459,27066,22667
07340,2023/24,0,0,0,0,0
08426,2023/24,11013,10012,1001,4231,6782
01053,2023/24,0,0,0,0,0
03102,2023/24,1713,1627,86,830,883
09171,2023/24,433,298,135,298,135
06415,2023/24,0,0,0,0,0
09178,2023/24,8672,6759,1913,4075,4597
09776,2023/24,0,0,0,0,0
05313,2023/24,0,0,0,0,0
07318,2023/24,279,278,1,148,131
05334002,2023/24,,,,,
05774,2023/24,18997,16293,2704,9245,9752
08237,2023/24,727,709,18,653,74
03351,2023/24,70,4,66,36,34
09461,2023/24,11182,9318,1864,4398,6784
08231,2023/24,5659,5007,652,3017,2642
05358,2023/24,3569,2061,1508,2440,1129
09174,2023/24,0,0,0,0,0
09373,2023/24,0,0,0,0,0
07137,2023/24,3184,2663,521,1779,1405
09777,2023/24,0,0,0,0,0
06434,2023/24,513,471,42,274,239
09163,2023/24,5529,4645,884,3550,1979
09162,2023/24,108490,83554,24936,50772,57718
05758,2023/24,38,30,8,23,15
05566,2023/24,4117,3562,555,3199,918
09363,2023/24,2537,1543,994,1367,1170
03252,2023/24,463,461,2,360,103
09565,2023/24,0,0,0,0,0
01062,2023/24,213,213,0,60,153
06636,2023/24,1854,1334,520,668,1186
03361,2023/24,290,258,32,36,254
09188,2023/24,1429,1422,7,588,841
09577,2023/24,88,69,19,75,13
09775,2023/24,4077,3596,481,2002,2075
09462,2023/24,11950,9970,1980,6416,5534
09574,2023/24,0,0,0,0,0
09274,2023/24,0,0,0,0,0
07132,2023/24,0,0,0,0,0
07312,2023/24,13475,10026,3449,8337,5138
03254,2023/24,11353,10210,1143,3643,7710
09677,2023/24,0,0,0,0,0
09277,2023/24,1490,69,1421,900,590
09161,2023/24,8172,5601,2571,5440,2732
09476,2023/24,0,0,0,0,0
09374,2023/24,0,0,0,0,0
09474,2023/24,0,0,0,0,0
07333,2023/24,0,0,0,0,0
07141,2023/24,0,0,0,0,0
03159,2023/24,33200,28076,5124,15380,17820
06437,2023/24,0,0,0,0,0
07138,2023/24,0,0,0,0,0
09377,2023/24,0,0,0,0,0
09663,2023/24,32740,29327,3413,13354,19386
08436,2023/24,8735,7927,808,3638,5097
08211,2023/24,98,90,8,35,63
08225,2023/24,2585,2505,80,1819,766
07235,2023/24,0,0,0,0,0
09471,2023/24,0,0,0,0,0
06635,2023/24,0,0,0,0,0
05111,2023/24,56839,50363,6476,25326,31513
05116,2023/24,7964,6873,1091,3373,4591
09372,2023/24,460,52,408,400,60
07338,2023/24,0,0,0,0,0
01055,2023/24,0,0,0,0,0
08127,2023/24,640,587,53,258,382
09763,2023/24,4777,4342,435,2752,2025
05362,2023/24,2320,2201,119,1289,1031
03459,2023/24,0,0,0,0,0
08136,2023/24,8003,7385,618,3779,4224
09183,2023/24,686,662,24,136,550
05314,2023/24,36750,31021,5729,16555,20195
07134,2023/24,1784,1260,524,1131,653
09464,2023/24,5126,3645,1481,2917,2209
09272,2023/24,0,0,0,0,0
09675,2023/24,0,0,0,0,0
08117,2023/24,3466,3144,322,2012,1454
05974,2023/24,5589,4065,1524,3438,2151
03356,2023/24,0,0,0,0,0
06439,2023/24,7329,6482,847,3302,4027
09361,2023/24,1540,1360,180,1191,349
01057,2023/24,0,0,0,0,0
02000,2023/24,119244,102381,16863,54591,64653
03157,2023/24,0,0,0,0,0
03457,2023/24,366,263,103,270,96
09279,2023/24,0,0,0,0,0
09771,2023/24,0,0,0,0,0
06413,2023/24,795,623,172,333,462
05315,2023/24,97647,85267,12380,44854,52793
09176,2023/24,3963,3418,545,1223,2740
09375,2023/24,0,0,0,0,0
03452,2023/24,0,0,0,0,0
09661,2023/24,3559,3199,360,2097,1462
05154,2023/24,4119,1413,2706,2228,1891
05334,2023/24,57896,41115,16781,38258,19638
07211,2023/24,15494,12969,2525,7050,8444
03241,2023/24,48760,41355,7405,24919,23841
08115,2023/24,0,0,0,0,0
09572,2023/24,0,0,0,0,0
06432,2023/24,3224,2487,737,1707,1517
05562,2023/24,1816,1590,226,904,912
07314,2023/24,4195,3605,590,1809,2386
09478,2023/24,0,0,0,0,0
05512,2023/24,1299,1079,220,1039,260
07319,2023/24,3184,2458,726,1733,1451
01059,2023/24,0,0,0,0,0
09181,2023/24,0,0,0,0,0
09764,2023/24,0,0,0,0,0
08417,2023/24,1463,1278,185,1094,369
07331,2023/24,0,0,0,0,0
09778,2023/24,0,0,0,0,0
06631,2023/24,8695,6982,1713,3658,5037
06535,2023/24,0,0,0,0,0
03402,2023/24,3532,3184,348,1963,1569
05711,2023/24,37656,34722,2934,16366,21290
09190,2023/24,0,0,0,0,0
03354,2023/24,0,0,0,0,0
03255,2023/24,1095,1047,48,509,586
05374,2023/24,3571,2861,710,2797,774
04011,2023/24,34739,28124,6615,16360,18379
01002,2023/24,34791,31596,3198,16620,18171
05770,2023/24,1527,1386,141,1144,383
08119,2023/24,0,0,0,0,0
08335,2023/24,15473,13689,1784,7559,7914
05554,2023/24,1416,1289,127,1036,380
08316,2023/24,0,0,0,0,0
03152,2023/24,0,0,0,0,0
05962,2023/24,2330,2136,194,1761,569
