ags,year,total_eur
10041,2022,420805014
10041,2023,435603019
10041,2024,415654416
10042,2022,100572063
10042,2023,102145221
10042,2024,106082847
10043,2022,124674401
10043,2023,128093644
10043,2024,134336287
10044,2022,221401083
10044,2023,237905506
10044,2024,251908330
10045,2022,183919149
10045,2023,209356275
10045,2024,200024997
10046,2022,98903282
10046,2023,102156321
10046,2024,119202610
11000,2022,5683467014
11000,2023,5950291592
11000,2024,6062170731
12051,2022,62858948
12051,2023,83971608
12051,2024,65969503
12052,2022,99927690
12052,2023,118346082
12052,2024,151902420
12053,2022,52654836
12053,2023,56059271
12053,2024,59168882
12054,2022,204435782
12054,2023,243471585
12054,2024,259713300
12060,2022,173930785
12060,2023,201240218
12060,2024,200346041
12061,2022,320118096
12061,2023,404476128
12061,2024,416438362
12062,2022,84965501
12062,2023,90094515
12062,2024,98473297
12063,2022,162007753
12063,2023,177839751
12063,2024,184149131
12064,2022,186608091
12064,2023,205351968
12064,2024,214576739
12065,2022,291178114
12065,2023,319625642
12065,2024,306215074
12066,2022,97258709
12066,2023,97309347
12066,2024,111428226
12067,2022,173298477
12067,2023,194401371
12067,2024,225321628
12068,2022,103525023
12068,2023,102629000
12068,2024,101810046
12069,2022,267093107
12069,2023,293544758
12069,2024,295367425
12070,2022,77317807
12070,2023,84621214
12070,2024,87603814
12071,2022,108008215
12071,2023,169107951
12071,2024,172001450
12072,2022,262832167
12072,2023,282928775
12072,2024,365211633
12073,2022,123997522
12073,2023,148716583
12073,2024,130539749
13003,2022,228801974
13003,2023,232023945
13003,2024,253546750
13004,2022,102933662
13004,2023,104686611
13004,2024,108762491
13071,2022,236504260
13071,2023,245293713
13071,2024,280810369
13072,2022,231490736
13072,2023,235309713
13072,2024,258586590
13073,2022,218123492
13073,2023,221544566
13073,2024,237928995
13074,2022,159669299
13074,2023,162095189
13074,2024,169702710
13075,2022,208404069
13075,2023,228161328
13075,2024,233861122
13076,2022,209326974
13076,2023,217965484
13076,2024,237042917
14511,2022,257847880
14511,2023,269386503
14511,2024,278251027
14521,2022,280500421
14521,2023,297224901
14521,2024,302156828
14522,2022,289143811
14522,2023,308409375
14522,2024,314102245
14523,2022,208888937
14523,2023,214905025
14523,2024,232939728
14524,2022,292186347
14524,2023,323827816
14524,2024,318631972
14612,2022,689107436
14612,2023,730983218
14612,2024,757787429
14625,2022,288233469
14625,2023,297627633
14625,2024,363085723
14626,2022,192847598
14626,2023,298594491
14626,2024,234599058
14627,2022,263664213
14627,2023,269803205
14627,2024,259946937
14628,2022,206491034
14628,2023,219568833
14628,2024,230918220
14713,2022,678037224
14713,2023,851973765
14713,2024,909441877
14729,2022,258532332
14729,2023,315134525
14729,2024,307415529
14730,2022,212038544
14730,2023,204131545
14730,2024,214832109
15001,2022,76873038
15001,2023,73008584
15001,2024,79574322
15002,2022,216156428
15002,2023,215907885
15002,2024,222189622
15003,2022,243128773
15003,2023,259499165
15003,2024,267647421
15081,2022,81697277
15081,2023,79361049
15081,2024,86436654
15082,2022,175230325
15082,2023,198960911
15082,2024,187074918
15083,2022,232574622
15083,2023,204475264
15083,2024,220312095
15084,2022,185993241
15084,2023,248583787
15084,2024,200291150
15085,2022,183329524
15085,2023,186424694
15085,2024,208867477
15086,2022,81638675
15086,2023,84241172
15086,2024,94759726
15087,2022,102632774
15087,2023,106655918
15087,2024,118163406
15088,2022,258584946
15088,2023,423331322
15088,2024,303434359
15089,2022,176322265
15089,2023,185264069
15089,2024,200556774
15090,2022,123742484
15090,2023,109318644
15090,2024,103703492
15091,2022,128495791
15091,2023,127449429
15091,2024,130583930
16051,2022,229810967
16051,2023,265821103
16051,2024,242655467
16052,2022,75474864
16052,2023,79969858
16052,2024,91477434
16053,2022,146918150
16053,2023,145079765
16053,2024,146412867
16054,2022,35819510
16054,2023,32427866
16054,2024,34988902
16055,2022,54202352
16055,2023,55902695
16055,2024,58252321
16061,2022,92412406
16061,2023,105524359
16061,2024,113030767
16062,2022,73393187
16062,2023,75208374
16062,2024,72744478
16063,2022,178442557
16063,2023,159752432
16063,2024,164918286
16064,2022,88653797
16064,2023,94290894
16064,2024,92174321
16065,2022,63486131
16065,2023,66338165
16065,2024,62205283
16066,2022,119553485
16066,2023,123227539
16066,2024,125052845
16067,2022,121940313
16067,2023,124261184
16067,2024,133793293
16068,2022,67716628
16068,2023,78027602
16068,2024,74521505
16069,2022,52884397
16069,2023,53344837
16069,2024,56214112
16070,2022,116361188
16070,2023,123338624
16070,2024,117625650
16071,2022,83220027
16071,2023,89769950
16071,2024,97938334
16072,2022,55002785
16072,2023,58291756
16072,2024,61076028
16073,2022,109522564
16073,2023,120256223
16073,2024,101511333
16074,2022,79413750
16074,2023,86970912
16074,2024,83771965
16075,2022,92908811
16075,2023,94517443
16075,2024,82349698
16076,2022,87319043
16076,2023,85915500
16076,2024,98782035
16077,2022,68747763
16077,2023,68940088
16077,2024,75808049
05962,2022,609764306
05962,2023,608314097
05962,2024,650773703
05170,2022,594915417
05170,2023,595904569
05170,2024,605630287
09576,2022,204580509
09576,2023,216653378
09576,2024,227376846
08236,2022,304515354
08236,2023,353200553
08236,2024,349062544
09162,2022,4331943663
09162,2023,4659600607
09162,2024,4671402183
09674,2022,108127632
09674,2023,114602902
09674,2024,123950225
08127,2022,355184590
08127,2023,404650048
08127,2024,369595253
05566,2022,683908067
05566,2023,652543435
05566,2024,705329488
08316,2022,248252649
08316,2023,244172763
08316,2024,244310549
01051,2022,204943804
01051,2023,213217249
01051,2024,245406373
03254,2022,343722626
03254,2023,349195919
03254,2024,360318044
09180,2022,134395091
09180,2023,150567364
09180,2024,154045894
07137,2022,280730523
07137,2023,293453110
07137,2024,305001931
05124,2022,444500084
05124,2023,500236409
05124,2024,472406886
03461,2022,111268498
03461,2023,116611072
03461,2024,121076088
06636,2022,104100821
06636,2023,108320130
06636,2024,115140100
07131,2022,170850812
07131,2023,180814614
07131,2024,178636653
03356,2022,128965808
03356,2023,138013945
03356,2024,148162113
09461,2022,131943596
09461,2023,126134676
09461,2024,127791686
09278,2022,144055843
09278,2023,158458755
09278,2024,167247905
08436,2022,483315544
08436,2023,534975455
08436,2024,525907308
05513,2022,319124815
05513,2023,236681534
05513,2024,281978430
05916,2022,148603550
05916,2023,172642337
05916,2024,156939874
03352,2022,234285346
03352,2023,242128885
03352,2024,256638193
07211,2022,139919031
07211,2023,160630114
07211,2024,156715032
03454,2022,534837163
03454,2023,573300963
03454,2024,599429986
06435,2022,645293898
06435,2023,670661093
06435,2024,725701746
05366,2022,253257282
05366,2023,251298355
05366,2024,269674157
08116,2022,977630031
08116,2023,1125350926
08116,2024,1075045132
09363,2022,64378282
09363,2023,75349203
09363,2024,75293527
01062,2022,487329381
01062,2023,471049897
01062,2024,480894887
07338,2022,190216780
07338,2023,191021293
07338,2024,191040054
08421,2022,297989663
08421,2023,306883983
08421,2024,322156510
09472,2022,119607047
09472,2023,130311947
09472,2024,132744673
06533,2022,240704333
06533,2023,232821502
06533,2024,259937820
09661,2022,129755165
09661,2023,146779011
09661,2024,155740891
09184,2022,1838762809
09184,2023,1779286331
09184,2024,1689423126
03404,2022,260968304
03404,2023,265047810
03404,2024,271390287
05562,2022,665349091
05562,2023,664524106
05562,2024,710426787
04012,2022,131730836
04012,2023,145033640
04012,2024,147058594
06631,2022,340544766
06631,2023,349467330
06631,2024,355473567
09374,2022,147733233
09374,2023,153042282
09374,2024,166925080
09778,2022,258982254
09778,2023,279180090
09778,2024,286333284
09563,2022,200185315
09563,2023,200288202
09563,2024,209984983
01057,2022,155004355
01057,2023,152861844
01057,2024,161493222
07133,2022,186342731
07133,2023,188682021
07133,2024,185591515
05978,2022,490354300
05978,2023,499771552
05978,2024,554598069
05766,2022,448874235
05766,2023,449332356
05766,2024,480844149
09271,2022,188528374
09271,2023,186699481
09271,2024,196847275
07340,2022,96831419
07340,2023,101640006
07340,2024,107477162
08225,2022,185570897
08225,2023,207396509
08225,2024,200275412
05762,2022,162899756
05762,2023,169378047
05762,2024,182739504
07235,2022,136506324
07235,2023,140145078
07235,2024,149363137
09672,2022,130503053
09672,2023,136972186
09672,2024,148795265
09173,2022,200634851
09173,2023,218326585
09173,2024,221618923
08111,2022,1717764006
08111,2023,2146076478
08111,2024,1930158135
06411,2022,368008137
06411,2023,307257020
06411,2024,323401447
08327,2022,291915345
08327,2023,290406085
08327,2024,309538951
07333,2022,80094896
07333,2023,81210118
07333,2024,86675741
05111,2022,1738558846
05111,2023,2059520030
05111,2024,2095534661
07314,2022,280157581
07314,2023,247530543
07314,2024,248782728
08425,2022,316814883
08425,2023,348317592
08425,2024,374386135
09574,2022,265311683
09574,2023,290813413
09574,2024,306480537
05119,2022,240464720
05119,2023,244329630
05119,2024,246239559
03241,2022,1837601632
03241,2023,2261713661
03241,2024,2114728678
09262,2022,91295945
09262,2023,94816919
09262,2024,92143222
03361,2022,217283246
03361,2023,229162246
03361,2024,250912411
03154,2022,97869531
03154,2023,101067886
03154,2024,100497125
07231,2022,159096118
07231,2023,165810240
07231,2024,166412120
09676,2022,193690692
09676,2023,197053859
09676,2024,200381475
06634,2022,223208864
06634,2023,218717381
06634,2024,238019234
01053,2022,251374913
01053,2023,275051844
01053,2024,284404418
08125,2022,621015036
08125,2023,750401125
08125,2024,715950787
08416,2022,336949702
08416,2023,365011164
08416,2024,364744848
05122,2022,207131205
05122,2023,204671645
05122,2024,225645375
05315,2022,2292708647
05315,2023,2397791700
05315,2024,2514713380
07135,2022,77906876
07135,2023,76079270
07135,2024,80581811
09371,2022,129364870
09371,2023,134972774
09371,2024,136340571
03252,2022,193236364
03252,2023,186651707
03252,2024,200311180
09774,2022,212457973
09774,2023,227603018
09774,2024,234289910
07111,2022,220669429
07111,2023,216497950
07111,2024,214746484
03358,2022,178465468
03358,2023,181595656
03358,2024,206011073
05958,2022,400737565
05958,2023,394658558
05958,2024,472086419
09361,2022,75926111
09361,2023,80814169
09361,2024,77556980
01003,2022,287816053
01003,2023,291160252
01003,2024,319331843
05154,2022,389378868
05154,2023,415145823
05154,2024,453042366
08135,2022,188067115
08135,2023,195303815
08135,2024,227035652
06437,2022,116449819
06437,2023,118139588
06437,2024,122017305
03456,2022,197459982
03456,2023,206545115
03456,2024,235234109
08212,2022,616769545
08212,2023,704406429
08212,2024,665215939
05362,2022,702488911
05362,2023,749158655
05362,2024,753755672
06535,2022,130084645
06535,2023,135808580
06535,2024,143417594
09372,2022,189225661
09372,2023,216983199
09372,2024,242622310
05374,2022,399782398
05374,2023,397680894
05374,2024,433959232
06440,2022,441989276
06440,2023,452283847
06440,2024,492901138
09186,2022,233113795
09186,2023,212157139
09186,2024,237664997
06633,2022,289753185
06633,2023,345079727
06633,2024,314869662
07320,2022,47560141
07320,2023,52969907
07320,2024,54487202
09772,2022,409149482
09772,2023,424159765
09772,2024,439275381
01059,2022,271103813
01059,2023,292475116
01059,2024,299834969
03103,2022,266618669
03103,2023,408517756
03103,2024,306482002
09273,2022,180170281
09273,2023,197472586
09273,2024,195002006
09565,2022,67242232
09565,2023,74010258
09565,2024,75705557
05120,2022,150676055
05120,2023,161205432
05120,2024,155761048
07233,2022,69871108
07233,2023,80440888
07233,2024,78995541
09663,2022,224538082
09663,2023,233587501
09663,2024,252684403
06413,2022,161543072
06413,2023,207950802
06413,2024,180495766
09478,2022,84278166
09478,2023,94727914
09478,2024,96212625
08136,2022,671732356
08136,2023,682876060
08136,2024,718034442
09175,2022,250094026
09175,2023,269621583
09175,2024,300055968
07316,2022,70459623
07316,2023,69352409
07316,2024,80476549
07331,2022,155145124
07331,2023,160668279
07331,2024,166035871
01002,2022,339304788
01002,2023,407705345
01002,2024,354099462
05117,2022,235476787
05117,2023,222672835
05117,2024,249574499
09761,2022,429512167
09761,2023,456265593
09761,2024,483809580
06534,2022,779667514
06534,2023,529590741
06534,2024,363325004
09471,2022,213023689
09471,2023,215829095
09471,2024,230800131
05966,2022,269562034
05966,2023,262243175
05966,2024,284916181
06632,2022,210975477
06632,2023,150707548
06632,2024,158612418
09187,2022,447255477
09187,2023,477793298
09187,2024,477655638
01055,2022,280588965
01055,2023,284291230
01055,2024,289409449
09678,2022,148394291
09678,2023,149878995
09678,2024,149312498
05166,2022,393296306
05166,2023,423376552
05166,2024,446998663
09373,2022,232901618
09373,2023,241073857
09373,2024,258705780
03401,2022,72789734
03401,2023,77934411
03401,2024,79423407
09776,2022,130626869
09776,2023,137277800
09776,2024,139672402
09274,2022,306828267
09274,2023,302300254
09274,2024,318461216
05570,2022,401003908
05570,2023,407094356
05570,2024,435029943
09176,2022,206953449
09176,2023,231186223
09176,2024,218355035
06431,2022,421008889
06431,2023,433742664
06431,2024,425713659
03458,2022,184530883
03458,2023,200041054
03458,2024,220275309
09763,2022,117610509
09763,2023,115984474
09763,2024,121503044
05758,2022,372818634
05758,2023,377096088
05758,2024,368527055
09476,2022,79821188
09476,2023,99764744
09476,2024,100220961
09263,2022,90110142
09263,2023,88484311
09263,2024,94320348
01060,2022,474650498
01060,2023,465543127
01060,2024,518668859
09188,2022,299612729
09188,2023,324333670
09188,2024,331585547
08126,2022,243664890
08126,2023,290687380
08126,2024,280498780
03359,2022,283953498
03359,2023,296211827
03359,2024,313883419
09275,2022,264832139
09275,2023,276800831
09275,2024,283255495
03101,2022,404532959
03101,2023,437505641
03101,2024,415832508
05974,2022,426322439
05974,2023,424404671
05974,2024,580066786
03457,2022,187156956
03457,2023,195353021
03457,2024,222052157
09177,2022,230718913
09177,2023,248532300
09177,2024,294185874
07318,2022,98320309
07318,2023,98823732
07318,2024,109062085
08115,2022,987122526
08115,2023,1247991574
08115,2024,1179214486
07140,2022,150600207
07140,2023,149957694
07140,2024,166327611
01004,2022,116513223
01004,2023,124446793
01004,2024,126080369
09362,2022,400724548
09362,2023,389277882
09362,2024,391311419
05711,2022,492359201
05711,2023,493339536
05711,2024,536455431
02000,2022,4670355620
02000,2023,5086205604
02000,2024,5007592673
06532,2022,426252354
06532,2023,431587853
06532,2024,454301010
03158,2022,142193099
03158,2023,166497721
03158,2024,175023130
05382,2022,802140117
05382,2023,824073982
05382,2024,874515673
09473,2022,111060836
09473,2023,118741724
09473,2024,115280765
09189,2022,333861500
09189,2023,380282741
09189,2024,381478086
08336,2022,336580160
08336,2023,364122811
08336,2024,360587576
09182,2022,216800839
09182,2023,213787364
09182,2024,242179980
09375,2022,271612223
09375,2023,291218279
09375,2024,297196875
09561,2022,66153527
09561,2023,63840637
09561,2024,75229503
03256,2022,161806837
03256,2023,160397899
03256,2024,171662204
03403,2022,263441690
03403,2023,291416390
03403,2024,343385672
09276,2022,110734498
09276,2023,110877544
09276,2024,110233275
05954,2022,446972020
05954,2023,448367119
05954,2024,472294523
09463,2022,166658848
09463,2023,160429814
09463,2024,156960372
05515,2022,577171809
05515,2023,584916535
05515,2024,606651294
05914,2022,236563045
05914,2023,244905987
05914,2024,241258875
03354,2022,44967371
03354,2023,46667904
03354,2024,49372165
09178,2022,375790139
09178,2023,360315076
09178,2024,368688843
06433,2022,415162470
06433,2023,449687048
06433,2024,463597361
08118,2022,997763063
08118,2023,1114658059
08118,2024,1108846118
03452,2022,245313352
03452,2023,249547652
03452,2024,275545329
08231,2022,187919985
08231,2023,206361027
08231,2024,208171339
09571,2022,278317500
09571,2023,275669504
09571,2024,287851966
07311,2022,58776225
07311,2023,57478861
07311,2024,61563195
08216,2022,398488366
08216,2023,450594345
08216,2024,415551903
09474,2022,188258310
09474,2023,215588321
09474,2024,149233534
06531,2022,358074807
06531,2023,377528459
06531,2024,383231805
09179,2022,358382894
09179,2023,375121775
09179,2024,402073012
03402,2022,77736697
03402,2023,91605562
03402,2024,94802150
09376,2022,231500708
09376,2023,246196107
09376,2024,251918647
08128,2022,203365130
08128,2023,225756132
08128,2024,246343014
09277,2022,201559884
09277,2023,201922065
09277,2024,210276609
05162,2022,711396354
05162,2023,790815768
05162,2024,821420639
08325,2022,282572065
08325,2023,307470864
08325,2024,282695365
09462,2022,140218821
09462,2023,145385001
09462,2024,160013038
05370,2022,317470858
05370,2023,306340967
05370,2024,337555361
03459,2022,490428407
03459,2023,514895547
03459,2024,540374851
05113,2022,779779041
05113,2023,893247222
05113,2024,929046247
09171,2022,289256231
09171,2023,296145928
09171,2024,263469915
08117,2022,376584441
08117,2023,399625776
08117,2024,416835950
07335,2022,116880144
07335,2023,120506308
07335,2024,126065183
09572,2022,268188386
09572,2023,254173024
09572,2024,397119761
03360,2022,113752282
03360,2023,116640661
03360,2024,117400977
05770,2022,502473166
05770,2023,455589419
05770,2024,481002414
03153,2022,158199111
03153,2023,161129214
03153,2024,164138935
07232,2022,110186220
07232,2023,116795979
07232,2024,121486959
04011,2022,942607039
04011,2023,1069908977
04011,2024,1196340883
09183,2022,187197099
09183,2023,200557708
09183,2024,204935508
09677,2022,180498531
09677,2023,187318724
09677,2024,189945188
03251,2022,330613019
03251,2023,339600823
03251,2024,371935473
03405,2022,92408228
03405,2023,89140476
03405,2024,100270912
07134,2022,269372481
07134,2023,155717835
07134,2024,100923412
08222,2022,639504771
08222,2023,682322703
08222,2024,657911188
06414,2022,616355595
06414,2023,644567916
06414,2024,707394767
05114,2022,331093225
05114,2023,349916535
05114,2024,373927030
07317,2022,50574173
07317,2023,48268954
07317,2024,53107343
09172,2022,165894548
09172,2023,177905247
09172,2024,169099630
07336,2022,62019707
07336,2023,62814432
07336,2024,65486240
09762,2022,56978590
09762,2023,59311433
09762,2024,64491816
09764,2022,95196433
09764,2023,93217665
09764,2024,94956848
09161,2022,269564582
09161,2023,354800173
09161,2024,287701376
05334,2022,787890126
05334,2023,804981284
05334,2024,860697314
09775,2022,294671393
09775,2023,336969886
09775,2024,319587987
09779,2022,273260238
09779,2023,265440624
09779,2024,324754542
05913,2022,766168312
05913,2023,817816455
05913,2024,907912541
01061,2022,191502907
01061,2023,181058690
01061,2024,220757470
08119,2022,738041664
08119,2023,808706132
08119,2024,804763838
06438,2022,687662414
06438,2023,784993269
06438,2024,726989595
09261,2022,120218288
09261,2023,129998717
09261,2024,131023294
08235,2022,214229207
08235,2023,238871789
08235,2024,235452519
09577,2022,130242077
09577,2023,142367637
09577,2024,145550925
03151,2022,203224055
03151,2023,213017961
03151,2024,225335401
09185,2022,145609677
09185,2023,159202812
09185,2024,171299471
09675,2022,143591212
09675,2023,150147072
09675,2024,186483489
03460,2022,280108919
03460,2023,278553821
03460,2024,310614457
09163,2022,111318771
09163,2023,126143815
09163,2024,119797255
05358,2022,335624933
05358,2023,341238020
05358,2024,365664777
09272,2022,107175290
09272,2023,102582553
09272,2024,109940641
06412,2022,3056264792
06412,2023,3302092475
06412,2024,3563257067
09174,2022,253245698
09174,2023,281111722
09174,2024,288113611
09479,2022,106809606
09479,2023,118391845
09479,2024,115866362
05116,2022,377248331
05116,2023,360852114
05116,2024,412493203
07315,2022,1874268761
07315,2023,499424439
07315,2024,683311699
07332,2022,159293065
07332,2023,168015337
07332,2024,176025499
08211,2022,109477646
08211,2023,110307376
08211,2024,102681498
09662,2022,109052003
09662,2023,129840086
09662,2024,109064431
09564,2022,960528346
09564,2023,1090086505
09564,2024,1089138333
09773,2022,152446881
09773,2023,168152870
09773,2024,167802231
05911,2022,475797300
05911,2023,499059321
05911,2024,513851665
06436,2022,711013995
06436,2023,745465812
06436,2024,782987530
07339,2022,539873500
07339,2023,555650529
07339,2024,621459112
08237,2022,191215566
08237,2023,195638207
08237,2024,208142989
03157,2022,145343581
03157,2023,151183478
03157,2024,181756488
05774,2022,440235142
05774,2023,474646694
05774,2024,483086075
08335,2022,476601451
08335,2023,491410109
08335,2024,464127795
03462,2022,70889374
03462,2023,80168207
03462,2024,91539841
03255,2022,89737615
03255,2023,88812095
03255,2024,92781220
07138,2022,250276899
07138,2023,263487396
07138,2024,300797334
08226,2022,967465109
08226,2023,1231476710
08226,2024,1095342255
07334,2022,175697954
07334,2023,201433590
07334,2024,204768201
07313,2022,66361103
07313,2023,77350836
07313,2024,81774040
08311,2022,396756522
08311,2023,432487834
08311,2024,455855006
08221,2022,295010665
08221,2023,302647228
08221,2024,284395691
05554,2022,614084470
05554,2023,613909208
05554,2024,660927177
03351,2022,209725214
03351,2023,224047591
03351,2024,238289859
05970,2022,434491981
05970,2023,437600663
05970,2024,476574945
06434,2022,525644067
06434,2023,526615864
06434,2024,606240855
07337,2022,139779491
07337,2023,148994852
07337,2024,153512507
03155,2022,146704168
03155,2023,148089186
03155,2024,163969199
09679,2022,218758777
09679,2023,222426394
09679,2024,255154164
01054,2022,310431704
01054,2023,327518458
01054,2024,350725630
08337,2022,255990369
08337,2023,276202109
08337,2024,273998412
09181,2022,222207811
09181,2023,245821762
09181,2024,257370237
05112,2022,576531362
05112,2023,605125456
05112,2024,647741499
05158,2022,1153029607
05158,2023,1330496033
05158,2024,1193544046
06439,2022,262073112
06439,2023,271274861
06439,2024,290403753
08326,2022,333691262
08326,2023,368050053
08326,2024,350693473
08215,2022,696388916
08215,2023,724855987
08215,2024,758750593
05378,2022,399443505
05378,2023,374236441
05378,2024,422679065
09777,2022,271943092
09777,2023,251914439
09777,2024,288507611
08435,2022,384408157
08435,2023,393493825
08435,2024,419649037
05915,2022,190719630
05915,2023,195984891
05915,2024,226338961
03353,2022,364774939
03353,2023,380503809
03353,2024,417036484
03451,2022,163825915
03451,2023,188604578
03451,2024,213337060
06432,2022,451912639
06432,2023,453217954
06432,2024,479106420
07312,2022,149179514
07312,2023,159066300
07312,2024,157207931
01056,2022,551185048
01056,2023,572615110
01056,2024,543635225
09771,2022,224591387
09771,2023,223218036
09771,2024,231756520
08121,2022,262987731
08121,2023,257839500
08121,2024,273599272
09673,2022,103233307
09673,2023,108355244
09673,2024,116496043
08426,2022,480133082
08426,2023,461267773
08426,2024,509776609
07143,2022,324566508
07143,2023,329551891
07143,2024,353892829
05754,2022,687558192
05754,2023,720760453
05754,2024,705635576
09575,2022,135248211
09575,2023,149332321
09575,2024,148653240
06635,2022,222347948
06635,2023,214426797
06635,2024,273724387
08315,2022,385102291
08315,2023,404861539
08315,2024,404966066
09279,2022,298256194
09279,2023,297569637
09279,2024,270067655
07132,2022,148410939
07132,2023,151801823
07132,2024,155901025
05512,2022,126675347
05512,2023,132794542
05512,2024,134832398
05558,2022,313632436
05558,2023,323816572
05558,2024,343847121
08437,2022,206750518
08437,2023,226076148
08437,2024,219779695
03355,2022,232694126
03355,2023,237206971
03355,2024,261095339
03453,2022,255449313
03453,2023,278639667
03453,2024,305800463
03159,2022,430562408
03159,2023,473257986
03159,2024,443076370
03257,2022,175483004
03257,2023,177168403
03257,2024,187477039
08417,2022,326153701
08417,2023,341437086
08417,2024,351609719
06611,2022,348301123
06611,2023,331229566
06611,2024,372671331
01058,2022,368834206
01058,2023,370406072
01058,2024,397140197
03102,2022,124574735
03102,2023,138465507
03102,2024,118810156
01001,2022,129118668
01001,2023,146537661
01001,2024,152908965
09477,2022,103610157
09477,2023,119745095
09477,2024,116654987
05314,2022,505864283
05314,2023,574820352
05314,2024,577773537
08317,2022,709376338
08317,2023,766091708
08317,2024,790372451
08415,2022,431467705
08415,2023,472354385
08415,2024,470034312
03357,2022,219481672
03357,2023,227997761
03357,2024,254057127
09190,2022,232789197
09190,2023,242968969
09190,2024,248014151
03455,2022,117277484
03455,2023,115580444
03455,2024,123602378
07319,2022,101991315
07319,2023,109170744
07319,2024,117064289
07141,2022,138123633
07141,2023,136571187
07141,2024,143002763
09562,2022,302761200
09562,2023,322741722
09562,2024,200470348
09464,2022,67617477
09464,2023,68488114
09464,2024,68492639
09475,2022,120996647
09475,2023,129169818
09475,2024,129894995
09377,2022,248748505
09377,2023,279086857
09377,2024,405425923
05316,2022,464885364
05316,2023,502028372
05316,2024,276584066
09671,2022,266496906
09671,2023,281828903
09671,2024,305022830
09573,2022,159501042
09573,2023,180274493
09573,2024,168007791
09780,2022,233135838
09780,2023,246025338
09780,2024,261997220
