ags,year,persons
10041,2018,43864
10041,2020,43003
10041,2022,41559
10041,2024,41419
10042,2018,5227
10042,2020,4898
10042,2022,5278
10042,2024,5061
10043,2018,12686
10043,2020,12572
10043,2022,12607
10043,2024,12812
10044,2018,12157
10044,2020,11286
10044,2022,12213
10044,2024,12720
10045,2018,9010
10045,2020,8107
10045,2022,8082
10045,2024,8258
10046,2018,3818
10046,2020,3329
10046,2022,3845
10046,2024,4246
11000,2018,513489
11000,2020,501591
11000,2022,468325
12051,2018,8934
12051,2020,7728
12051,2022,7647
12051,2024,7441
12052,2018,12711
12052,2020,10756
12052,2022,10301
12052,2024,9912
12053,2018,7205
12053,2020,6182
12053,2022,5908
12053,2024,5801
12054,2018,13756
12054,2020,13127
12054,2022,12576
12054,2024,12244
12060,2018,12105
12060,2020,10784
12060,2022,10068
12060,2024,9720
12061,2018,8426
12061,2020,7656
12061,2022,7643
12061,2024,7515
12062,2018,7854
12062,2020,6472
12062,2022,6195
12062,2024,6048
12063,2018,9607
12063,2020,8491
12063,2022,8769
12063,2024,9410
12064,2018,12653
12064,2020,10730
12064,2022,10310
12064,2024,10137
12065,2018,12060
12065,2020,10239
12065,2022,10211
12065,2024,9747
12066,2018,10149
12066,2020,8128
12066,2022,7585
12066,2024,7565
12067,2018,12861
12067,2020,11118
12067,2022,10815
12067,2024,10584
12068,2018,7798
12068,2020,6507
12068,2022,6345
12068,2024,6162
12069,2018,7592
12069,2020,6725
12069,2022,7436
12069,2024,7280
12070,2018,7279
12070,2020,6179
12070,2022,5977
12070,2024,5858
12071,2018,8424
12071,2020,6889
12071,2022,6591
12071,2024,6144
12072,2018,9237
12072,2020,8183
12072,2022,8104
12072,2024,8123
12073,2018,14665
12073,2020,12539
12073,2022,11536
12073,2024,12024
13003,2018,21461
13003,2020,17573
13003,2022,16394
13003,2024,15860
13004,2018,12346
13004,2020,11128
13004,2022,10967
13004,2024,11270
13071,2018,26079
13071,2020,21463
13071,2022,20971
13071,2024,20583
13072,2018,14135
13072,2020,11940
13072,2022,12013
13072,2024,12178
13073,2018,19478
13073,2020,16581
13073,2022,16222
13073,2024,15883
13074,2018,10991
13074,2020,9410
13074,2022,9754
13074,2024,9170
13075,2018,23157
13075,2020,19656
13075,2022,18879
13075,2024,18219
13076,2018,13931
13076,2020,12122
13076,2022,11973
13076,2024,11490
14511,2018,22356
14511,2020,19762
14511,2022,20759
14511,2024,23745
14521,2018,15574
14521,2020,13120
14521,2022,13329
14521,2024,13644
14522,2018,16278
14522,2020,13921
14522,2022,14356
14522,2024,15084
14523,2018,12846
14523,2020,10735
14523,2022,11462
14523,2024,11690
14524,2018,18741
14524,2020,16383
14524,2022,16619
14524,2024,16649
14612,2018,41897
14612,2020,39185
14612,2022,39549
14612,2024,39141
14625,2018,16719
14625,2020,13652
14625,2022,14275
14625,2024,14160
14626,2018,21853
14626,2020,18419
14626,2022,18312
14626,2024,18716
14627,2018,14396
14627,2020,12084
14627,2022,12514
14627,2024,12501
14628,2018,13802
14628,2020,11031
14628,2022,11618
14628,2024,11427
14713,2018,62630
14713,2020,57953
14713,2022,55346
14713,2024,54344
14729,2018,15806
14729,2020,13775
14729,2022,14039
14729,2024,14307
14730,2018,14460
14730,2020,12082
14730,2022,11996
14730,2024,11380
15001,2018,8368
15001,2020,7228
15001,2022,7384
15001,2024,7335
15002,2018,34166
15002,2020,30046
15002,2022,29001
15002,2024,27035
15003,2018,30108
15003,2020,25352
15003,2022,24986
15003,2024,23242
15081,2018,6416
15081,2020,5642
15081,2022,5425
15081,2024,5429
15082,2018,15119
15082,2020,12737
15082,2022,12491
15082,2024,11587
15083,2018,10823
15083,2020,8831
15083,2022,8668
15083,2024,8301
15084,2018,16800
15084,2020,14147
15084,2022,14181
15084,2024,13964
15085,2018,16115
15085,2020,14096
15085,2022,14000
15085,2024,13006
15086,2018,6851
15086,2020,5947
15086,2022,5895
15086,2024,5501
15087,2018,14664
15087,2020,12814
15087,2022,12004
15087,2024,11534
15088,2018,15344
15088,2020,12592
15088,2022,12104
15088,2024,12087
15089,2018,19968
15089,2020,16928
15089,2022,17155
15089,2024,16237
15090,2018,12554
15090,2020,10918
15090,2022,10825
15090,2024,10282
15091,2018,10277
15091,2020,8817
15091,2022,8293
15091,2024,7829
16051,2018,19959
16051,2020,17379
16051,2022,15878
16051,2024,14502
16052,2018,11395
16052,2020,9846
16052,2022,9311
16052,2024,10948
16053,2018,7094
16053,2020,6141
16053,2022,6002
16053,2024,5765
16054,2018,1866
16054,2020,1700
16054,2022,1774
16054,2024,1727
16055,2018,5554
16055,2020,5005
16055,2022,4802
16055,2024,4553
16056,2018,3947
16056,2020,3496
16061,2018,4017
16061,2020,3517
16061,2022,3738
16061,2024,3725
16062,2018,7230
16062,2020,6547
16062,2022,6719
16062,2024,6553
16063,2018,4820
16063,2020,4049
16063,2022,7601
16063,2024,7551
16064,2018,8035
16064,2020,6796
16064,2022,7083
16064,2024,6975
16065,2018,6789
16065,2020,5838
16065,2022,5932
16065,2024,5498
16066,2018,4968
16066,2020,4361
16066,2022,4607
16066,2024,4405
16067,2018,8348
16067,2020,7457
16067,2022,7246
16067,2024,7361
16068,2018,4093
16068,2020,3632
16068,2022,3948
16068,2024,3641
16069,2018,2120
16069,2020,1749
16069,2022,2046
16069,2024,1993
16070,2018,7027
16070,2020,6154
16070,2022,6561
16070,2024,6194
16071,2018,4478
16071,2020,3921
16071,2022,4260
16071,2024,4156
16072,2018,2269
16072,2020,2004
16072,2022,2280
16072,2024,2168
16073,2018,6030
16073,2020,5061
16073,2022,5597
16073,2024,5772
16074,2018,3795
16074,2020,3218
16074,2022,3274
16074,2024,3007
16075,2018,4041
16075,2020,3261
16075,2022,3502
16075,2024,3527
16076,2018,4849
16076,2020,4159
16076,2022,4138
16076,2024,4275
16077,2018,8341
16077,2020,6641
16077,2022,6907
16077,2024,7743
10041100,2018,29212
10041100,2020,28803
10041100,2022,27183
10041100,2024,27048
11001001,2018,77125
11001001,2020,73600
11001001,2022,65446
11001001,2024,57897
11002002,2018,45587
11002002,2020,45358
11002002,2022,38354
11002002,2024,28727
11003003,2018,31703
11003003,2020,32613
11003003,2022,30093
11003003,2024,18532
11004004,2018,30275
11004004,2020,29858
11004004,2022,28503
11004004,2024,40952
11005005,2018,45490
11005005,2020,43751
11005005,2022,42638
11005005,2024,27898
11006006,2018,18444
11006006,2020,18258
11006006,2022,18306
11006006,2024,31628
11007007,2018,45982
11007007,2020,45236
11007007,2022,41885
11007007,2024,38014
11008008,2018,68195
11008008,2020,66798
11008008,2022,60032
11008008,2024,42961
11009009,2018,26838
11009009,2020,27036
11009009,2022,27847
11009009,2024,36528
11010010,2018,40200
11010010,2020,38260
11010010,2022,37129
11010010,2024,63292
11011011,2018,40597
11011011,2020,39822
11011011,2022,39517
11011011,2024,38394
11012012,2018,43053
11012012,2020,41001
11012012,2022,38575
11012012,2024,39407
08125,2018,11663
08125,2020,11603
08125,2022,13494
08125,2024,13779
05122,2018,15110
05122,2020,14709
05122,2022,15188
05122,2024,15585
05358,2018,22559
05358,2020,21874
05358,2022,21871
05358,2024,22414
03460,2018,7250
03460,2020,7082
03460,2022,7289
03460,2024,6489
07319,2018,8192
07319,2020,8104
07319,2022,7745
07319,2024,8147
06411,2018,14175
06411,2020,13939
06411,2022,13902
06411,2024,14294
09189,2018,3924
09189,2020,3836
09189,2022,4323
09189,2024,4603
03459,2018,13427
03459,2020,11806
03459,2022,13364
03459,2024,12771
07137,2018,10365
07137,2020,9040
07137,2022,10003
07137,2024,10307
07132,2018,6119
07132,2020,5820
07132,2022,6957
07132,2024,7675
09190,2018,3475
09190,2020,3365
09190,2022,3748
09190,2024,4350
09564,2018,42131
09564,2020,40849
09564,2022,42581
09564,2024,45040
05915,2018,20145
05915,2020,18704
05915,2022,18149
05915,2024,17682
07314,2018,21110
07314,2020,21363
07314,2022,20244
07314,2024,21894
05554,2018,16145
05554,2020,14840
05554,2022,16571
05554,2024,18187
07320,2018,2504
07320,2020,2534
07320,2022,2574
07320,2024,2671
09662,2018,4896
09662,2020,4482
09662,2022,4507
09662,2024,4846
09479,2018,4137
09479,2020,3516
09479,2022,3588
09479,2024,3749
07235,2018,4212
07235,2020,3745
07235,2022,4148
07235,2024,4156
03157,2018,9775
03157,2020,9458
03157,2022,10240
03157,2024,9879
08317,2018,16265
08317,2020,15968
08317,2022,17895
08317,2024,18841
05314,2018,31771
05314,2020,31570
05314,2022,30362
05314,2024,28978
05758,2018,16645
05758,2020,16076
05758,2022,16500
05758,2024,17002
06531,2018,20948
06531,2020,20982
06531,2022,21645
06531,2024,22745
09577,2018,2520
09577,2020,2430
09577,2022,3407
09577,2024,3176
06433,2018,20354
06433,2020,19967
06433,2022,19953
06433,2024,21013
03402,2018,5947
03402,2020,5637
03402,2022,5636
03402,2024,5331
07333,2018,3709
07333,2020,3523
07333,2022,3665
07333,2024,4014
06414,2018,31572
06414,2020,31121
06414,2022,31092
06414,2024,30459
03255,2018,5325
03255,2020,4908
03255,2022,5323
03255,2024,5191
09675,2018,1964
09675,2020,1772
09675,2022,2231
09675,2024,2165
09778,2018,1799
09778,2020,1854
09778,2022,2334
09778,2024,2668
09173,2018,2902
09173,2020,2906
09173,2022,3430
09173,2024,3424
09271,2018,3017
09271,2020,2989
09271,2022,3109
09271,2024,3137
03358,2018,9519
03358,2020,8666
03358,2022,8870
03358,2024,8871
09773,2018,2499
09773,2020,2397
09773,2022,2817
09773,2024,3214
05954,2018,26251
05954,2020,25489
05954,2022,26285
05954,2024,27573
08326,2018,7377
08326,2020,8081
08326,2022,9222
08326,2024,9571
07336,2018,3832
07336,2020,3523
07336,2022,3873
07336,2024,3798
03353,2018,11243
03353,2020,11003
03353,2022,12268
03353,2024,12283
09176,2018,1660
09176,2020,1786
09176,2022,2624
09176,2024,3201
05154,2018,18296
05154,2020,16217
05154,2022,16682
05154,2024,18365
06632,2018,5833
06632,2020,5303
06632,2022,5857
06632,2024,5731
09262,2018,2839
09262,2020,3063
09262,2022,3172
09262,2024,3652
03101,2018,18176
03101,2020,18126
03101,2022,18884
03101,2024,18078
09274,2018,2777
09274,2020,2996
09274,2022,3361
09274,2024,3947
03456,2018,6489
03456,2020,6036
03456,2022,6822
03456,2024,6645
03153,2018,11662
03153,2020,10893
03153,2022,10567
03153,2024,10447
05166,2018,19317
05166,2020,17540
05166,2022,17555
05166,2024,17847
01058,2018,15721
01058,2020,14340
01058,2022,13873
01058,2024,14608
06436,2018,10973
06436,2020,11024
06436,2022,12050
06436,2024,12366
08416,2018,7849
08416,2020,7610
08416,2022,8121
08416,2024,8688
09372,2018,2573
09372,2020,2510
09372,2022,3153
09372,2024,3417
08415,2018,12446
08415,2020,11865
08415,2022,12367
08415,2024,13140
03251,2018,12453
03251,2020,11466
03251,2022,12046
03251,2024,11338
06534,2018,13662
06534,2020,12471
06534,2022,13733
06534,2024,14125
08437,2018,3581
08437,2020,3342
08437,2022,3767
08437,2024,3916
08135,2018,6394
08135,2020,5945
08135,2022,5878
08135,2024,6281
09186,2018,1437
09186,2020,1483
09186,2022,2013
09186,2024,2275
01001,2018,12152
01001,2020,11752
01001,2022,10663
01001,2024,10121
05362,2018,36315
05362,2020,33925
05362,2022,33697
05362,2024,33508
09163,2018,3200
09163,2020,3106
09163,2022,3137
09163,2024,3351
09261,2018,3270
09261,2020,3413
09261,2022,4019
09261,2024,4186
07111,2018,10351
07111,2020,9582
07111,2022,9542
07111,2024,9692
01059,2018,12203
01059,2020,10611
01059,2022,10570
01059,2024,11214
09764,2018,1364
09764,2020,1387
09764,2022,1726
09764,2024,1673
09471,2018,2780
09471,2020,2425
09471,2022,2898
09471,2024,3203
09172,2018,3017
09172,2020,3109
09172,2022,3170
09172,2024,3265
07315,2018,16682
07315,2020,16153
07315,2022,16099
07315,2024,15287
01054,2018,9598
01054,2020,8648
01054,2022,8571
01054,2024,8902
08211,2018,2739
08211,2020,2742
08211,2022,3547
08211,2024,4008
01002,2018,34563
01002,2020,32276
01002,2022,29977
01002,2024,28763
07318,2018,3604
07318,2020,3386
07318,2022,3064
07318,2024,3123
08325,2018,3654
08325,2020,3418
08325,2022,4087
08325,2024,4487
03357,2018,7375
03357,2020,6368
03357,2022,6884
03357,2024,6235
07133,2018,10515
07133,2020,10083
07133,2022,10405
07133,2024,10606
05911,2018,45237
05911,2020,43520
05911,2022,41544
05911,2024,40945
03455,2018,5525
03455,2020,4678
03455,2022,4916
03455,2024,5035
07140,2018,4140
07140,2020,3897
07140,2022,4482
07140,2024,4034
08425,2018,4798
08425,2020,4547
08425,2022,5389
08425,2024,5888
07231,2018,3916
07231,2020,3501
07231,2022,4662
07231,2024,4360
05754,2018,18766
05754,2020,17582
05754,2022,17947
05754,2024,19685
05114,2018,29073
05114,2020,27929
05114,2022,27550
05114,2024,27133
07332,2018,5297
07332,2020,5081
07332,2022,5253
07332,2024,5548
07337,2018,4488
07337,2020,4417
07337,2022,4883
07337,2024,5054
08327,2018,4592
08327,2020,4965
08327,2022,5389
08327,2024,5868
05119,2018,29239
05119,2020,28223
05119,2022,28818
05119,2024,27645
08121,2018,8481
08121,2020,8360
08121,2022,8781
08121,2024,9380
08126,2018,2293
08126,2020,2196
08126,2022,2971
08126,2024,3441
09275,2018,5515
09275,2020,5406
09275,2022,5787
09275,2024,6419
09679,2018,3335
09679,2020,3104
09679,2022,3376
09679,2024,3500
09777,2018,2702
09777,2020,2567
09777,2022,3160
09777,2024,2899
09177,2018,2506
09177,2020,2757
09177,2022,2916
09177,2024,2919
05315,2018,118147
05315,2020,122205
05315,2022,117989
05315,2024,113029
09373,2018,2078
09373,2020,2009
09373,2022,2642
09373,2024,2844
03451,2018,6311
03451,2020,5872
03451,2022,6153
03451,2024,6121
06611,2018,25234
06611,2020,24319
06611,2022,25177
06611,2024,24695
05711,2018,37080
05711,2020,36322
05711,2022,36003
05711,2024,34767
02000,2018,187270
02000,2020,191400
02000,2022,193620
02000,2024,195098
03241001,2018,68733
03241001,2020,68127
03241001,2022,67179
03241001,2024,65576
05515,2018,21610
05515,2020,20701
05515,2022,20628
05515,2024,19871
05162,2018,31343
05162,2020,30914
05162,2022,31381
05162,2024,31575
09278,2018,1853
09278,2020,1765
09278,2022,2091
09278,2024,2214
07131,2018,6094
07131,2020,5556
07131,2022,4943
07131,2024,5157
06432,2018,15823
06432,2020,14777
06432,2022,15923
06432,2024,16241
09376,2018,3520
09376,2020,3440
09376,2022,4463
09376,2024,4709
09474,2018,2931
09474,2020,2863
09474,2022,3448
09474,2024,3615
09181,2018,2495
09181,2020,2265
09181,2022,2625
09181,2024,3022
08236,2018,5454
08236,2020,5451
08236,2022,6351
08236,2024,6889
05558,2018,8942
05558,2020,8038
05558,2022,9206
05558,2024,10703
09572,2018,2389
09572,2020,2530
09572,2022,3227
09572,2024,3031
09363,2018,3126
09363,2020,2810
09363,2022,2708
09363,2024,2872
08237,2018,3777
08237,2020,3662
08237,2022,4116
08237,2024,4556
09461,2018,3643
09461,2020,3573
09461,2022,3657
09461,2024,3453
05158,2018,38184
05158,2020,38445
05158,2022,39491
05158,2024,40722
08116,2018,20854
08116,2020,21658
08116,2022,23181
08116,2024,25210
09462,2018,4057
09462,2020,3888
09462,2022,3824
09462,2024,3718
08336,2018,8775
08336,2020,9565
08336,2022,10979
08336,2024,11981
09475,2018,2914
09475,2020,2849
09475,2022,3142
09475,2024,3474
05334002,2018,24942
05334002,2020,24547
05334002,2022,24387
05334002,2024,22950
06437,2018,5252
06437,2020,5342
06437,2022,5280
06437,2024,5193
07311,2018,3979
07311,2020,3872
07311,2022,3939
07311,2024,3878
07340,2018,2425
07340,2020,2271
07340,2022,2318
07340,2024,2726
09573,2018,2310
09573,2020,2547
09573,2022,3025
09573,2024,2674
06633,2018,11382
06633,2020,10416
06633,2022,11616
06633,2024,11898
06535,2018,4691
06535,2020,4160
06535,2022,4549
06535,2024,4950
08335,2018,11971
08335,2020,12015
08335,2022,13070
08335,2024,13432
09671,2018,5288
09671,2020,5275
09671,2022,6115
09671,2024,6102
03404,2018,16833
03404,2020,15537
03404,2022,15405
03404,2024,15000
01060,2018,15134
01060,2020,14338
01060,2022,14651
01060,2024,16076
08216,2018,8061
08216,2020,8063
08216,2022,9716
08216,2024,9957
09180,2018,2684
09180,2020,2452
09180,2022,2441
09180,2024,2569
08118,2018,18920
08118,2020,18515
08118,2022,21562
08118,2024,22868
09279,2018,1974
09279,2020,2008
09279,2022,1981
09279,2024,2440
03154,2018,6799
03154,2020,6326
03154,2022,6476
03154,2024,6523
09377,2018,1947
09377,2020,1577
09377,2022,2107
09377,2024,2142
03252,2018,13747
03252,2020,12713
03252,2022,13454
03252,2024,13055
07338,2018,5238
07338,2020,5570
07338,2022,6070
07338,2024,6218
06440,2018,16102
06440,2020,15330
06440,2022,15867
06440,2024,15972
07135,2018,2292
07135,2020,2150
07135,2022,2623
07135,2024,2428
07233,2018,2354
07233,2020,1911
07233,2022,2112
07233,2024,2102
09661,2018,5291
09661,2020,5096
09661,2022,5332
09661,2024,5521
09185,2018,1908
09185,2020,1839
09185,2022,2450
09185,2024,2973
09576,2018,2350
09576,2020,1961
09576,2022,2364
09576,2024,2375
09478,2018,2024
09478,2020,1818
09478,2022,1996
09478,2024,2095
07331,2018,5907
07331,2020,5894
07331,2022,5876
07331,2024,5885
07316,2018,3878
07316,2020,3910
07316,2022,3953
07316,2024,3986
09674,2018,1962
09674,2020,1842
09674,2022,1928
09674,2024,2155
09563,2018,8979
09563,2020,8230
09563,2022,8401
09563,2024,8625
09772,2018,5975
09772,2020,6221
09772,2022,7298
09772,2024,7693
01051,2018,11691
01051,2020,10453
01051,2022,9842
01051,2024,10069
03403,2018,17741
03403,2020,17062
03403,2022,16300
03403,2024,15292
03461,2018,7062
03461,2020,6482
03461,2022,6663
03461,2024,6206
09162,2018,71938
09162,2020,77296
09162,2022,75256
09162,2024,74704
05111,2018,59720
05111,2020,58600
05111,2022,56930
05111,2024,52026
05916,2018,23766
05916,2020,23453
05916,2022,23270
05916,2024,23280
03256,2018,9330
03256,2020,8905
03256,2022,9629
03256,2024,9547
09184,2018,7708
09184,2020,7517
09184,2022,10335
09184,2024,10204
07211,2018,7340
07211,2020,8306
07211,2022,8314
07211,2024,9158
03354,2018,3679
03354,2020,3509
03354,2022,3455
03354,2024,3054
03158,2018,7284
03158,2020,6807
03158,2022,7645
03158,2024,7286
08215,2018,13610
08215,2020,13685
08215,2022,15996
08215,2024,17141
07141,2018,5598
07141,2020,5302
07141,2022,5655
07141,2024,5844
06636,2018,6801
06636,2020,6143
06636,2022,6066
06636,2024,5913
03452,2018,14260
03452,2020,13770
03452,2022,13053
03452,2024,12380
07334,2018,6147
07334,2020,5879
07334,2022,5800
07334,2024,6242
09763,2018,2750
09763,2020,2680
09763,2022,2707
09763,2024,2346
08117,2018,12004
08117,2020,12085
08117,2022,12845
08117,2024,13531
07335,2018,5505
07335,2020,5145
07335,2022,5099
07335,2024,4980
09678,2018,2442
09678,2020,2299
09678,2022,2429
09678,2024,2383
09171,2018,3567
09171,2020,3342
09171,2022,3636
09171,2024,3820
09776,2018,1914
09776,2020,1958
09776,2022,2159
09776,2024,2145
07312,2018,11486
07312,2020,10828
07312,2022,9576
07312,2024,9362
07138,2018,11104
07138,2020,10527
07138,2022,10864
07138,2024,10906
05124,2018,50463
05124,2020,49915
05124,2022,48990
05124,2024,46613
01055,2018,11964
01055,2020,10493
01055,2022,10026
01055,2024,9780
03241,2018,118978
03241,2020,116833
03241,2022,115906
03241,2024,112380
05966,2018,5499
05966,2020,5085
05966,2022,5760
05966,2024,6029
08316,2018,5765
08316,2020,5213
08316,2022,5773
08316,2024,5791
08436,2018,8541
08436,2020,8591
08436,2022,9710
08436,2024,9969
09174,2018,2430
09174,2020,2554
09174,2022,3172
09174,2024,3774
09272,2018,1228
09272,2020,1185
09272,2022,1677
09272,2024,1917
03254,2018,21212
03254,2020,20272
03254,2022,21230
03254,2024,21048
03352,2018,12894
03352,2020,11820
03352,2022,11749
03352,2024,11751
09761,2018,16910
09761,2020,17595
09761,2022,18227
09761,2024,18808
03361,2018,7849
03361,2020,6918
03361,2022,6916
03361,2024,6805
03453,2018,9084
03453,2020,8223
03453,2022,8768
03453,2024,8581
08417,2018,5634
08417,2020,5553
08417,2022,6681
08417,2024,7349
04011,2018,81318
04011,2020,81548
04011,2022,78870
04011,2024,78803
09565,2018,1797
09565,2020,1695
09565,2022,1886
09565,2024,1964
07313,2018,3008
07313,2020,3194
07313,2022,3216
07313,2024,3529
09161,2018,5996
09161,2020,6504
09161,2022,7181
09161,2024,7274
09663,2018,6610
09663,2020,6333
09663,2022,6126
09663,2024,6086
09476,2018,1634
09476,2020,1488
09476,2022,1591
09476,2024,1664
09187,2018,4801
09187,2020,4883
09187,2022,5468
09187,2024,5747
07232,2018,3085
07232,2020,2904
07232,2022,3342
07232,2024,3368
09574,2018,4183
09574,2020,3981
09574,2022,4348
09574,2024,4419
06413,2018,16631
06413,2020,15431
06413,2022,14248
06413,2024,14018
09672,2018,2827
09672,2020,2686
09672,2022,3227
09672,2024,3320
03257,2018,11195
03257,2020,9723
03257,2022,9700
03257,2024,9506
07339,2018,8979
07339,2020,8874
07339,2022,9216
07339,2024,9372
09779,2018,1878
09779,2020,1947
09779,2022,2670
09779,2024,3097
03355,2018,12832
03355,2020,11698
03355,2022,11715
03355,2024,11191
03159,2018,20809
03159,2020,20127
03159,2022,20897
03159,2024,21399
08221,2018,6651
08221,2020,6664
08221,2022,7079
08221,2024,6596
06631,2018,9387
06631,2020,8796
06631,2022,9910
06631,2024,10400
05374,2018,14880
05374,2020,14308
05374,2022,15420
05374,2024,15849
03102,2018,14589
03102,2020,13950
03102,2022,13564
03102,2024,13027
06435,2018,25204
06435,2020,25655
06435,2022,26459
06435,2024,28283
05570,2018,16242
05570,2020,14692
05570,2022,15296
05570,2024,16041
06533,2018,10922
06533,2020,9763
06533,2022,10071
06533,2024,10891
07134,2018,5438
07134,2020,5613
07134,2022,6040
07134,2024,5988
08426,2018,4898
08426,2020,4238
08426,2022,5420
08426,2024,5777
08136,2018,9898
08136,2020,10235
08136,2022,11899
08136,2024,12303
05962,2018,32214
05962,2020,32122
05962,2022,32702
05962,2024,34296
09276,2018,2218
09276,2020,2092
09276,2022,2228
09276,2024,2435
09178,2018,2945
09178,2020,3211
09178,2022,3879
09178,2024,4741
09374,2018,2479
09374,2020,2057
09374,2022,2616
09374,2024,2621
05766,2018,26977
05766,2020,24975
05766,2022,25338
05766,2024,24606
09472,2018,2166
09472,2020,1849
09472,2022,2317
09472,2024,2426
09263,2018,2758
09263,2020,2746
09263,2022,2604
09263,2024,2852
03457,2018,9914
03457,2020,9036
03457,2022,9715
03457,2024,9681
08212,2018,16419
08212,2020,15967
08212,2022,16071
08212,2024,16010
09361,2018,2366
09361,2020,2108
09361,2022,2170
09361,2024,2323
07143,2018,7535
07143,2020,7079
07143,2022,7612
07143,2024,8242
07317,2018,5643
07317,2020,5118
07317,2022,5032
07317,2024,5267
08315,2018,8737
08315,2020,8739
08315,2022,9852
08315,2024,10313
09182,2018,1519
09182,2020,1543
09182,2022,1832
09182,2024,1982
06634,2018,8439
06634,2020,7887
06634,2022,8487
06634,2024,8796
08435,2018,6479
08435,2020,6169
08435,2022,7647
08435,2024,7939
09676,2018,3641
09676,2020,3710
09676,2022,4177
09676,2024,5052
03359,2018,15065
03359,2020,14477
03359,2022,15337
03359,2024,15399
09774,2018,2376
09774,2020,2287
09774,2022,2658
09774,2024,2879
06438,2018,21659
06438,2020,22462
06438,2022,22300
06438,2024,23193
08337,2018,5457
08337,2020,5420
08337,2022,6561
08337,2024,6872
08225,2018,4669
08225,2020,4509
08225,2022,5046
08225,2024,4977
08127,2018,5970
08127,2020,5756
08127,2022,7244
08127,2024,7568
01004,2018,9633
01004,2020,9307
01004,2022,8768
01004,2024,8513
05370,2018,16805
05370,2020,15564
05370,2022,15945
05370,2024,17139
06431,2018,14547
06431,2020,14189
06431,2022,14954
06431,2024,15063
05513,2018,52570
05513,2020,52284
05513,2022,52881
05513,2024,52631
03360,2018,5686
03360,2020,5150
03360,2022,5831
03360,2024,5344
05120,2018,11487
05120,2020,10948
05120,2022,11252
05120,2024,11385
09463,2018,2623
09463,2020,2625
09463,2022,3043
09463,2024,3253
05762,2018,6443
05762,2020,6102
05762,2022,7081
05762,2024,7277
09561,2018,2709
09561,2020,2439
09561,2022,2597
09561,2024,2494
08222,2018,28681
08222,2020,29434
08222,2022,30338
08222,2024,29549
01053,2018,12631
01053,2020,12148
01053,2022,12889
01053,2024,12946
08421,2018,5832
08421,2020,5914
08421,2022,6425
08421,2024,6212
09188,2018,2616
09188,2020,2657
09188,2022,3360
09188,2024,3168
08231,2018,11904
08231,2020,11534
08231,2022,11868
08231,2024,12418
08119,2018,18732
08119,2020,19107
08119,2022,20485
08119,2024,21511
05978,2018,37560
05978,2020,34664
05978,2022,34087
05978,2024,33712
03151,2018,8845
03151,2020,8337
03151,2022,9190
03151,2024,8616
05170,2018,35013
05170,2020,33208
05170,2022,33850
05170,2024,34319
05117,2018,21582
05117,2020,20401
05117,2022,20417
05117,2024,19937
08111,2018,40799
08111,2020,40097
08111,2022,40750
08111,2024,41335
05566,2018,23156
05566,2020,20606
05566,2022,22208
05566,2024,24165
03454,2018,14240
03454,2020,12687
03454,2022,13334
03454,2024,13397
09175,2018,2156
09175,2020,2238
09175,2022,3194
09175,2024,3030
09273,2018,2447
09273,2020,2129
09273,2022,2580
09273,2024,2863
09371,2018,2253
09371,2020,2035
09371,2022,2555
09371,2024,2861
03405,2018,11809
03405,2020,11068
03405,2022,10934
03405,2024,10549
01062,2018,11235
01062,2020,11070
01062,2022,11584
01062,2024,12394
05316,2018,17732
05316,2020,17256
05316,2022,16860
05316,2024,16671
09571,2018,2680
09571,2020,2355
09571,2022,3129
09571,2024,2928
05512,2018,12289
05512,2020,11801
05512,2022,10912
05512,2024,11221
08128,2018,4249
08128,2020,4148
08128,2022,4401
08128,2024,4688
03356,2018,4834
03356,2020,4517
03356,2022,4978
03356,2024,4616
08226,2018,23633
08226,2020,23362
08226,2022,24786
08226,2024,25771
01057,2018,7258
01057,2020,6815
01057,2022,6664
01057,2024,7032
01003,2018,26201
01003,2020,24435
01003,2022,22841
01003,2024,22030
03103,2018,8448
03103,2020,8520
03103,2022,10151
03103,2024,10205
05958,2018,13034
05958,2020,12425
05958,2022,13147
05958,2024,13300
09780,2018,2541
09780,2020,2592
09780,2022,2676
09780,2024,2920
09362,2018,6855
09362,2020,6947
09362,2022,7615
09362,2024,7905
08235,2018,4913
08235,2020,4813
08235,2022,5618
08235,2024,6277
05974,2018,18206
05974,2020,17511
05974,2022,17643
05974,2024,18182
05113,2018,91619
05113,2020,87737
05113,2022,85358
05113,2024,87197
03401,2018,11416
03401,2020,10810
03401,2022,10039
03401,2024,9330
03351,2018,15085
03351,2020,13769
03351,2022,13495
03351,2024,12468
03155,2018,8940
03155,2020,8266
03155,2022,9049
03155,2024,8914
05382,2018,37671
05382,2020,35862
05382,2022,36025
05382,2024,36617
05562,2018,75604
05562,2020,71171
05562,2022,70192
05562,2024,67964
08115,2018,13744
08115,2020,13607
08115,2022,15555
08115,2024,16429
03458,2018,6122
03458,2020,5405
03458,2022,5777
03458,2024,5673
04012,2018,20500
04012,2020,19791
04012,2022,20643
04012,2024,20689
09179,2018,6891
09179,2020,6793
09179,2022,7155
09179,2024,6997
08311,2018,15616
08311,2020,15276
08311,2022,15194
08311,2024,14889
06635,2018,7995
06635,2020,6970
06635,2022,7579
06635,2024,7886
03462,2018,3348
03462,2020,3179
03462,2022,3760
03462,2024,3474
05366,2018,11433
05366,2020,10666
05366,2022,10662
05366,2024,11173
09375,2018,3766
09375,2020,3771
09375,2022,4967
09375,2024,5412
09277,2018,3223
09277,2020,3413
09277,2022,3828
09277,2024,3925
05914,2018,26476
05914,2020,27484
05914,2022,27086
05914,2024,27232
09473,2018,2772
09473,2020,2590
09473,2022,2658
09473,2024,2869
06439,2018,9393
06439,2020,9256
06439,2022,9921
06439,2024,10364
09575,2018,2359
09575,2020,2355
09575,2022,2745
09575,2024,2814
09673,2018,1713
09673,2020,1678
09673,2022,2149
09673,2024,2374
09771,2018,2351
09771,2020,2320
09771,2022,2990
09771,2024,3213
01061,2018,10199
01061,2020,9175
01061,2022,8595
01061,2024,8640
05334,2018,52618
05334,2020,50675
05334,2022,49555
05334,2024,49014
09562,2018,4783
09562,2020,4536
09562,2022,5254
09562,2024,5197
09464,2018,5198
09464,2020,4684
09464,2022,4406
09464,2024,4603
05774,2018,20493
05774,2020,19878
05774,2022,20315
05774,2024,20248
05970,2018,17588
05970,2020,17466
05970,2022,18795
05970,2024,19201
09477,2018,2408
09477,2020,1986
09477,2022,2159
09477,2024,2346
05116,2018,38247
05116,2020,36266
05116,2022,35332
05116,2024,34763
06412,2018,71171
06412,2020,71887
06412,2022,67560
06412,2024,63593
09677,2018,2692
09677,2020,2455
09677,2022,2828
09677,2024,2896
06434,2018,11077
06434,2020,11197
06434,2022,12183
06434,2024,11610
05378,2018,17676
05378,2020,17514
05378,2022,18371
05378,2024,18545
09775,2018,4217
09775,2020,4228
09775,2022,4695
09775,2024,5444
09183,2018,3881
09183,2020,3696
09183,2022,3731
09183,2024,3665
06532,2018,17421
06532,2020,16660
06532,2022,17845
06532,2024,19022
09762,2018,2135
09762,2020,1921
09762,2022,1954
09762,2024,1911
01056,2018,21194
01056,2020,21535
01056,2022,22106
01056,2024,22954
05770,2018,22482
05770,2020,22130
05770,2022,24008
05770,2024,24382
05913,2018,86693
05913,2020,86336
05913,2022,89139
05913,2024,92188
05112,2018,75024
05112,2020,74567
05112,2022,76155
05112,2024,75100
